Time,x,y,z,vx,vy,vz
0.15,-2101912.57166658,2815698.80080554,-240907.720374238,-3509.00877877871,-4668.98934147587,-215.800546360584
0.2,-2102088.01824706,2815465.35125202,-240918.509963426,-3508.98689909995,-4669.16465767613,-215.790451001494
0.25,-2102263.46126246,2815231.89617863,-240929.298934291,-3508.86865989007,-4669.21334395962,-215.776123231768
0.3,-2102438.90129394,2814998.43487176,-240940.087362216,-3508.73625833191,-4669.24371139999,-215.761108978329
0.35,-2102614.33764922,2814764.96822193,-240950.875209163,-3508.60375586875,-4669.27398210243,-215.746123420143
0.4,-2102789.77019326,2814531.49640022,-240961.662464621,-3508.53465068886,-4669.38656287733,-215.734786679581
0.45,-2102965.19921245,2814298.01887096,-240972.449091436,-3508.4768828192,-4669.5188646392,-215.722854289702
0.5,-2103140.6254358,2814064.53479365,-240983.235162356,-3508.40827557736,-4669.63066629212,-215.709345519425
0.55,-2103316.04779605,2813831.0456303,-240994.020609355,-3508.45170715472,-4669.8895132854,-215.704412735606
0.6,-2103491.46680955,2813597.55071109,-241004.805438866,-3508.2535802093,-4669.83689065314,-215.685480011662
0.65,-2103666.88178268,2813364.0508153,-241015.589655767,-3508.24726599544,-4670.03384454661,-215.676832595939
0.7,-2103842.29375122,2813130.54457254,-241026.373282755,-3508.24138595659,-4670.22869021753,-215.669060601528
0.75,-2104017.70197695,2812897.03307343,-241037.156323714,-3508.10885331597,-4670.25900901037,-215.653932213905
0.8,-2104193.10718613,2812663.51529773,-241047.938820469,-3508.10071235613,-4670.45341770506,-215.64601937176
0.85,-2104368.5083089,2812429.9926416,-241058.720708103,-3507.96812908978,-4670.48368392813,-215.630972696429
0.9,-2104543.90590149,2812196.46437961,-241069.50198267,-3507.96179031701,-4670.68054489087,-215.622068100632
0.95,-2104719.30037737,2811962.93004869,-241080.282594973,-3507.82965239416,-4670.70991401069,-215.604916130411
1,-2104894.69136363,2811729.39002301,-241091.062633006,-3507.82119348519,-4670.90456713575,-215.597773817882
1.05,-2105070.0787652,2811495.84451012,-241101.842084459,-3507.67476420436,-4670.9162717371,-215.581051135167
1.1,-2105245.46250213,2811262.29360472,-241112.620942497,-3507.55580387294,-4670.96690115565,-215.565731394527
1.15,-2105420.84297541,2811028.73669224,-241123.399198612,-3507.61080042503,-4671.24351137157,-215.561426094125
1.2,-2105596.21958469,2810795.17456482,-241134.176858189,-3507.55544222479,-4671.37430968218,-215.550837494782
1.25,-2105771.59334241,2810561.60599209,-241144.953983543,-3507.47208534985,-4671.46864519744,-215.538569256681
1.3,-2105946.96304764,2810328.03256108,-241155.730503323,-3507.33944934496,-4671.49901557609,-215.523541722805
1.35,-2106122.32934481,2810094.45328789,-241166.50640753,-3507.3305985429,-4671.69534260005,-215.514563494838
1.4,-2106297.69203555,2809860.86847992,-241177.281681133,-3507.19824829739,-4671.72501799979,-215.498026871317
1.45,-2106473.05154858,2809627.2777001,-241188.056340848,-3507.19223063206,-4671.91950322036,-215.489514899437
1.5,-2106648.4077117,2809393.68114645,-241198.830432544,-3507.05954861536,-4671.94976585023,-215.47450161321
1.55,-2106823.75982864,2809160.07960863,-241209.60392078,-3506.79802605288,-4671.81491515604,-215.45191076578
1.6,-2106999.10888261,2808926.47177167,-241220.3768124,-3506.9178427658,-4672.17637847818,-215.450452776128
1.65,-2107174.45386938,2808692.85906283,-241231.149092552,-3506.78530452823,-4672.20680059598,-215.435179723462
1.7,-2107349.79608293,2808459.23981152,-241241.920840889,-3506.76348190562,-4672.38286547329,-215.426585456818
1.75,-2107525.13420081,2808225.61561743,-241252.691977912,-3506.64416338442,-4672.43065369814,-215.410983193515
1.8,-2107700.46930234,2807991.98516891,-241263.462521199,-3506.7006302842,-4672.7100025218,-215.406213766437
1.85,-2107875.8003735,2807758.34975077,-241274.232394567,-3506.6453799693,-4672.84039508348,-215.394492192631
1.9,-2108051.12841736,2807524.70813882,-241285.001678498,-3506.55956392695,-4672.93405082252,-215.381789474673
1.95,-2108226.45250564,2807291.06141094,-241295.770360221,-3506.44080792687,-4672.98261347449,-215.367566549946
2,-2108401.77337076,2807057.40873414,-241306.538484304,-3506.30800038587,-4673.01286278045,-215.352427654876
2.05,-2108577.09054673,2806823.75059147,-241317.305983069,-3506.2871332797,-4673.19147612887,-215.342925969801
2.1,-2108752.40413115,2806590.08686666,-241328.072893341,-3506.15203969936,-4673.22126853525,-215.327577888574
2.15,-2108927.71437588,2806356.41729378,-241338.839237244,-3506.20890000891,-4673.49835189363,-215.323373051652
2.2,-2109103.02105088,2806122.7422109,-241349.605000667,-3506.01285871651,-4673.44627327975,-215.304467819167
2.25,-2109278.32457085,2805889.06105005,-241360.370196937,-3506.06954026592,-4673.72450960796,-215.297380700944
2.3,-2109453.62399702,2805655.37488179,-241371.134671454,-3505.99754381942,-4673.83644292935,-215.285729371399
2.35,-2109628.92056874,2805421.68228833,-241381.898580209,-3505.92785082361,-4673.94895241363,-215.27423608767
2.4,-2109804.21280083,2805187.98517184,-241392.661866947,-3505.85823771184,-4674.06158251057,-215.262742186796
2.45,-2109979.50212797,2804954.28165399,-241403.424611214,-3505.65990194484,-4674.00900860378,-215.243704743536
2.5,-2110154.78748873,2804720.57293295,-241414.186709671,-3505.58971880141,-4674.12361676411,-215.231276932464
2.55,-2110330.06953774,2804486.85832463,-241424.948238821,-3505.50590877785,-4674.21785713076,-215.219032349662
2.6,-2110505.34827129,2804253.13787243,-241435.709204276,-3505.51338092379,-4674.43096324306,-215.212030857656
2.65,-2110680.62362032,2804019.41160812,-241446.469591319,-3505.39226827322,-4674.47901984057,-215.197479914981
2.7,-2110855.89490415,2803785.68040149,-241457.229359934,-3505.32212892642,-4674.59276875376,-215.185482082148
2.75,-2111031.16317716,2803551.94286107,-241467.988480289,-3505.36465768113,-4674.852039634,-215.179277453009
2.8,-2111206.42764838,2803318.20011162,-241478.746983232,-3505.29512107687,-4674.96397307832,-215.166553049655
2.85,-2111381.68851657,2803084.45178753,-241489.50489675,-3505.09670220255,-4674.91135929779,-215.147451470059
2.9,-2111556.94587534,2802850.69784376,-241500.262234042,-3505.08995614098,-4675.10609440819,-215.139734428718
2.95,-2111732.19989313,2802616.93801571,-241511.018977426,-3504.95658266881,-4675.13853537186,-215.123535049061
3,-2111907.45024937,2802383.17269201,-241521.77511499,-3504.88445231233,-4675.25053533593,-215.111867179483
3.05,-2112082.69713843,2802149.40160214,-241532.530678036,-3504.94076346356,-4675.52756421415,-215.107794395013
3.1,-2112257.94052648,2801915.62489033,-241543.285666891,-3504.80769156804,-4675.55767430481,-215.092525673537
3.15,-2112433.17999888,2801681.8431168,-241554.040043526,-3504.67477930103,-4675.58874867887,-215.075451996792
3.2,-2112608.41652656,2801448.05488354,-241564.793735083,-3504.72855873866,-4675.86544120058,-215.070064996145
3.25,-2112783.64901313,2801214.26164799,-241575.546828132,-3504.65873585722,-4675.97806957225,-215.058510612782
3.3,-2112958.87866652,2800980.46192686,-241586.299376742,-3504.58874627392,-4676.09057614749,-215.047047205993
3.35,-2113134.10423688,2800746.65735196,-241597.051314735,-3504.4683777985,-4676.13876359013,-215.032469817896
3.4,-2113309.32615807,2800512.84721442,-241607.802666831,-3504.32012301319,-4676.15192753607,-215.015797066595
3.45,-2113484.54472198,2800279.03113727,-241618.55340226,-3504.26394426842,-4676.28342648649,-215.004761771282
3.5,-2113659.75985728,2800045.2093493,-241629.30356838,-3504.30606122466,-4676.54219566571,-214.999885027052
3.55,-2113834.97146154,2799811.38192001,-241640.0531595,-3504.17067581448,-4676.57187721551,-214.984405378919
3.6,-2114010.17929684,2799577.54915391,-241650.802144294,-3504.0375368093,-4676.6021260446,-214.969273956082
3.65,-2114185.38393341,2799343.71031365,-241661.550473899,-3503.96751390921,-4676.71577857042,-214.95458184341
3.7,-2114360.58451444,2799109.86654569,-241672.298150265,-3504.02345263673,-4676.99264824712,-214.950506811567
3.75,-2114535.78234085,2798876.01610528,-241683.045296181,-3503.95109961524,-4677.10465362968,-214.938840890828
3.8,-2114710.9759572,2798642.16091064,-241693.791824231,-3503.8810674504,-4677.21725509428,-214.927268281035
3.85,-2114886.16665816,2798408.29930904,-241704.5378139,-3503.8108673571,-4677.32963213688,-214.915753765645
3.9,-2115061.35303044,2798174.4330529,-241715.283132675,-3503.74034007326,-4677.44427919428,-214.903260825166
3.95,-2115236.53666381,2797940.56004302,-241726.027910147,-3503.66787431469,-4677.55621740334,-214.891629488205
4,-2115411.71597058,2797706.68247126,-241736.772058314,-3503.53469440195,-4677.5865729416,-214.876515209358
4.05,-2115586.8923935,2797472.79846995,-241747.515645074,-3503.38783000887,-4677.59748992657,-214.8583568213
4.1,-2115762.06499375,2797238.9092504,-241758.258568037,-3503.34291867763,-4677.74794469394,-214.847184387513
4.15,-2115937.23387293,2797005.01449,-241769.000844264,-3503.39881561943,-4678.02500929306,-214.843075073427
4.2,-2116112.39933001,2796771.11399442,-241779.742549704,-3503.2024027496,-4677.97296615466,-214.824348182967
4.25,-2116287.56124888,2796537.20788958,-241790.483683138,-3503.1042559,-4678.04901360993,-214.811140961519
4.3,-2116462.71994675,2796303.29571631,-241801.224254265,-3503.17171764973,-4678.3435946402,-214.807559471032
4.35,-2116637.87457685,2796069.37851493,-241811.964186049,-3503.10096346071,-4678.45799710725,-214.794974208829
4.4,-2116813.02612375,2795835.45507597,-241822.70354672,-3503.03064259373,-4678.57059629899,-214.783496187463
4.45,-2116988.17370638,2795601.52659485,-241833.442303763,-3502.96033271201,-4678.68297704359,-214.771984009255
4.5,-2117163.31801295,2795367.5920927,-241844.180474811,-3502.76215774617,-4678.62961026348,-214.7509239351
4.55,-2117338.45860483,2795133.65225753,-241854.917977941,-3502.75481242234,-4678.82421364784,-214.74303625449
4.6,-2117513.59560994,2794899.70679372,-241865.654858664,-3502.62110726571,-4678.85659124823,-214.726712169506
4.65,-2117688.72911785,2794665.75559934,-241876.3911513,-3502.61147327442,-4679.05082933928,-214.718770736032
4.7,-2117863.85912169,2794431.79868434,-241887.126869003,-3502.47802082279,-4679.08101282773,-214.703555482697
4.75,-2118038.9858898,2794197.83578471,-241897.862027883,-3502.53369646348,-4679.35800604614,-214.699343715785
4.8,-2118214.10862443,2793963.86791834,-241908.596575517,-3502.46281036394,-4679.4724579567,-214.68673056965
4.85,-2118389.22820359,2793729.89371819,-241919.330520505,-3502.3411575183,-4679.52054373177,-214.672243547389
4.9,-2118564.34380466,2793495.91449275,-241930.063849945,-3502.19369152444,-4679.53249005792,-214.656269871949
4.95,-2118739.45606197,2793261.92943878,-241940.796582325,-3502.13742105561,-4679.66279350357,-214.644714002332
5,-2118914.56456842,2793027.93906828,-241951.528680254,-3502.06482699975,-4679.77460144529,-214.632472736618
5.05,-2119089.6700829,2792793.94222431,-241962.260183618,-3501.98008641181,-4679.87040553905,-214.618230486298
5.1,-2119264.77171347,2792559.94015599,-241972.991065355,-3502.03539494106,-4680.14719004822,-214.614081524811
5.15,-2119439.86964547,2792325.9327001,-241983.721360027,-3501.83904429105,-4680.09533685422,-214.595204458402
5.2,-2119614.96403044,2792091.9195815,-241994.451075014,-3501.82909424764,-4680.289342319,-214.587178691621
5.25,-2119790.05504122,2791857.90057509,-242005.180222254,-3501.82149911318,-4680.48403096126,-214.579312822906
5.3,-2119965.14214189,2791623.87633856,-242015.908728716,-3501.75054847258,-4680.59855676592,-214.566697696662
5.35,-2120140.22605409,2791389.8460323,-242026.636654682,-3501.55438337948,-4680.54611810445,-214.546610986856
5.4,-2120315.3061573,2791155.81039346,-242037.363937265,-3501.54457713601,-4680.73980400125,-214.537796058747
5.45,-2120490.38287523,2790921.76895294,-242048.09061357,-3501.41097318394,-4680.7699779534,-214.52254752565
5.5,-2120665.45591224,2790687.72206576,-242058.816683423,-3501.4029946662,-4680.96675546662,-214.51353427847
5.55,-2120840.52550344,2790453.66927137,-242069.542142656,-3501.39286992189,-4681.16079401985,-214.505544633681
5.6,-2121015.59155004,2790219.61081559,-242080.267022383,-3501.21027321086,-4681.12708331092,-214.487547322838
5.65,-2121190.65349932,2789985.54748127,-242090.99128986,-3501.13971111562,-4681.23963244015,-214.475982313643
5.7,-2121365.71262087,2789751.47758617,-242101.715022278,-3501.19482713263,-4681.51630693174,-214.471619615471
5.75,-2121540.76768551,2789517.40261732,-242112.438127605,-3501.15635724989,-4681.67587359885,-214.460861119822
5.8,-2121715.81932717,2789283.32178647,-242123.160614183,-3500.9114329575,-4681.55914300253,-214.437072957364
5.85,-2121890.86758022,2789049.23518552,-242133.882448573,-3500.90354453648,-4681.7537688037,-214.429246200463
5.9,-2122065.9120216,2788815.14333239,-242144.60367931,-3500.76767147465,-4681.78350880199,-214.413827673537
5.95,-2122240.95288517,2788581.04579477,-242155.324328744,-3500.75975973217,-4681.97805222785,-214.405924951851
6,-2122415.99037132,2788346.9423601,-242166.044383454,-3500.7515398441,-4682.17478607381,-214.396889181183
6.05,-2122591.02427529,2788112.83328897,-242176.763832886,-3500.61782598238,-4682.20513742171,-214.381788272594
6.1,-2122766.05452984,2787878.71869468,-242187.482697272,-3500.35608673689,-4682.07039217657,-214.359069305841
6.15,-2122941.08109889,2787644.59859769,-242198.200972191,-3500.53675226689,-4682.51147791618,-214.362064060143
6.2,-2123116.10438441,2787410.4725485,-242208.918683257,-3500.46589974728,-4682.6239465871,-214.350519824797
6.25,-2123291.12396905,2787176.34094264,-242219.635752321,-3500.32959454014,-4682.65573418852,-214.333936619137
6.3,-2123466.13972426,2786942.20403749,-242230.352141835,-3500.19626542984,-4682.6851107448,-214.316845554634
6.35,-2123641.15221401,2786708.06115983,-242241.067953001,-3500.20213716342,-4682.89781031575,-214.309775687694
6.4,-2123816.16070235,2786473.91326151,-242251.783158177,-3500.18016608832,-4683.0741582095,-214.300956848919
6.45,-2123991.16618721,2786239.75895012,-242262.497804259,-3500.24620127251,-4683.3706215956,-214.296271758776
6.5,-2124166.16768322,2786005.59943425,-242273.211802458,-3500.03567853375,-4683.30053171778,-214.276509791731
6.55,-2124341.16585342,2785771.43399004,-242283.925237146,-3499.8390024592,-4683.24865188808,-214.257795999952
6.6,-2124516.16024127,2785537.26324395,-242294.63807909,-3499.81680644935,-4683.42483282686,-214.249118430163
6.65,-2124691.15072324,2785303.0872598,-242305.350309299,-3499.69472147078,-4683.47282474568,-214.234442754749
6.7,-2124866.13829301,2785068.90477976,-242316.061960969,-3499.74951458881,-4683.75062294728,-214.226917718716
6.75,-2125041.1219438,2784834.71710756,-242326.772908852,-3499.55287179437,-4683.6987598567,-214.208092472517
6.8,-2125216.10227239,2784600.5235193,-242337.483282866,-3499.54238547058,-4683.89275438968,-214.199999896576
6.85,-2125391.07864781,2784366.32470993,-242348.193053467,-3499.53403994678,-4684.08725958741,-214.192121719833
6.9,-2125566.05184394,2784132.11980927,-242358.902265495,-3499.46304090507,-4684.19961478817,-214.180426035347
6.95,-2125741.02102865,2783897.9098303,-242369.610850349,-3499.39158048385,-4684.3140716809,-214.167780736909
7,-2125915.98685008,2783663.6938091,-242380.318832668,-3499.25545765277,-4684.34388857666,-214.152459713512
7.05,-2126090.94896316,2783429.47233751,-242391.026230852,-3499.18431621179,-4684.4562760365,-214.140959180613
7.1,-2126265.90785088,2783195.24482996,-242401.733048987,-3499.06436783389,-4684.50475750981,-214.12647241745
7.15,-2126440.86247639,2782961.01267075,-242412.439167351,-3498.99154204277,-4684.615650996,-214.112449086742
7.2,-2126615.81432427,2782726.77368584,-242423.144710531,-3498.91993124324,-4684.73005292623,-214.099779681662
7.25,-2126790.76199956,2782492.52983869,-242433.84961728,-3498.88364308463,-4684.88804233961,-214.090307122402
7.3,-2126965.70610204,2782258.28039406,-242444.55394459,-3498.76363459508,-4684.93659520796,-214.075934776121
7.35,-2127140.64701905,2782024.0247493,-242455.257711204,-3498.81569037758,-4685.2126591298,-214.07137742465
7.4,-2127315.58406187,2781789.76387477,-242465.960878054,-3498.74451364006,-4685.32505347585,-214.059824652489
7.45,-2127490.5173064,2781555.49757397,-242476.663404968,-3498.67284934547,-4685.43948138264,-214.047126154596
7.5,-2127665.44713368,2781321.22542843,-242487.3653561,-3498.59939149923,-4685.55141276712,-214.035377013333
7.55,-2127840.37349907,2781086.94743868,-242498.066720557,-3498.40284636122,-4685.49926109908,-214.015805032545
7.6,-2128015.29624593,2780852.66396774,-242508.767414977,-3498.45730723195,-4685.77511256641,-214.010033524146
7.65,-2128190.21523962,2780618.37515038,-242519.467507833,-3498.32336260026,-4685.80541507992,-213.994756865862
7.7,-2128365.13045946,2780384.0807379,-242530.16695818,-3498.18658914896,-4685.83710336039,-213.978315226332
7.75,-2128540.0426098,2780149.78004671,-242540.865854096,-3498.24071315812,-4686.11382385759,-213.974109843162
7.8,-2128714.95068235,2779915.47440739,-242551.564140659,-3498.1694534688,-4686.22619191121,-213.962508371328
7.85,-2128889.85579751,2779681.16231888,-242562.261885091,-3498.10968825279,-4686.35618385006,-213.951531469045
7.9,-2129064.75636332,2779446.84578044,-242572.958975926,-3498.02405852954,-4686.45235614624,-213.937995541252
7.95,-2129239.65381476,2779212.5229354,-242583.655468491,-3497.96658124227,-4686.58291958294,-213.927172880375
8,-2129414.54781016,2778978.19432962,-242594.351368269,-3497.75630138758,-4686.51198091519,-213.905511972891
8.05,-2129589.43811998,2778743.8602139,-242605.046593745,-3497.80797283407,-4686.78785411348,-213.900922950048
8.1,-2129764.32480565,2778509.5205339,-242615.741237577,-3497.65994580064,-4686.79982869506,-213.884858400049
8.15,-2129939.20750832,2778275.1757322,-242626.435255755,-3497.53936778479,-4686.85048007848,-213.869387384724
8.2,-2130114.08725897,2778040.82438235,-242637.128697125,-3497.59104919413,-4687.12641037315,-213.864762921556
8.25,-2130288.96282389,2777806.46812332,-242647.821521314,-3497.51957786783,-4687.23882499094,-213.853298333455
8.3,-2130463.83549805,2777572.10536415,-242658.513803128,-3497.44813502278,-4687.35121547454,-213.841606145197
8.35,-2130638.70402363,2777337.73773262,-242669.205472296,-3497.24983826415,-4687.29896929728,-213.822634861637
8.4,-2130813.56907429,2777103.36421773,-242679.896549701,-3497.30256969938,-4687.57747510991,-213.817001858978
8.45,-2130988.43008041,2776868.98561089,-242690.586946016,-3497.16874092141,-4687.60668865554,-213.79977799416
8.5,-2131163.28820343,2776634.60054326,-242701.276730259,-3497.0345086537,-4687.63695045366,-213.784536908198
8.55,-2131338.14241765,2776400.21024001,-242711.965913268,-3497.08604885866,-4687.91293815333,-213.78002331465
8.6,-2131512.99295414,2776165.81437678,-242722.654505895,-3497.0283980229,-4688.04351135159,-213.769100900288
8.65,-2131687.83985088,2775931.41290189,-242733.342484727,-3496.83122405046,-4687.99378977102,-213.749128496147
8.7,-2131862.68327684,2775697.00559407,-242744.029864657,-3496.88253198178,-4688.2697403334,-213.744718055769
8.75,-2132037.52288065,2775462.59287805,-242754.716647645,-3496.78303110025,-4688.34550715143,-213.731433052585
8.8,-2132212.35890152,2775228.17455948,-242765.402849529,-3496.60013255554,-4688.31201951966,-213.713368214783
8.85,-2132387.19170193,2774993.75016752,-242776.088448315,-3496.6542077601,-4688.58744286573,-213.706857325866
8.9,-2132562.02012938,2774759.3211079,-242786.773330486,-3496.57989955334,-4688.70130833451,-213.693914278101
8.95,-2132736.84577944,2774524.88527005,-242797.457646277,-3496.4942266899,-4688.79539184754,-213.681628065965
9,-2132911.66720064,2774290.44466115,-242808.1413459,-3496.43649599149,-4688.92600651385,-213.670799622047
9.05,-2133086.48539896,2774055.99794244,-242818.824484666,-3496.23735005149,-4688.87361967855,-213.651601461091
9.1,-2133261.29970065,2773821.54591275,-242829.507021115,-3496.22820291019,-4689.06800605589,-213.643689479113
9.15,-2133436.11040584,2773587.08822665,-242840.18895433,-3496.21863033428,-4689.26443711485,-213.634577701741
9.2,-2133610.91752948,2773352.62483736,-242850.870273778,-3496.1469102422,-4689.37677401876,-213.622961282548
9.25,-2133785.72094527,2773118.15588536,-242861.550999069,-3495.94774410895,-4689.3244001371,-213.603792591661
9.3,-2133960.52099841,2772883.68105865,-242872.231091449,-3495.93895638562,-4689.51775014027,-213.593677836082
9.35,-2134135.31722473,2772649.2009525,-242882.910550243,-3495.9436872926,-4689.73040789617,-213.586551256181
9.4,-2134310.11012376,2772414.71481953,-242893.589418915,-3495.85524488511,-4689.82586559812,-213.572828565563
9.45,-2134484.89903568,2772180.22340797,-242904.267648459,-3495.67220642988,-4689.79234217583,-213.55473231246
9.5,-2134659.68472529,2771945.72590763,-242914.945317472,-3495.7116217399,-4690.05056547919,-213.54956285059
9.55,-2134834.46631319,2771711.22344344,-242925.622376942,-3495.6398034898,-4690.16290082094,-213.537880789532
9.6,-2135009.24454566,2771476.71494612,-242936.298864209,-3495.42658516421,-4690.0923364502,-213.517981203917
9.65,-2135184.01892856,2771242.20115779,-242946.97472904,-3495.49337721282,-4690.38896718309,-213.513321411493
9.7,-2135358.78997735,2771007.68132021,-242957.649945091,-3495.29683361889,-4690.33624372004,-213.49231421938
9.75,-2135533.55701281,2770773.15637313,-242968.324509324,-3495.22259270269,-4690.44791572577,-213.480459168516
9.8,-2135708.32093492,2770538.62514196,-242978.998516628,-3495.27580596156,-4690.72438086594,-213.476061067264
9.85,-2135883.0809098,2770304.08875833,-242989.671913374,-3495.20392934443,-4690.8367214724,-213.464324478508
9.9,-2136057.83729892,2770069.54670033,-243000.344724332,-3495.12962142973,-4690.94843530459,-213.452578561949
9.95,-2136232.58979881,2769834.99923974,-243011.016889794,-3495.05730707514,-4691.06279861246,-213.439820369655
10,-2136407.33902875,2769600.44569087,-243021.688485809,-3494.86026195822,-4691.01101456187,-213.420962013211
10.05,-2136582.08449636,2769365.88675742,-243032.359487206,-3494.78828005888,-4691.12327697869,-213.409237059507
10.1,-2136756.82636073,2769131.32211263,-243043.029893332,-3494.85301154902,-4691.41744301251,-213.405436809312
10.15,-2136931.5645057,2768896.75205103,-243053.699631314,-3494.65604163077,-4691.36581904152,-213.38387336654
10.2,-2137106.2988579,2768662.17649847,-243064.368705595,-3494.58386400863,-4691.47898732338,-213.371829304244
10.25,-2137281.02968697,2768427.5951319,-243075.03719649,-3494.48170648024,-4691.55415935792,-213.358262008711
10.3,-2137455.75722884,2768193.00771517,-243085.705122838,-3494.54860307058,-4691.84876058297,-213.354605447113
10.35,-2137630.48111645,2767958.41475414,-243096.372463502,-3494.47639732569,-4691.96097660597,-213.343052159905
10.4,-2137805.2007038,2767723.81705387,-243107.039180227,-3494.40203984224,-4692.07273492539,-213.331211838359
10.45,-2137979.91714854,2767489.21297183,-243117.705302962,-3494.19067450042,-4692.00477634241,-213.310371910916
10.5,-2138154.62984981,2767254.6034039,-243128.370816345,-3494.13241546486,-4692.13532609605,-213.299549523812
10.55,-2138329.33917056,2767019.98795322,-243139.035706394,-3494.05934865198,-4692.24627193235,-213.285698151424
10.6,-2138504.04451134,2766785.36730827,-243149.699936604,-3494.04875822134,-4692.44027683483,-213.277569209892
10.65,-2138678.74596597,2766550.74142504,-243160.363564951,-3493.91414422692,-4692.47050863583,-213.262187596293
10.7,-2138853.44445275,2766316.10903669,-243171.026636598,-3493.90405608102,-4692.66689029307,-213.252994780297
10.75,-2139028.13906068,2766081.47119421,-243181.689063769,-3493.8920682595,-4692.86062139181,-213.244768820512
10.8,-2139202.82990992,2765846.82791925,-243192.350897521,-3493.81978632133,-4692.97275885076,-213.233062709376
10.85,-2139377.51732071,2765612.17878877,-243203.012158739,-3493.76149573866,-4693.10341679384,-213.222208847372
10.9,-2139552.20060858,2765377.52466457,-243213.672793337,-3493.68690769491,-4693.21504377146,-213.210393923592
10.95,-2139726.88035218,2765142.8647863,-243224.332845346,-3493.55257013978,-4693.24469143479,-213.193651961528
11,-2139901.55695243,2764908.19861653,-243234.992208028,-3493.52847698758,-4693.42231517831,-213.182923471304
11.05,-2140076.22934952,2764673.52756573,-243245.650937695,-3493.45398542233,-4693.53409387641,-213.171129481191
11.1,-2140250.89840453,2764438.85047006,-243256.309095986,-3493.24287884875,-4693.46413528923,-213.151443190965
11.15,-2140425.56341231,2764204.16832487,-243266.96664495,-3493.24685613453,-4693.67652682308,-213.144089942213
11.2,-2140600.22494291,2763969.48036479,-243277.623618034,-3493.10995428459,-4693.7063413656,-213.128558256029
11.25,-2140774.88319393,2763734.78615286,-243288.279985118,-3493.16200104606,-4693.98466753984,-213.123018509022
11.3,-2140949.53741813,2763500.08682895,-243298.935727337,-3492.95091730983,-4693.91472938209,-213.103394092421
11.35,-2141124.18840058,2763265.38139792,-243309.590900011,-3493.01737297668,-4694.20871045827,-213.098888704814
11.4,-2141298.83498283,2763030.6713336,-243320.245384007,-3492.94294491191,-4694.31968934477,-213.08569159345
11.45,-2141473.47879379,2762795.95454088,-243330.899289456,-3492.87056242362,-4694.43209114451,-213.074051916274
11.5,-2141648.11833702,2762561.23295643,-243341.552554828,-3492.79768171293,-4694.54628066008,-213.061272121092
11.55,-2141822.75446066,2762326.50531341,-243352.205211805,-3492.5981942497,-4694.49405910668,-213.042137613643
11.6,-2141997.38660556,2762091.77249063,-243362.857260454,-3492.53960002555,-4694.62455052117,-213.031378747203
11.65,-2142172.01559206,2761857.03344824,-243373.508753863,-3492.4671654509,-4694.73676215065,-213.01963113423
11.7,-2142346.64041459,2761622.28940866,-243384.159626104,-3492.3924013746,-4694.84842968323,-213.007573356886
11.75,-2142521.26217561,2761387.53899011,-243394.809934431,-3492.29214204175,-4694.92419656647,-212.99433208827
11.8,-2142695.87986857,2761152.78351275,-243405.45954613,-3492.29586237904,-4695.13766468752,-212.983980651793
11.85,-2142870.49377397,2760918.02252526,-243416.108501468,-3492.15869353942,-4695.16741778027,-212.968503039209
11.9,-2143045.10425122,2760683.25562934,-243426.756880017,-3492.2108787979,-4695.44346178468,-212.963851829698
11.95,-2143219.71092828,2760448.48335494,-243437.404661341,-3491.99976567486,-4695.3736021355,-212.944149334985
12,-2143394.31429806,2760213.70499397,-243448.051875997,-3492.06346047889,-4695.66737200285,-212.940278725191
12.05,-2143568.91348193,2759978.92168025,-243458.698469848,-3491.99094155453,-4695.77965863384,-212.928532631188
12.1,-2143743.50938099,2759744.13218287,-243469.344450829,-3491.79319028984,-4695.72999838064,-212.908601673427
12.15,-2143918.10132462,2759509.33749182,-243479.989810831,-3491.8293193787,-4695.98661778007,-212.901745293139
12.2,-2144092.6898219,2759274.53685911,-243490.634543282,-3491.64615136937,-4695.95283706448,-212.88270877874
12.25,-2144267.27437766,2759039.73107144,-243501.27862685,-3491.57341081141,-4696.06496855789,-212.871090249307
12.3,-2144441.85577236,2758804.91901782,-243511.922151851,-3491.62319805188,-4696.34070275474,-212.86644617573
12.35,-2144616.43298392,2758570.1019184,-243522.565029177,-3491.50164070354,-4696.39118975024,-212.850836520029
12.4,-2144791.00695657,2758335.27862264,-243533.20732085,-3491.36656012322,-4696.42130788039,-212.835478386988
12.45,-2144965.57681677,2758100.45033184,-243543.848997361,-3491.29165812321,-4696.53308702562,-212.823574637634
12.5,-2145140.14312841,2757865.61620766,-243554.490088856,-3491.20501940742,-4696.62698170457,-212.811064841276
12.55,-2145314.70597615,2757630.77624779,-243565.130594816,-3491.19477973093,-4696.82081722608,-212.802124010172
12.6,-2145489.26508912,2757395.93084899,-243575.770454087,-3491.04619030289,-4696.83215202701,-212.78466613668
12.65,-2145663.82052289,2757161.07980272,-243586.409663336,-3491.10913117617,-4697.12793539738,-212.779671619149
12.7,-2145838.37196315,2756926.22347758,-243597.048231043,-3491.03639574944,-4697.24019529088,-212.767951275535
12.75,-2146012.9200743,2756691.36114338,-243607.686225679,-3490.89975754488,-4697.2700063619,-212.752567910589
12.8,-2146187.46447628,2756456.49317146,-243618.323628727,-3490.87455372023,-4697.44571037446,-212.743538812722
12.85,-2146362.00523906,2756221.61958035,-243628.960446702,-3490.69099837139,-4697.41228247637,-212.725409611559
12.9,-2146536.54194491,2755986.74093156,-243639.596654392,-3490.49365186994,-4697.3606503663,-212.706458643741
12.95,-2146711.07543874,2755751.85596193,-243650.232248274,-3490.60509537638,-4697.71978687552,-212.703487039994
13,-2146885.6048651,2755516.96586682,-243660.867171574,-3490.47016035293,-4697.74926503407,-212.686849202856
13.05,-2147060.13106059,2755282.06966018,-243671.501478723,-3490.52046036036,-4698.02502303959,-212.68207174013
13.1,-2147234.65317973,2755047.16830272,-243682.135172396,-3490.33599635766,-4697.99133349864,-212.663928003023
13.15,-2147409.17182031,2754812.26111576,-243692.768287937,-3490.38757109978,-4698.26737604956,-212.659416933731
13.2,-2147583.6864549,2754577.34877735,-243703.400798397,-3490.30079844102,-4698.36131404369,-212.646862574166
13.25,-2147758.19756754,2754342.43053693,-243714.032706587,-3490.22509771596,-4698.47495844614,-212.633867826997
13.3,-2147932.70533609,2754107.50617528,-243724.664009676,-3490.08994472035,-4698.50523467642,-212.618437453877
13.35,-2148107.20922671,2753872.57650828,-243735.294700281,-3489.9533004557,-4698.53510363231,-212.603008016732
13.4,-2148281.70902275,2753637.64173555,-243745.924741506,-3489.94212183031,-4698.7279960468,-212.592731882004
13.45,-2148456.20526835,2753402.70125812,-243756.554141164,-3489.79308110713,-4698.74000902439,-212.576580234069
13.5,-2148630.69833164,2753167.75455434,-243767.182978235,-3489.8560267237,-4699.03363223974,-212.572605946936
13.55,-2148805.18725133,2752932.80273571,-243777.811188393,-3489.65815247986,-4698.98401313036,-212.552583704815
13.6,-2148979.67289458,2752697.84472391,-243788.43878928,-3489.70958661424,-4699.26006010722,-212.547977950927
13.65,-2149154.15410499,2752462.88212241,-243799.06575756,-3489.62121464875,-4699.35356642628,-212.53524073171
13.7,-2149328.63217028,2752227.91313556,-243809.692163021,-3489.43670427627,-4699.3200523867,-212.517178229171
13.75,-2149503.10650752,2751992.93862648,-243820.317976958,-3489.48788909442,-4699.59582832277,-212.512614551875
13.8,-2149677.57724907,2751757.95846456,-243830.943141161,-3489.30250656736,-4699.56094975469,-212.492148889739
13.85,-2149852.04387464,2751522.97320551,-243841.567644559,-3489.2289894686,-4699.6751587333,-212.479212950836
13.9,-2150026.50680665,2751287.98228938,-243852.191505917,-3489.15577346879,-4699.78726820341,-212.467629138355
13.95,-2150200.96651114,2751052.98514347,-243862.814805113,-3489.08034986904,-4699.89887863412,-212.455634873525
14,-2150375.42266762,2750817.98216737,-243873.437520859,-3488.99330093039,-4699.99271496063,-212.443056952587
14.05,-2150549.87468617,2750582.97421554,-243884.059620885,-3488.98237444701,-4700.18685415671,-212.434891073398
14.1,-2150724.32288681,2750347.96080132,-243894.681118435,-3488.8311316077,-4700.19766094584,-212.417262464947
14.15,-2150898.76762623,2750112.94151068,-243905.301978762,-3488.89616804632,-4700.4913852699,-212.412783255953
14.2,-2151073.20840767,2749877.91700299,-243915.922197188,-3488.82256639775,-4700.60552007217,-212.399792569377
14.25,-2151247.64596172,2749642.88612767,-243926.541786953,-3488.68485896346,-4700.63514237754,-212.38420734435
14.3,-2151422.07956617,2749407.84999576,-243937.160772522,-3488.53568084584,-4700.64719142447,-212.367946148484
14.35,-2151596.5094411,2749172.8083372,-243947.779165658,-3488.47473065213,-4700.77717084764,-212.356998256276
14.4,-2151770.93543304,2748937.76124929,-243958.396955681,-3488.52483340724,-4701.05287963495,-212.35234718246
14.45,-2151945.35795218,2748702.7082908,-243969.014169056,-3488.38939059011,-4701.08316639926,-212.337019888735
14.5,-2152119.77669954,2748467.64985218,-243979.630782791,-3488.30023657135,-4701.17576838465,-212.322884241907
14.55,-2152294.191833,2748232.58563229,-243990.246688442,-3488.30252978108,-4701.39011682248,-212.314265069878
14.6,-2152468.60300559,2747997.51614122,-244000.861953107,-3488.180959199,-4701.43812237547,-212.299055721563
14.65,-2152643.0106425,2747762.44082586,-244011.47663345,-3488.29173753604,-4701.79541891557,-212.297870380415
14.7,-2152817.41453212,2747527.35993507,-244022.090720718,-3488.03204485976,-4701.66192295565,-212.275267120478
14.75,-2152991.8146057,2747292.27363185,-244032.704208606,-3488.00687535128,-4701.83760134,-212.266240868635
14.8,-2153166.21122101,2747057.18135683,-244043.317118612,-3487.80693790111,-4701.78538397431,-212.247117385215
14.85,-2153340.60405859,2746822.08357794,-244053.929430064,-3487.85773910539,-4702.06128688822,-212.242501052747
14.9,-2153514.99301114,2746586.98048047,-244064.54109078,-3487.72196764136,-4702.09316094972,-212.225214710706
14.95,-2153689.37830097,2746351.87157695,-244075.152091255,-3487.63271059979,-4702.18590999325,-212.211208187675
15,-2153863.76005472,2746116.75689277,-244085.762470758,-3487.63511775955,-4702.39802473482,-212.203759271935
15.05,-2154038.13777456,2745881.63706062,-244096.372239507,-3487.55936810256,-4702.50959448708,-212.191806825023
15.1,-2154212.5123892,2745646.51077759,-244106.981448031,-3487.4858035382,-4702.62174230066,-212.180093548005
15.15,-2154386.88242747,2745411.38008136,-244117.590014898,-3487.39846525597,-4702.71550951003,-212.167448220071
15.2,-2154561.24957516,2745176.24265063,-244128.198026319,-3487.33647378827,-4702.84525983194,-212.156234123405
15.25,-2154735.61239983,2744941.10044062,-244138.805416642,-3487.26292173784,-4702.95737228922,-212.144502392859
15.3,-2154909.9714293,2744705.95275031,-244149.41216604,-3487.07764012858,-4702.92461540278,-212.12299098275
15.35,-2155084.32735991,2744470.7985443,-244160.018244364,-3487.06526458663,-4703.11837292957,-212.114778916994
15.4,-2155258.67912387,2744235.63937635,-244170.623705272,-3487.0536455201,-4703.31227705211,-212.106537481367
15.45,-2155433.0274327,2744000.47426901,-244181.228588354,-3486.85366554316,-4703.26010474643,-212.087410112461
15.5,-2155607.37157026,2743765.30411174,-244191.832849527,-3486.76632019493,-4703.35395079369,-212.074605874571
15.55,-2155781.71259231,2743530.12761296,-244202.436553754,-3486.81670951994,-4703.62969596536,-212.07011131908
15.6,-2155956.04945166,2743294.94608151,-244213.03963818,-3486.6166504887,-4703.57750511277,-212.051006833322
15.65,-2156130.38277001,2743059.75871058,-244223.642118508,-3486.66758923102,-4703.85239319534,-212.044332033581
15.7,-2156304.71211203,2742824.56612099,-244234.243901474,-3486.59113273876,-4703.96576710878,-212.03112541621
15.75,-2156479.0380103,2742589.36742277,-244244.845058618,-3486.39345333298,-4703.91422403792,-212.012151956154
15.8,-2156653.3601443,2742354.16323717,-244255.445617846,-3486.42997639498,-4704.17169456913,-212.006598549172
15.85,-2156827.67859765,2742118.95337334,-244266.045587443,-3486.2436681265,-4704.13782926429,-211.988500250819
15.9,-2157001.99291041,2741883.73844852,-244276.644937949,-3486.23203218678,-4704.331803485,-211.980188580284
15.95,-2157176.30366399,2741648.51774291,-244287.243707713,-3486.09481430287,-4704.36157514517,-211.964543108808
16,-2157350.6110205,2741413.29092732,-244297.841899021,-3486.13042639777,-4704.61888105151,-211.958997055108
16.05,-2157524.9143478,2741178.05902195,-244308.439395145,-3485.94685383006,-4704.5844862378,-211.938909842483
16.1,-2157699.21449112,2740942.82083332,-244319.036308641,-3485.8845726787,-4704.71417954402,-211.927671062974
16.15,-2157873.50998232,2740707.57815754,-244329.632544664,-3485.8104138135,-4704.82834507774,-211.914612282783
16.2,-2158047.80216579,2740472.32930099,-244340.228185748,-3485.72128144113,-4704.92170118056,-211.901893699178
16.25,-2158222.09061836,2740237.07477931,-244350.823231486,-3485.77061305423,-4705.19727211892,-211.89712310864
16.3,-2158396.37577526,2740001.81412326,-244361.417709676,-3485.69656887496,-4705.30920182331,-211.885470126461
16.35,-2158570.65652285,2739766.54875029,-244372.011542334,-3485.62070900613,-4705.42038359287,-211.872547471867
16.4,-2158744.93369867,2739531.2776195,-244382.604724285,-3485.42306720597,-4705.368089268,-211.852416489629
16.45,-2158919.20728756,2739296.00075649,-244393.197294848,-3485.45935590284,-4705.6256090329,-211.846888972251
16.5,-2159093.47714729,2739060.71821744,-244403.789268903,-3485.27305922,-4705.59168132894,-211.82849048884
16.55,-2159267.74313284,2738825.43031808,-244414.380637937,-3485.2610322604,-4705.78554151957,-211.820286779743
16.6,-2159442.00552812,2738590.13655899,-244424.97142052,-3485.24670640226,-4705.97882311313,-211.811911592792
16.65,-2159616.26372168,2738354.83777999,-244435.561555319,-3485.22049791791,-4706.15637419767,-211.801641267373
16.7,-2159790.51836088,2738119.533133,-244446.151075607,-3485.09632142259,-4706.20355170293,-211.785558243944
16.75,-2159964.76966646,2737884.22237288,-244456.739923349,-3484.96068394047,-4706.23356594114,-211.769386110404
16.8,-2160139.01691682,2737648.90649264,-244467.328155875,-3484.96222119558,-4706.44540950471,-211.761888301024
16.85,-2160313.26052485,2737413.58480522,-244477.915799294,-3484.74832703051,-4706.3751596675,-211.741992344638
16.9,-2160487.50017815,2737178.2578505,-244488.502834562,-3484.81195135949,-4706.66900345369,-211.738003042392
16.95,-2160661.73636563,2736942.92491186,-244499.089290396,-3484.61170935687,-4706.6167933546,-211.718869660258
17,-2160835.96852982,2736707.58673145,-244509.675136881,-3484.58588040079,-4706.79251655025,-211.709770939246
17.05,-2161010.19723242,2736472.24261173,-244520.260390951,-3484.57137122996,-4706.98574956014,-211.701357856419
17.1,-2161184.42196754,2736236.89321939,-244530.844951125,-3484.49773508578,-4707.09664570548,-211.687377075467
17.15,-2161358.64262222,2736001.53873462,-244541.428887919,-3484.42358087215,-4707.20860452176,-211.675529722226
17.2,-2161532.86016213,2735766.17774109,-244552.012268166,-3484.28527768843,-4707.23818678089,-211.659895808043
17.25,-2161707.07379035,2735530.81138206,-244562.595024413,-3484.14889763895,-4707.27071656118,-211.643456313013
17.3,-2161881.28342271,2735295.43962271,-244573.177132822,-3484.12045887466,-4707.44552588892,-211.634178707787
17.35,-2162055.48926008,2735060.06234155,-244583.758641692,-3483.99825323537,-4707.49409447513,-211.619547910356
17.4,-2162229.69168044,2734824.67905729,-244594.339552795,-3483.98405367378,-4707.68612557464,-211.609002733693
17.45,-2162403.89002159,2734589.29063546,-244604.919767785,-3483.84805956669,-4707.71647687001,-211.593558717845
17.5,-2162578.08504423,2734353.8960838,-244615.49941151,-3483.88233329914,-4707.97346210118,-211.58801900935
17.55,-2162752.27591626,2734118.49641011,-244626.078431967,-3483.69723127321,-4707.93987191482,-211.569781872948
17.6,-2162926.46341628,2733883.09066081,-244636.656882005,-3483.75823892852,-4708.23303903998,-211.565672262374
17.65,-2163100.64653396,2733647.68009363,-244647.234696939,-3483.56023126869,-4708.18153594643,-211.546662950725
17.7,-2163274.82650029,2733412.26318403,-244657.811950613,-3483.59611854839,-4708.43813018593,-211.539863173894
17.75,-2163449.00235722,2733176.84114516,-244668.388526786,-3483.51971681269,-4708.54917296523,-211.527091114661
17.8,-2163623.17431692,2732941.41375945,-244678.964453329,-3483.44532319246,-4708.6610855249,-211.51524738409
17.85,-2163797.34291933,2732705.98022635,-244689.539809787,-3483.36884921644,-4708.77247170216,-211.502994075804
17.9,-2163971.50748236,2732470.54147755,-244700.114550417,-3483.17078960044,-4708.72093556141,-211.484085756097
17.95,-2164145.66828704,2732235.09710726,-244710.688695534,-3483.09405979518,-4708.8323534323,-211.472206414859
18,-2164319.82512825,2731999.64740012,-244721.262234205,-3483.01981336605,-4708.9444105016,-211.460304474359
18.05,-2164493.97873254,2731764.19134481,-244731.835170414,-3483.06630400572,-4709.22126908069,-211.454200401047
18.1,-2164668.1281921,2731528.73020487,-244742.407369008,-3482.86874396191,-4709.16870999383,-211.433132920067
18.15,-2164842.27404407,2731293.26330996,-244752.978973334,-3482.90186585384,-4709.42532965149,-211.42737271323
18.2,-2165016.41576313,2731057.79123705,-244763.549960618,-3482.8412010347,-4709.55543814948,-211.416248234646
18.25,-2165190.55414142,2730822.31305856,-244774.120373336,-3482.6409042542,-4709.50347836764,-211.397117460384
18.3,-2165364.68860998,2730586.82941389,-244784.690181388,-3482.70381346828,-4709.79710390287,-211.393175087546
18.35,-2165538.81939838,2730351.34011576,-244795.259397432,-3482.49203089291,-4709.72742003193,-211.373320280805
18.4,-2165712.94605008,2730115.8456789,-244805.827979781,-3482.42943702614,-4709.85590062079,-211.360075543842
18.45,-2165887.06937468,2729880.34516149,-244816.395899589,-3482.33967369177,-4709.94933975805,-211.347411714803
18.5,-2166061.18860472,2729644.83941548,-244826.963203691,-3482.32618473833,-4710.1428052827,-211.338917140349
18.55,-2166235.30417872,2729409.3279818,-244837.529914696,-3482.06490353521,-4710.00916808427,-211.31619391975
18.6,-2166409.41609956,2729173.81073224,-244848.096036822,-3482.17484079211,-4710.36615927071,-211.314942527444
18.65,-2166583.52373619,2728938.28861583,-244858.661532262,-3482.03845223973,-4710.39633225835,-211.299495651211
18.7,-2166757.62823648,2728702.76002746,-244869.22646628,-3482.0850187879,-4710.67109382304,-211.294691781981
18.75,-2166931.72846859,2728467.22659887,-244879.790679603,-3482.01093560025,-4710.78213049048,-211.280682482043
18.8,-2167105.82551288,2728231.68676047,-244890.354317065,-3481.9203082422,-4710.87516966509,-211.267704847368
18.85,-2167279.91814396,2727996.14220023,-244900.917321976,-3481.85795708246,-4711.00493811876,-211.256622300764
18.9,-2167454.00711833,2727760.59183992,-244911.479734274,-3481.65906465141,-4710.95330084754,-211.237559922195
18.95,-2167628.09248749,2727525.03569663,-244922.041561456,-3481.70779442891,-4711.22861016708,-211.232789540247
19,-2167802.17401948,2727289.47402033,-244932.602773657,-3481.55539404713,-4711.24008951773,-211.216351869418
19.05,-2167976.25157315,2727053.90708022,-244943.163323303,-3481.44684519592,-4711.30551995136,-211.200409912479
19.1,-2168150.32579005,2726818.33393857,-244953.723270131,-3481.49343701576,-4711.58049933729,-211.195532283165
19.15,-2168324.39557556,2726582.75610166,-244964.282572153,-3481.35465960631,-4711.6100378475,-211.179858137069
19.2,-2168498.46206636,2726347.17196363,-244974.84130473,-3481.4512579345,-4711.948861348,-211.17786856127
19.25,-2168672.5247201,2726111.58235369,-244985.399433685,-3481.25083869635,-4711.89669574745,-211.158659055904
19.3,-2168846.58321026,2725875.98760091,-244995.956941083,-3481.17635027688,-4712.00801763512,-211.145473871458
19.35,-2169020.63831308,2725640.38679863,-245006.513823977,-3480.97607944324,-4711.9555496873,-211.125568861718
19.4,-2169194.68933826,2725404.7808025,-245017.07004835,-3481.02465985986,-4712.23089918814,-211.120713967915
19.45,-2169368.73678846,2725169.16893459,-245027.625674561,-3480.82422034708,-4712.17883354904,-211.101560765275
19.5,-2169542.78010951,2724933.5519125,-245038.180686706,-3480.74946471597,-4712.29076350109,-211.089625393019
19.55,-2169716.82017042,2724697.92860087,-245048.735125569,-3480.79565558335,-4712.56543701591,-211.084609035462
19.6,-2169890.85590487,2724462.30041088,-245059.288936151,-3480.7208528966,-4712.67737261135,-211.072612773366
19.65,-2170064.88822659,2724226.66611195,-245069.84214546,-3480.62991539656,-4712.77051467934,-211.059927527212
19.7,-2170238.91651483,2723991.02663618,-245080.394670072,-3480.44590233065,-4712.73619006138,-211.039630668457
19.75,-2170412.94105191,2723755.38146967,-245090.946589439,-3480.36878543771,-4712.84751434996,-211.027506515119
19.8,-2170586.96180734,2723519.73073417,-245101.497909109,-3480.30533602061,-4712.97706089078,-211.016202862397
19.85,-2170760.97876418,2723284.07435722,-245112.048631951,-3480.33995268218,-4713.23406880456,-211.01064738604
19.9,-2170934.99196843,2723048.41237462,-245122.59875553,-3480.21469995706,-4713.28184896051,-210.995926085333
19.95,-2171109.00120685,2722812.74500157,-245133.14824994,-3480.20185783423,-4713.47431133205,-210.985362855941
20,-2171283.00685145,2722577.07185109,-245143.697072868,-3479.98766518594,-4713.40415775125,-210.965439435931
20.05,-2171457.00835759,2722341.39354993,-245154.245277168,-3479.91269164177,-4713.5161065569,-210.953561734347
20.1,-2171631.00651379,2722105.70905283,-245164.792906181,-3479.95858965769,-4713.79054740498,-210.94854286636
20.15,-2171805.00033384,2721870.01969207,-245175.339904441,-3479.75896530637,-4713.73891696709,-210.929526432503
20.2,-2171978.99086143,2721634.32400236,-245185.886326152,-3479.80627579124,-4714.01385644613,-210.924596857787
20.25,-2172152.97712385,2721398.62339616,-245196.432108669,-3479.72939699012,-4714.12397632796,-210.910373449311
20.3,-2172326.95970165,2721162.91705262,-245206.977226332,-3479.65430419187,-4714.23589418662,-210.898540885023
20.35,-2172500.93875564,2720927.20477472,-245217.521750332,-3479.576897012,-4714.34701929682,-210.886386600411
20.4,-2172674.91372248,2720691.4872887,-245228.065655115,-3479.37872596823,-4714.29584707709,-210.867487127647
20.45,-2172848.88485331,2720455.76423102,-245238.60896077,-3479.36287187162,-4714.48871712325,-210.858999053035
20.5,-2173022.85203938,2720220.03576001,-245249.151658812,-3479.21047728744,-4714.49951432872,-210.841249658271
20.55,-2173196.81598126,2719984.30092807,-245259.693776718,-3479.16282135614,-4714.64768664266,-210.830769312595
20.6,-2173370.77552172,2719748.56139111,-245270.235169945,-3479.08547608459,-4714.75861714231,-210.81806797144
20.65,-2173544.73136573,2719512.81609258,-245280.775968562,-3479.07193885286,-4714.9521359703,-210.809616433295
20.7,-2173718.68334599,2719277.06525258,-245291.316160407,-3479.04234643489,-4715.12678449406,-210.800164911629
20.75,-2173892.63200319,2719041.30819407,-245301.855783787,-3478.96486198095,-4715.23801223848,-210.788102124953
20.8,-2174066.57619401,2718805.54637816,-245312.39475713,-3478.89011725713,-4715.34888404066,-210.774125873133
20.85,-2174240.51723957,2718569.77815872,-245322.933075167,-3478.81255908851,-4715.46007203204,-210.762114876733
20.9,-2174414.45361466,2718334.00551036,-245333.470743568,-3478.73735568297,-4715.57201886797,-210.750182671
20.95,-2174588.38663107,2718098.22661757,-245344.007842291,-3478.53670366296,-4715.51992286446,-210.730993054595
21,-2174762.31584715,2717862.44213869,-245354.544337772,-3478.58224172086,-4715.7945063013,-210.725997904954
21.05,-2174936.24126146,2717626.65202399,-245365.080233689,-3478.38400927764,-4715.74316008636,-210.706937186625
21.1,-2175110.1625114,2717390.85681781,-245375.615466136,-3478.306477397,-4715.85389696599,-210.694133371597
21.15,-2175284.07987865,2717155.05614019,-245386.150040406,-3478.22920099419,-4715.96448521218,-210.680727417727
21.2,-2175457.99396198,2716919.24920279,-245396.684067377,-3478.27729804299,-4716.23751785266,-210.677102621259
21.25,-2175631.90403226,2716683.43701588,-245407.217511473,-3478.32267194951,-4716.5120200921,-210.67201047108
21.3,-2175805.81015227,2716447.6194057,-245417.75034625,-3478.07647698396,-4716.39716894884,-210.650281970275
21.35,-2175979.71232756,2716211.79634514,-245428.282551565,-3478.04702887942,-4716.57074369698,-210.638983750819
21.4,-2176153.61071803,2715975.96771964,-245438.814073794,-3477.86007205838,-4716.53694159367,-210.620585474943
21.45,-2176327.50542985,2715740.13330754,-245449.345008043,-3477.90770786256,-4716.81200024425,-210.615607978715
21.5,-2176501.39629232,2715504.29330367,-245459.875339438,-3477.69327123099,-4716.7418023739,-210.595720702303
21.55,-2176675.28303777,2715268.44814145,-245470.405033051,-3477.61650734116,-4716.85030245872,-210.58153653361
21.6,-2176849.16600262,2715032.59734822,-245480.934072847,-3477.54146632516,-4716.96034410021,-210.568229630192
21.65,-2177023.04525193,2714796.7408483,-245491.462425544,-3477.58447731103,-4717.23421187376,-210.562955845579
21.7,-2177196.92069506,2714560.87877395,-245501.990173173,-3477.62709677728,-4717.51170479594,-210.559652856355
21.75,-2177370.79206491,2714325.01143104,-245512.51704794,-3477.429197763,-4717.45614509348,-210.533372884308
21.8,-2177544.65974979,2714089.13827134,-245523.043375705,-3477.22907774709,-4717.40557850615,-210.516227857275
21.85,-2177718.52347538,2713853.2596665,-245533.568967234,-3477.15283028708,-4717.51695934446,-210.499366737574
21.9,-2177892.3828294,2713617.37613172,-245544.093779716,-3477.07351382985,-4717.62550483933,-210.485017934306
21.95,-2178066.23906951,2713381.48602505,-245554.618037275,-3477.11736125598,-4717.9030128625,-210.48406534364
22,-2178240.09136411,2713145.59060962,-245565.141461035,-3477.02747458918,-4717.99169885826,-210.463277969606
22.05,-2178413.93968991,2712909.68974677,-245575.664283495,-3476.85637496539,-4717.97676821881,-210.445834551022
22.1,-2178587.78388779,2712673.78373169,-245586.186485317,-3476.77841399138,-4718.08794946748,-210.433892779276
22.15,-2178761.62450278,2712437.87181727,-245596.708047322,-3476.81254705718,-4718.34373089792,-210.426072438552
22.2,-2178935.46126963,2712201.95439655,-245607.228949666,-3476.65950341511,-4718.35506521442,-210.409561903379
22.25,-2179109.2940016,2711966.03163846,-245617.749256703,-3476.53605900628,-4718.40343060114,-210.394886697816
22.3,-2179283.12313431,2711730.10292621,-245628.268969311,-3476.51936918646,-4718.59701306173,-210.387570873989
22.35,-2179456.94835893,2711494.16874113,-245638.788057865,-3476.38028746895,-4718.62591264642,-210.370563822188
22.4,-2179630.76953489,2711258.22925741,-245649.30652355,-3476.42515404523,-4718.90020789144,-210.365546374911
22.45,-2179804.58692826,2711022.28419968,-245659.824406395,-3476.35007855851,-4719.00923223642,-210.353522427056
22.5,-2179978.40056976,2710786.33349069,-245670.341635112,-3476.21075543794,-4719.03843775247,-210.337208876843
22.55,-2180152.2101686,2710550.37748439,-245680.858238718,-3476.07160229821,-4719.0677551383,-210.32075225459
22.6,-2180326.01632467,2710314.41534148,-245691.374248939,-3476.1174308236,-4719.34155301863,-210.314452310089
22.65,-2180499.81797137,2710078.44850394,-245701.889570928,-3475.91775038492,-4719.29052497633,-210.296578296511
22.7,-2180673.61641287,2709842.47530587,-245712.404356443,-3475.96320341792,-4719.56221835992,-210.291422290227
22.75,-2180847.41049228,2709606.49727242,-245722.918514799,-3475.88513138208,-4719.6734317175,-210.279377988228
22.8,-2181021.20101312,2709370.5132471,-245733.432076538,-3475.70026400125,-4719.64017802753,-210.261102127989
22.85,-2181194.98759812,2709134.52373905,-245743.945027041,-3475.73124234993,-4719.89631982084,-210.255190090935
22.9,-2181368.77014157,2708898.52885981,-245754.457361247,-3475.54424540571,-4719.8616837894,-210.235518703338
22.95,-2181542.54880247,2708662.52853789,-245764.969111666,-3475.5144807528,-4720.03395898577,-210.22655372708
23,-2181716.32373943,2708426.52256379,-245775.480202529,-3475.25230854186,-4719.90057488053,-210.203887207833
23.05,-2181890.09500506,2708190.51071933,-245785.990703084,-3475.36048134306,-4720.25688690989,-210.202416814474
23.1,-2182063.86241175,2707954.49328409,-245796.500597672,-3475.22094953758,-4720.28653952757,-210.186736481681
23.15,-2182237.62541159,2707718.47106627,-245807.00988827,-3475.20456084885,-4720.47726612721,-210.179296592069
23.2,-2182411.38465675,2707482.44316764,-245817.518568321,-3475.06500022201,-4720.50682535285,-210.163729379247
23.25,-2182585.14051288,2707246.40910937,-245828.026629333,-3475.11074526028,-4720.78023612003,-210.156602328656
23.3,-2182758.89188392,2707010.37026803,-245838.534031102,-3475.03245639893,-4720.89130668844,-210.144438085968
23.35,-2182932.64007329,2706774.32501836,-245849.040918833,-3474.95612053117,-4721.00083055742,-210.133526433626
23.4,-2183106.38352899,2706538.27537682,-245859.547135236,-3474.87826002218,-4721.11088203806,-210.119348766638
23.45,-2183280.12368878,2706302.21945399,-245870.052697093,-3474.67734029858,-4721.05896374019,-210.100217035809
23.5,-2183453.85983567,2706066.1581397,-245880.55766131,-3474.72210950516,-4721.33115258736,-210.096230694105
23.55,-2183627.59221556,2705830.09121336,-245891.062071203,-3474.53560966699,-4721.29757762876,-210.077957907877
23.6,-2183801.32033239,2705594.01919113,-245901.565850285,-3474.45737688002,-4721.40870791541,-210.065709799809
23.65,-2183975.04450899,2705357.94165151,-245912.06901969,-3474.36686308611,-4721.50208190836,-210.052850448986
23.7,-2184148.76536789,2705121.85798064,-245922.571585965,-3474.39792330886,-4721.75564722487,-210.047457707967
23.75,-2184322.48179043,2704885.76945221,-245933.073510954,-3474.33352909374,-4721.88424970027,-210.034815508532
23.8,-2184496.19498993,2704649.6744805,-245943.574861315,-3474.25514874358,-4721.99537644049,-210.022544870998
23.85,-2184669.90366082,2704413.57487088,-245954.075604413,-3474.17719310148,-4722.10450688872,-210.011554860545
23.9,-2184843.60858678,2704177.46954511,-245964.575767563,-3473.97648233024,-4722.05185688591,-209.991141557746
23.95,-2185017.30955014,2703941.35878742,-245975.075218129,-3473.95940681576,-4722.24405077839,-209.981792997489
24,-2185191.00689897,2703705.24214617,-245985.574106989,-3473.94262823518,-4722.43470994629,-209.974416395519
24.05,-2185364.70009403,2703469.12032231,-245996.072404978,-3473.74404366986,-4722.38339520292,-209.9551504342
24.1,-2185538.3897928,2703232.9924117,-246006.570111898,-3473.78827304579,-4722.65670853352,-209.948766392843
24.15,-2185712.07506562,2702996.85970998,-246017.067195217,-3473.64912257235,-4722.68386703073,-209.933444580564
24.2,-2185885.75679937,2702760.72106279,-246027.563637872,-3473.6318620269,-4722.87660649258,-209.924946107367
24.25,-2186059.43440445,2702524.57714634,-246038.059462521,-3473.43112082068,-4722.82341759913,-209.906447434603
24.3,-2186233.10813862,2702288.42771107,-246048.554739385,-3473.36644391976,-4722.95190599129,-209.895451315184
24.35,-2186406.77810078,2702052.2725267,-246059.049412774,-3473.33549106548,-4723.12631543309,-209.885912774507
24.4,-2186580.44375905,2701816.1124217,-246069.543434045,-3473.33257331135,-4723.33391199767,-209.877234110898
24.45,-2186754.10622425,2701579.94589162,-246080.036865655,-3473.24034860356,-4723.42683719811,-209.864296210834
24.5,-2186927.76410813,2701343.77465803,-246090.529654144,-3473.16179128658,-4723.53797068325,-209.852062115873
24.55,-2187101.41836146,2701107.59759063,-246101.02189502,-3473.00877816382,-4723.54749061354,-209.83675505681
24.6,-2187275.06864001,2700871.41508859,-246111.513503149,-3472.94424125126,-4723.67554057578,-209.823261812722
24.65,-2187448.71497568,2700635.22717472,-246122.004458615,-3472.92725761698,-4723.86622466252,-209.815834572585
24.7,-2187622.35736649,2700399.03377851,-246132.494833224,-3472.72610380035,-4723.81431873524,-209.796744194694
24.75,-2187795.99619719,2700162.83433433,-246142.984625821,-3472.77026503599,-4724.08626577301,-209.792688602677
24.8,-2187969.63059944,2699926.63012465,-246153.473802439,-3472.63085242648,-4724.11480745878,-209.774907773435
24.85,-2188143.26137961,2699690.42001945,-246163.962311703,-3472.4909434173,-4724.14439373079,-209.759218828822
24.9,-2188316.88803704,2699454.20472277,-246174.450248721,-3472.5350081003,-4724.4163850173,-209.755271309648
24.95,-2188490.51102739,2699217.98353321,-246184.93760236,-3472.33393198141,-4724.36456578696,-209.736054142632
25,-2188664.12985354,2698981.75720089,-246195.424380307,-3472.3167589895,-4724.55494150001,-209.728498508807
25.05,-2188837.74468992,2698745.52542406,-246205.910525074,-3472.1908709098,-4724.60161511024,-209.711522857392
25.1,-2189011.35606978,2698509.28756373,-246216.39604488,-3472.23480720853,-4724.87363839603,-209.707622437129
25.15,-2189184.96289504,2698273.04503908,-246226.880946756,-3472.02005609513,-4724.80357130087,-209.687650402243
25.2,-2189358.5663533,2698036.79623648,-246237.365301654,-3472.05042251477,-4725.0573743214,-209.682719587613
25.25,-2189532.16550402,2697800.54242017,-246247.849053614,-3471.86322763303,-4725.02301499768,-209.663066880876
25.3,-2189705.76117215,2697564.28261,-246258.332163999,-3471.90721289404,-4725.29447773648,-209.658294314878
25.35,-2189879.35236098,2697328.01800013,-246268.814643499,-3471.82836300922,-4725.40554531245,-209.646050274553
25.4,-2190052.93975859,2697091.74770881,-246279.296557278,-3471.62625261061,-4725.35134246177,-209.627911035187
25.45,-2190226.52331996,2696855.47175775,-246289.77787872,-3471.66871982702,-4725.62501868146,-209.622660065972
25.5,-2190400.10304346,2696619.19026923,-246300.25856127,-3471.46849757087,-4725.57010612773,-209.602561027519
25.55,-2190573.67878116,2696382.90331574,-246310.738631531,-3471.51200335444,-4725.84264468225,-209.598076042054
25.6,-2190747.25062767,2696146.61084622,-246321.218150325,-3471.31112819402,-4725.79020343607,-209.579275869003
25.65,-2190920.81806005,2695910.31347006,-246331.697042528,-3471.29367790859,-4725.98063461601,-209.571770074153
25.7,-2191094.38173235,2695674.01040406,-246342.175327045,-3471.15409148216,-4726.00911861862,-209.554001444369
25.75,-2191267.94173678,2695437.70149676,-246352.653002258,-3471.13525776521,-4726.19920498336,-209.546288646364
25.8,-2191441.49784616,2695201.38699364,-246363.130093984,-3471.25225858365,-4726.57244147773,-209.545322333778
25.85,-2191615.04990638,2694965.06716906,-246373.606613523,-3471.03782715976,-4726.50047267943,-209.52665973817
25.9,-2191788.59747557,2694728.74259161,-246384.082472834,-3470.97333875901,-4726.62657705547,-209.514253918304
25.95,-2191962.14163817,2694492.41186109,-246394.557737527,-3470.75851025104,-4726.55653752224,-209.49430505507
26,-2192135.68182017,2694256.07563702,-246405.032410782,-3470.80203795882,-4726.82836139836,-209.490118405827
26.05,-2192309.21791079,2694019.73409721,-246415.506500882,-3470.70789524298,-4726.92091320885,-209.477206835387
26.1,-2192482.75016129,2693783.38698351,-246425.979990488,-3470.58112795408,-4726.9659733371,-209.462561651846
26.15,-2192656.27799966,2693547.03497774,-246436.452812196,-3470.44165497826,-4726.99281311988,-209.446751930337
26.2,-2192829.80240803,2693310.67680915,-246446.925089496,-3470.42357986458,-4727.18521077779,-209.438023589419
26.25,-2193003.32306141,2693074.3128789,-246457.396802301,-3470.40589438341,-4727.37558045089,-209.430404290767
26.3,-2193176.83933823,2692837.94401689,-246467.867892373,-3470.325417565,-4727.48302199591,-209.417199118379
26.35,-2193350.35147297,2692601.56997755,-246478.338320663,-3470.24620247539,-4727.59393168841,-209.404980259925
26.4,-2193523.85973551,2692365.19034878,-246488.808178398,-3470.10642621517,-4727.62157792999,-209.390505502307
26.45,-2193697.36401031,2692128.80525601,-246499.277462037,-3469.9643939696,-4727.64853310516,-209.375673217405
26.5,-2193870.86497505,2691892.41381903,-246509.74616138,-3469.94655459315,-4727.83974571722,-209.364926191873
26.55,-2194044.36140542,2691656.01776163,-246520.214217163,-3469.94238009471,-4728.04824696457,-209.358246184868
26.6,-2194217.85403119,2691419.61596043,-246530.681702897,-3469.74155667884,-4727.99442112369,-209.34012759953
26.65,-2194391.34209642,2691183.20947507,-246541.148580352,-3469.64694832007,-4728.0847103347,-209.328066183678
26.7,-2194564.82691493,2690946.79658609,-246551.614868772,-3469.67645298655,-4728.33919619261,-209.320048833732
26.75,-2194738.30755011,2690710.3785253,-246562.080530738,-3469.54881380533,-4728.38452707925,-209.306123763051
26.8,-2194911.78426332,2690473.95490715,-246572.545635165,-3469.53002915491,-4728.57470510791,-209.298559461236
26.85,-2195085.25666347,2690237.52627191,-246583.01013803,-3469.45120256367,-4728.68370015118,-209.287414740248
26.9,-2195258.72517806,2690001.09210994,-246593.474002669,-3469.23683857928,-4728.61269149269,-209.265336419649
26.95,-2195432.18993249,2689764.65217534,-246603.937294537,-3469.23012606398,-4728.82052127973,-209.258445092266
27,-2195605.65051048,2689528.20704612,-246614.400007229,-3469.21217824089,-4729.01078113106,-209.250812874312
27.05,-2195779.10721517,2689291.75628589,-246624.862131554,-3469.06998739613,-4729.0378276107,-209.236159369872
27.1,-2195952.55970197,2689055.3004083,-246635.323611991,-3468.93058709844,-4729.06439087937,-209.2194988662
27.15,-2196126.00842772,2688818.8388166,-246645.784523791,-3468.97187176839,-4729.33637651176,-209.214903896078
27.2,-2196299.45299246,2688582.37197154,-246656.244869029,-3468.76987633296,-4729.28371437574,-209.196090056851
27.25,-2196472.89394895,2688345.89917198,-246666.704621877,-3468.81324050794,-4729.55427986144,-209.189986519746
27.3,-2196646.33037899,2688109.42166035,-246677.163715899,-3468.74539443496,-4729.6806848209,-209.179618857278
27.35,-2196819.76315569,2687872.93825406,-246687.622265784,-3468.52954188142,-4729.60849523033,-209.160600582349
27.4,-2196993.19168366,2687636.44970089,-246698.080237197,-3468.51062031217,-4729.79850118382,-209.152827624501
27.45,-2197166.61641603,2687399.95548079,-246708.537619404,-3468.37098960239,-4729.82496170548,-209.136358835302
27.5,-2197340.0369702,2687163.45605995,-246718.994372113,-3468.35057420897,-4730.01474562565,-209.128718326703
27.55,-2197513.453724,2686926.95092985,-246729.450571718,-3468.31879153632,-4730.18685633121,-209.120376688548
27.6,-2197686.86657953,2686690.44018189,-246739.906202479,-3468.18965629457,-4730.2339345125,-209.105118949305
27.65,-2197860.27505179,2686453.92456731,-246750.361186891,-3468.04812275813,-4730.25852518631,-209.089080447777
27.7,-2198033.67956214,2686217.4034441,-246760.815589643,-3468.02960797352,-4730.45016402657,-209.080788601894
27.75,-2198207.07998248,2685980.8769996,-246771.269419088,-3467.88762482656,-4730.47540555998,-209.066150952647
27.8,-2198380.47675638,2685744.34462622,-246781.722691964,-3467.9302462194,-4730.74750748713,-209.059938000655
27.85,-2198553.86906384,2685507.80746843,-246792.175304159,-3467.848816168,-4730.85584077856,-209.048683356788
27.9,-2198727.25779812,2685271.26429247,-246802.627386714,-3467.76848149967,-4730.96317766179,-209.038245711086
27.95,-2198900.64202538,2685034.71632207,-246813.078884364,-3467.68894856928,-4731.0699505505,-209.025522601489
28,-2199074.02257243,2684798.16253597,-246823.529744404,-3467.48559948638,-4731.01644652553,-209.006924209929
28.05,-2199247.39910916,2684561.60328321,-246833.980052778,-3467.47862672924,-4731.22341975512,-209.000378948898
28.1,-2199420.77155255,2684325.03870421,-246844.429800622,-3467.33879695197,-4731.25025411616,-208.984474809626
28.15,-2199594.13960504,2684088.46926139,-246854.878884051,-3467.30473250759,-4731.42145680305,-208.97517282369
28.2,-2199767.50375303,2683851.89419679,-246865.327413322,-3467.16229584093,-4731.44848166398,-208.960574795501
28.25,-2199940.86426497,2683615.31318846,-246875.775412991,-3467.20320632728,-4731.71952956158,-208.956271343019
28.3,-2200114.22027133,2683378.72741801,-246886.222767962,-3467.12350318062,-4731.82711009772,-208.943115956973
28.35,-2200287.57288671,2683142.13538225,-246896.669560849,-3467.04197065066,-4731.93545067081,-208.931745096036
28.4,-2200460.92056518,2682905.5391632,-246907.115765791,-3466.94722335821,-4732.02366585571,-208.920939515617
28.45,-2200634.26475395,2682668.9367899,-246917.561413473,-3466.75778300605,-4731.98628500018,-208.901658899588
28.5,-2200807.60472775,2682432.32931023,-246928.006449752,-3466.73784224193,-4732.17613493968,-208.893919173745
28.55,-2200980.94084679,2682195.71612852,-246938.450943022,-3466.71697843529,-4732.36573207187,-208.886090201715
28.6,-2201154.2726547,2681959.09789913,-246948.894847141,-3466.51442971588,-4732.3090960527,-208.866608468539
28.65,-2201327.60037243,2681722.47438876,-246959.338138789,-3466.31276679846,-4732.254454307,-208.848902793447
28.7,-2201500.92425839,2681485.84517405,-246969.780889831,-3466.35263831011,-4732.52533352758,-208.844688445922
28.75,-2201674.24428637,2681249.21029644,-246980.22309032,-3466.39314890733,-4732.79381333919,-208.839232771392
28.8,-2201847.559818,2681012.57064427,-246990.664648477,-3466.20346863002,-4732.75678436333,-208.822178549079
28.85,-2202020.87164185,2680775.92511312,-247001.10567934,-3466.24329969842,-4733.02769644461,-208.817843118845
28.9,-2202194.17887963,2680539.27489513,-247011.546132627,-3466.14871525603,-4733.11513720998,-208.805747323581
28.95,-2202367.48205309,2680302.61934912,-247021.985972511,-3466.06560250204,-4733.22282885058,-208.793810260501
29,-2202540.78165432,2680065.95773722,-247032.425297274,-3465.92326598421,-4733.24841667886,-208.779775372621
29.05,-2202714.07693349,2679829.29112954,-247042.86403926,-3465.76770713052,-4733.25543185668,-208.762750766807
29.1,-2202887.36806678,2679592.61926573,-247053.302179682,-3465.6989169214,-4733.38033551882,-208.752871072425
29.15,-2203060.6547125,2679355.9425854,-247063.739766481,-3465.61715509107,-4733.48782586728,-208.742123340767
29.2,-2203233.93795255,2679119.25961484,-247074.176792722,-3465.65754208098,-4733.75633692297,-208.736576616826
29.25,-2203407.21682898,2678882.57169732,-247084.613248481,-3465.5001260685,-4733.76415801706,-208.721388697397
29.3,-2203580.49170183,2678645.87826925,-247095.049170365,-3465.4923375953,-4733.96880638664,-208.714295750767
29.35,-2203753.76213673,2678409.18002291,-247105.4844456,-3465.41086070325,-4734.0753924916,-208.703044486313
29.4,-2203927.02858937,2678172.4762849,-247115.919217247,-3465.20618017238,-4734.02002093131,-208.685191947515
29.45,-2204100.29110119,2677935.76698534,-247126.353464993,-3465.24520916109,-4734.288543313,-208.682100141031
29.5,-2204273.54944727,2677699.05243292,-247136.787108466,-3465.04270554822,-4734.23123143473,-208.663071216509
29.55,-2204446.80361036,2677462.33268474,-247147.220220269,-3464.97264329895,-4734.35464291681,-208.652834831057
29.6,-2204620.05335869,2677225.60802922,-247157.652644312,-3464.89000783863,-4734.46036496832,-208.637707136022
29.65,-2204793.29909625,2676988.87784379,-247168.08446696,-3464.86640157941,-4734.64581319556,-208.628938595415
29.7,-2204966.54106478,2676752.14188224,-247178.515707729,-3464.81797083617,-4734.79948015498,-208.62014835978
29.75,-2205139.77877992,2676515.4008305,-247188.946384747,-3464.62847558154,-4734.76131638087,-208.603953516428
29.8,-2205313.01197273,2676278.65497918,-247199.376505249,-3464.54504164089,-4734.86581990107,-208.591620460328
29.85,-2205486.24126937,2676041.90353146,-247209.806085408,-3464.46113306687,-4734.97147583495,-208.581495469605
29.9,-2205659.46623686,2675805.14700766,-247220.235144036,-3464.48580558461,-4735.22169823275,-208.57754847447
29.95,-2205832.68763628,2675568.38445092,-247230.663681576,-3464.41731036407,-4735.34472746185,-208.566136040989
30,-2206005.90422772,2675331.61748216,-247241.091608247,-3464.33337770707,-4735.45041431842,-208.555935778702
30.05,-2206179.11703103,2675094.84479943,-247251.519010402,-3464.12841372324,-4735.39243492857,-208.536921534543
30.1,-2206352.32559207,2674858.06695098,-247261.945856786,-3464.16719281747,-4735.65885013717,-208.533146774783
30.15,-2206525.52981177,2674621.28415146,-247272.372111296,-3463.96214714123,-4735.60080379385,-208.515749999596
30.2,-2206698.72987249,2674384.49602697,-247282.797870882,-3463.93878114204,-4735.78774436754,-208.509042092893
30.25,-2206871.92566447,2674147.7027872,-247293.223076971,-3463.79451481196,-4735.81106423452,-208.493436672728
30.3,-2207045.11758311,2673910.9038989,-247303.647766261,-3463.78482904982,-4736.01463591188,-208.488199610678
30.35,-2207218.30509303,2673674.10002877,-247314.071937244,-3463.70096829817,-4736.1195947781,-208.478446079358
30.4,-2207391.48863232,2673437.29064788,-247324.495586039,-3463.67791630777,-4736.30523445045,-208.469698749817
30.45,-2207564.66758026,2673200.47658062,-247334.918674188,-3463.59334243049,-4736.40947009592,-208.460172924015
30.5,-2207737.84263976,2672963.65690282,-247345.341236623,-3463.37502909139,-4736.33269203111,-208.44066885151
30.55,-2207911.01330122,2672726.83227712,-247355.763260725,-3463.33862120826,-4736.49955397039,-208.432621160103
30.6,-2208084.18001239,2672490.00216673,-247366.184741313,-3463.32890728333,-4736.70329453429,-208.426393585575
30.65,-2208257.3422005,2672253.16720964,-247376.605701954,-3463.18223917212,-4736.725085232,-208.413721584072
30.7,-2208430.50015259,2672016.32705369,-247387.026188988,-3463.03803704899,-4736.74759413336,-208.399620312682
30.75,-2208603.65431526,2671779.48118307,-247397.446132723,-3463.06042796271,-4736.99591903308,-208.395094576004
30.8,-2208776.80373266,2671542.63079787,-247407.865549643,-3462.98960801853,-4737.11705193269,-208.38432354586
30.85,-2208949.94960129,2671305.77435195,-247418.284449961,-3462.90417745994,-4737.22165668082,-208.374483758791
30.9,-2209123.09036917,2671068.91390059,-247428.702780411,-3462.81988356839,-4737.32392585708,-208.363524053381
30.95,-2209296.22735322,2670832.04764731,-247439.120622953,-3462.67414559192,-4737.34599342669,-208.350823666949
31,-2209469.36017054,2670595.17617045,-247449.537930527,-3462.65042154529,-4737.52943982222,-208.343274861927
31.05,-2209642.48870989,2670358.29952909,-247459.954741573,-3462.4572890618,-4737.48917845815,-208.32762828966
31.1,-2209815.61265117,2670121.41819368,-247470.371031826,-3462.37161974801,-4737.59111105522,-208.316538735736
31.15,-2209988.7328076,2669884.5311158,-247480.786831947,-3462.28690530133,-4737.69450689097,-208.307418448174
31.2,-2210161.84830865,2669647.63940185,-247491.202124608,-3462.24824615173,-4737.85937845416,-208.298863733775
31.25,-2210334.9598082,2669410.74218852,-247501.616906867,-3462.22259465037,-4738.04355469873,-208.293185589853
31.3,-2210508.0669658,2669173.83995669,-247512.031183088,-3462.07703173115,-4738.06446639123,-208.278708096216
31.35,-2210681.16992499,2668936.93249003,-247522.444962361,-3462.05154130504,-4738.24800872448,-208.273414645084
31.4,-2210854.26814138,2668700.02054854,-247532.85820933,-3462.01285988101,-4738.4129790554,-208.264903172464
31.45,-2211027.36219058,2668463.10331168,-247543.270980715,-3461.87955663874,-4738.45284248893,-208.253037833068
31.5,-2211200.45239306,2668226.18038079,-247553.683286408,-3461.73313381805,-4738.4734537798,-208.238413164431
31.55,-2211373.53807772,2667989.25263134,-247564.095080196,-3461.58661657563,-4738.49416818095,-208.226656723989
31.6,-2211546.61929311,2667752.32002295,-247574.506361802,-3461.54798852218,-4738.65834830809,-208.218516132671
31.65,-2211719.69592604,2667515.38271542,-247584.917162954,-3461.41405327874,-4738.69677277449,-208.207400153582
31.7,-2211892.76890425,2667278.43945946,-247595.327480393,-3461.4479102765,-4738.95989580754,-208.203413817888
31.75,-2212065.83716551,2667041.49163098,-247605.737334269,-3461.24114333418,-4738.89859768044,-208.186845494361
31.8,-2212238.90145355,2666804.53828661,-247616.146681652,-3461.2889484049,-4739.17931872542,-208.185908070486
31.85,-2212411.96101982,2666567.58043501,-247626.555541038,-3461.08228239136,-4739.11826554019,-208.168123827747
31.9,-2212585.01614292,2666330.61767681,-247636.963919868,-3460.99387414708,-4739.21930247936,-208.159543113253
31.95,-2212758.06722055,2666093.649454,-247647.371845723,-3460.95367927572,-4739.38314280434,-208.151330164001
32,-2212931.11389336,2665856.67624952,-247657.779296355,-3460.8064060702,-4739.40287704805,-208.139931913331
32.05,-2213104.15634118,2665619.69787904,-247668.186266843,-3460.88655640143,-4739.72742478567,-208.139241291821
32.1,-2213277.19403122,2665382.71497513,-247678.592763393,-3460.75250803671,-4739.7638036517,-208.12650564071
32.15,-2213450.22754847,2665145.72687552,-247688.998792736,-3460.66415962337,-4739.8642092498,-208.118427921294
32.2,-2213623.25676475,2664908.73362251,-247699.404339248,-3460.45538588393,-4739.80119481408,-208.101311562248
32.25,-2213796.28134458,2664671.73569857,-247709.809449659,-3460.41431119648,-4739.96345260723,-208.096698892009
32.3,-2213969.30148378,2664434.73290986,-247720.214086169,-3460.2794260593,-4739.9995583525,-208.083826422227
32.35,-2214142.31768963,2664197.72454713,-247730.618276316,-3460.31256865373,-4740.26037306154,-208.080953265725
32.4,-2214315.3287416,2663960.71222746,-247741.022004689,-3460.22358452274,-4740.35918612357,-208.073480587573
32.45,-2214488.33607712,2663723.69402706,-247751.425308734,-3460.07535933428,-4740.37667867888,-208.060370629081
32.5,-2214661.33857873,2663486.67142118,-247761.828165703,-3460.04666859451,-4740.55536342145,-208.054370186112
32.55,-2214834.33673256,2663249.64377495,-247772.230567879,-3459.97179570194,-4740.67303338521,-208.047377294913
32.6,-2215007.33040095,2663012.61127713,-247782.632506101,-3459.76096681765,-4740.60817143145,-208.03087976857
32.65,-2215180.31976393,2662775.57364242,-247793.034050658,-3459.79297212299,-4740.86912779127,-208.028715414415
32.7,-2215353.30462747,2662538.53121722,-247803.435143022,-3459.56930381956,-4740.78632499103,-208.013232771136
32.75,-2215526.28475149,2662301.48425679,-247813.835785636,-3459.47931773019,-4740.88379128391,-208.003677213961
32.8,-2215699.26091706,2662064.43173063,-247824.236035664,-3459.51180092285,-4741.14227821092,-208.002022607599
32.85,-2215872.23207654,2661827.37503071,-247834.635809262,-3459.42131959068,-4741.24070144253,-207.994337668395
32.9,-2216045.19916719,2661590.31294838,-247845.035217862,-3459.31814867405,-4741.31854596207,-207.984781976138
32.95,-2216218.16129691,2661353.24658355,-247855.434158527,-3459.24165338808,-4741.43336665074,-207.976479435239
33,-2216391.11933386,2661116.17489175,-247865.83270511,-3459.03077677547,-4741.36763539966,-207.963138943713
33.05,-2216564.07250494,2660879.09886755,-247876.230790821,-3458.94043915451,-4741.46545058712,-207.953312660571
33.1,-2216737.02165192,2660642.01736092,-247886.628496663,-3458.95813618416,-4741.70489019224,-207.950803203146
33.15,-2216909.96583404,2660404.9316279,-247897.02577672,-3458.81995459768,-4741.73742749671,-207.939286213783
33.2,-2217082.90580937,2660167.8406857,-247907.42265619,-3458.79001649417,-4741.91484192384,-207.936351840622
33.25,-2217255.84083268,2659930.74544656,-247917.819115524,-3458.69777600067,-4742.01095086321,-207.926966852928
33.3,-2217428.77197476,2659693.64451654,-247928.215205749,-3458.62134242254,-4742.12481653663,-207.918868138158
33.35,-2217601.69800057,2659456.53957839,-247938.610841166,-3458.40818364133,-4742.05853235089,-207.905289515666
33.4,-2217774.61971254,2659219.4295829,-247949.006087575,-3458.43849825474,-4742.31429723465,-207.904638985958
33.45,-2217947.53658382,2658982.31520548,-247959.400958754,-3458.28696403126,-4742.32827312329,-207.892569394733
33.5,-2218120.44894172,2658745.19599507,-247969.795435584,-3458.24185741391,-4742.48531694313,-207.887119430813
33.55,-2218293.35719689,2658508.07141124,-247980.189529552,-3458.15057852719,-4742.58186651609,-207.880117683378
33.6,-2218466.26028745,2658270.94286584,-247990.583190742,-3458.05869234006,-4742.67590412757,-207.871789886404
33.65,-2218639.15890361,2658033.80944294,-248000.976491855,-3457.84605550624,-4742.6076958237,-207.856741377151
33.7,-2218812.05276638,2657796.67150198,-248011.369398916,-3457.75409042567,-4742.70124632117,-207.85056070119
33.75,-2218984.94251835,2657559.52822492,-248021.761954277,-3457.76899521409,-4742.93952062774,-207.849058075432
33.8,-2219157.82725931,2657322.38077054,-248032.154100003,-3457.56850743215,-4742.88827714481,-207.834893737403
33.85,-2219330.70782249,2657085.2280481,-248042.545904259,-3457.59695706747,-4743.14509679465,-207.833110478572
33.9,-2219503.58299239,2656848.07166699,-248052.937291122,-3457.50446888415,-4743.23678267819,-207.825958005123
33.95,-2219676.45402457,2656610.90997539,-248063.328337579,-3457.27670261092,-4743.1506399107,-207.812221711736
34,-2219849.32038697,2656373.74365755,-248073.71902058,-3457.3180367154,-4743.42313039237,-207.812219404226
34.05,-2220022.18201367,2656136.57280425,-248084.109335108,-3457.2380313915,-4743.53393084176,-207.804925997706
34.1,-2220195.03910476,2655899.39714714,-248094.49929051,-3457.02491182625,-4743.46436466609,-207.790308593624
34.15,-2220367.89094933,2655662.21766058,-248104.88883932,-3456.91720109753,-4743.53829561779,-207.783411713604
34.2,-2220540.73925862,2655425.03202768,-248115.278106623,-3456.94442570732,-4743.79231287998,-207.783759778228
34.25,-2220713.58165658,2655187.84345785,-248125.666946306,-3456.7299484481,-4743.72152855106,-207.769304099055
34.3,-2220886.42031403,2654950.64901132,-248136.055480685,-3456.63590580019,-4743.81272550999,-207.761908452429
34.35,-2221059.25360207,2654713.45087291,-248146.443641215,-3456.54201456608,-4743.90419204912,-207.754367079312
34.4,-2221232.08244802,2654476.2478166,-248156.831475814,-3456.55378297286,-4744.13944388611,-207.755457752542
34.45,-2221404.90627487,2654239.04062178,-248167.218942946,-3456.4719765046,-4744.24713513941,-207.749370049398
34.5,-2221577.72600822,2654001.82798803,-248177.606111038,-3456.37789333909,-4744.33832179352,-207.741828599149
34.55,-2221750.54035453,2653764.61171662,-248187.992936545,-3456.28174906811,-4744.42818045844,-207.734409704919
34.6,-2221923.3502854,2653527.39050553,-248198.379407544,-3456.05419764418,-4744.33824585297,-207.719928132326
34.65,-2222096.15522712,2653290.16509189,-248208.765538153,-3456.09121092788,-4744.60918024093,-207.722368467636
34.7,-2222268.95564283,2653052.93486914,-248219.151356943,-3455.8761906829,-4744.53691200967,-207.70848798514
34.75,-2222441.75110101,2652815.70040806,-248229.536848757,-3455.84114366131,-4744.7067479679,-207.705527449828
34.8,-2222614.54161038,2652578.46168699,-248239.922009661,-3455.68499960033,-4744.71425366166,-207.695325805348
34.85,-2222787.32785942,2652341.2178301,-248250.306869583,-3455.72287525641,-4744.98289937832,-207.696213720172
34.9,-2222960.10857064,2652103.9705243,-248260.691382435,-3455.62648081785,-4745.07210156204,-207.690859035062
34.95,-2223132.88514196,2651866.71785311,-248271.075619461,-3455.47011777483,-4745.08017328448,-207.681445446846
35,-2223305.65651489,2651629.46125553,-248281.459518799,-3455.42024396569,-4745.23072081608,-207.67759844953
35.05,-2223478.42327774,2651392.20001566,-248291.843106728,-3455.20230667252,-4745.15672151546,-207.66372807233
35.1,-2223651.18501704,2651154.93458315,-248302.226368183,-3455.16672229028,-4745.32514350174,-207.661203711406
35.15,-2223823.9419086,2650917.66476595,-248312.609345523,-3455.12859403618,-4745.49312419633,-207.658103306417
35.2,-2223996.69405218,2650680.39041783,-248322.992036722,-3454.96992966435,-4745.4999712213,-207.650270750798
35.25,-2224169.44109017,2650443.11209226,-248333.374423165,-3454.80071321841,-4745.48741400045,-207.640282409735
35.3,-2224342.18373799,2650205.82876447,-248343.756517035,-3454.83624597017,-4745.75391039205,-207.641510092044
35.35,-2224514.92094911,2649968.54180662,-248354.138297932,-3454.73833807489,-4745.83988816424,-207.635514707852
35.4,-2224687.65356435,2649731.25016864,-248364.519798854,-3454.58002656456,-4745.8451906759,-207.625728769328
35.45,-2224860.38122458,2649493.95430447,-248374.901022661,-3454.40887156306,-4745.83083834795,-207.616136004461
35.5,-2225033.10394076,2649256.6541842,-248385.281969222,-3454.32429266949,-4745.93472787535,-207.610738452121
35.55,-2225205.8214784,2649019.35012762,-248395.662628672,-3454.23674778895,-4746.03891626515,-207.607288293367
35.6,-2225378.53473711,2648782.04086787,-248406.043031419,-3454.13877075087,-4746.12484909634,-207.601142103166
35.65,-2225551.24218822,2648544.72854668,-248416.423096061,-3454.03881557286,-4746.20789670238,-207.595875227521
35.7,-2225723.94545612,2648307.41098695,-248426.802974955,-3453.927829375,-4746.27365738106,-207.589939406401
35.75,-2225896.6433105,2648070.08976336,-248437.182528291,-3453.88776715517,-4746.43900660868,-207.587286653818
35.8,-2226069.33640696,2647832.76404073,-248447.561830744,-3453.84773287154,-4746.60371873963,-207.58493663997
35.85,-2226242.0243128,2647595.43444924,-248457.940883905,-3453.62754628708,-4746.52554176416,-207.573405602222
35.9,-2226414.70703198,2647358.10094253,-248468.31964481,-3453.52729122849,-4746.60882409346,-207.568568008375
35.95,-2226587.38524413,2647120.7625409,-248478.698178683,-3453.54741402657,-4746.85420151983,-207.570640413543
36,-2226760.05793813,2646883.42066383,-248489.076426699,-3453.44735159976,-4746.93724764958,-207.565109206222
36.05,-2226932.72602096,2646646.0740995,-248499.454478859,-3453.34521414555,-4747.01827928552,-207.560162536254
36.1,-2227105.38893877,2646408.72360848,-248509.832262819,-3453.11204696757,-4746.92098206971,-207.547337588262
36.15,-2227278.0464888,2646171.36942282,-248520.209779122,-3453.02329454485,-4747.02000993308,-207.542963960178
36.2,-2227450.69896513,2645934.01118273,-248530.58707974,-3452.92109591713,-4747.10080101179,-207.540562211512
36.25,-2227623.34684547,2645696.64821505,-248540.964168897,-3452.93916699714,-4747.3443498522,-207.540285227449
36.3,-2227795.98921774,2645459.2817718,-248551.340962923,-3452.70391231022,-4747.24388827518,-207.529083481374
36.35,-2227968.62687465,2645221.91076324,-248561.71757388,-3452.74828732141,-4747.5236623726,-207.532596235948
36.4,-2228141.25876985,2644984.53663752,-248572.093914004,-3452.5851800162,-4747.52135308053,-207.524729598556
36.45,-2228313.88580891,2644747.1581304,-248582.470058715,-3452.54263809383,-4747.68172092916,-207.523525616231
36.5,-2228486.50791877,2644509.77536585,-248592.845994734,-3452.42541123542,-4747.74133778356,-207.518620757274
36.55,-2228659.12477057,2644272.38877869,-248603.221725794,-3452.20209903382,-4747.65810077059,-207.507445060052
36.6,-2228831.73651979,2644034.99816642,-248613.597234952,-3452.15949404674,-4747.81841708016,-207.506015928013
36.65,-2229004.34278072,2643797.60405513,-248623.972532338,-3451.99398792939,-4747.81507345267,-207.498925667747
36.7,-2229176.94388603,2643560.20596887,-248634.347617327,-3451.95017605808,-4747.9735058753,-207.497873195419
36.75,-2229349.54009884,2643322.80359789,-248644.722511922,-3451.77207962943,-4747.95152849712,-207.491425273546
36.8,-2229522.13073405,2643085.39782674,-248655.097198108,-3451.73999939693,-4748.12758024276,-207.49111358586
36.85,-2229694.71607872,2642847.98829376,-248665.471707426,-3451.57553494636,-4748.12330827566,-207.483482182394
36.9,-2229867.29640429,2642610.574621,-248675.846036614,-3451.59045322432,-4748.36010632685,-207.486785174122
36.95,-2230039.87108412,2642373.15765106,-248686.220182532,-3451.47110117277,-4748.41832250709,-207.481602510437
37,-2230212.44114105,2642135.73600256,-248696.59415132,-3451.37881548371,-4748.51068412863,-207.479018904487
37.05,-2230385.00528891,2641898.31142038,-248706.967921119,-3451.27235982542,-4748.58716801059,-207.475395742505
37.1,-2230557.56443397,2641660.88266472,-248717.341521268,-3451.05889763132,-4748.51882359511,-207.466677603637
37.15,-2230730.11783627,2641423.45074301,-248727.714941304,-3450.99863387771,-4748.65408204356,-207.46651940776
37.2,-2230902.66630387,2641186.0145925,-248738.088202373,-3450.95187033649,-4748.80950762359,-207.465959226632
37.25,-2231075.20936864,2640948.57482912,-248748.461282337,-3450.78487543114,-4748.80188595875,-207.459261510539
37.3,-2231247.74687782,2640711.13165382,-248758.834192718,-3450.61835134257,-4748.79482631179,-207.452211924595
37.35,-2231420.27946367,2640473.68420361,-248769.207002498,-3450.63048555605,-4749.02858333468,-207.455846211698
37.4,-2231592.80584733,2640236.23420778,-248779.57959789,-3450.52130892987,-4749.10032919995,-207.452403048506
37.45,-2231765.32772348,2639998.77937776,-248789.952106682,-3450.41328041903,-4749.17285811788,-207.450028253442
37.5,-2231937.84354615,2639761.32185772,-248800.324419815,-3450.30510547372,-4749.24302082697,-207.446604333167
37.55,-2232110.35427819,2639523.86029909,-248810.696605632,-3450.07694277705,-4749.15454519618,-207.43855010021
37.6,-2232282.85936422,2639286.39544019,-248821.068635825,-3450.01429724167,-4749.28900796227,-207.437624152375
37.65,-2232455.35899794,2639048.92708662,-248831.440527854,-3449.97795109709,-4749.45654794546,-207.439659166826
37.7,-2232627.85312003,2638811.45520818,-248841.812291069,-3449.74810274195,-4749.36628697355,-207.429079106781
37.75,-2232800.34214367,2638573.97929693,-248852.183928395,-3449.75827658934,-4749.59596240196,-207.434107457453
37.8,-2232972.82540432,2638336.50028347,-248862.555436977,-3449.58843819327,-4749.5858234272,-207.427313104594
37.85,-2233145.30328185,2638099.01764061,-248872.926813481,-3449.55199642421,-4749.75408154157,-207.4286957791
37.9,-2233317.77521171,2637861.5321165,-248883.298081201,-3449.32040707127,-4749.65955677306,-207.420752670289
37.95,-2233490.24183201,2637624.04281084,-248893.669222479,-3449.21000442986,-4749.7282744556,-207.417141416106
38,-2233662.70321261,2637386.54971568,-248904.040275141,-3449.20484242113,-4749.94053529868,-207.422990615232
38.05,-2233835.15849632,2637149.05395585,-248914.411187322,-3449.09288032135,-4750.00849118129,-207.420277621292
38.1,-2234007.60889338,2636911.55385458,-248924.782047222,-3448.98263783793,-4750.07631117796,-207.417939436085
38.15,-2234180.05282653,2636674.05160689,-248935.152743081,-3448.86958060693,-4750.14179298905,-207.416105490868
38.2,-2234352.49170693,2636436.54526361,-248945.523400284,-3448.63822130351,-4750.04699768542,-207.407162504752
38.25,-2234524.92469638,2636199.03594739,-248955.893933562,-3448.58405780477,-4750.19374377471,-207.408221407226
38.3,-2234697.35235949,2635961.52293343,-248966.264406514,-3448.53217290355,-4750.34122750237,-207.409528897448
38.35,-2234869.77411432,2635724.0069926,-248976.634771485,-3448.29887215354,-4750.24438848079,-207.400828604328
38.4,-2235042.19039241,2635486.48756754,-248987.00505211,-3448.30487400526,-4750.46906163656,-207.406772494786
38.45,-2235214.60059554,2635248.96539159,-248997.375260815,-3448.17755291564,-4750.51619375639,-207.405005299212
38.5,-2235387.005373,2635011.43967993,-249007.745399706,-3448.07743303401,-4750.59777421016,-207.403635566513
38.55,-2235559.40465255,2634773.91047047,-249018.115473572,-3447.96292529043,-4750.66393577767,-207.403410441102
38.6,-2235731.7980089,2634536.37835325,-249028.485488544,-3447.86203337837,-4750.7444610309,-207.403429195556
38.65,-2235904.18550389,2634298.84322918,-249038.855430562,-3447.61364906551,-4750.62697928313,-207.393304648236
38.7,-2236076.56712585,2634061.30514554,-249049.225333937,-3447.51165618264,-4750.70780395828,-207.394398495901
38.75,-2236248.94362034,2633823.76308385,-249059.595228497,-3447.38252819755,-4750.75241211536,-207.392283272819
38.8,-2236421.31373574,2633586.21873727,-249069.965018336,-3447.26819399746,-4750.81472440503,-207.391343596411
38.85,-2236593.67859355,2633348.67059603,-249080.334818569,-3447.27066995335,-4751.0371454801,-207.397331955452
38.9,-2236766.0369717,2633111.12029812,-249090.704540798,-3447.03416718058,-4750.93584516486,-207.39017276406
38.95,-2236938.3901408,2632873.56610775,-249101.074269174,-3447.03725508138,-4751.1577289664,-207.396500778228
39,-2237110.73695312,2632636.0095862,-249111.443963344,-3446.92165864473,-4751.21822768376,-207.396245561978
39.05,-2237283.0786073,2632398.44914697,-249121.813657574,-3446.80373024688,-4751.27899880831,-207.3952916603
39.1,-2237455.41366482,2632160.88667072,-249132.183292092,-3446.67283468954,-4751.31959387087,-207.394687692582
39.15,-2237627.743018,2631923.32104754,-249142.552935424,-3446.44909539686,-4751.23483774523,-207.388849608212
39.2,-2237800.06651372,2631685.7524259,-249152.92260511,-3446.39120682561,-4751.37425696445,-207.3924830362
39.25,-2237972.38430429,2631448.18059991,-249163.292282143,-3446.33099533837,-4751.5129186574,-207.395746496471
39.3,-2238144.69600852,2631210.60606017,-249173.661947102,-3446.15367167139,-4751.49085181488,-207.392506418964
39.35,-2238317.00163944,2630973.02883891,-249184.031600314,-3445.98732844538,-4751.48620103332,-207.389818780212
39.4,-2238489.30151949,2630735.44844458,-249194.401288322,-3445.98709779414,-4751.7036365155,-207.397791792247
39.45,-2238661.59540407,2630497.86526513,-249204.771017477,-3445.98694520781,-4751.92098447572,-207.40563815409
39.5,-2238833.88331774,2630260.27925378,-249215.140790689,-3445.73507362357,-4751.79698481463,-207.397737332672
39.55,-2239006.16492877,2630022.69086813,-249225.510572254,-3445.55449080696,-4751.77155507062,-207.394647721559
39.6,-2239178.44076619,2629785.09935832,-249235.880416285,-3445.37436665186,-4751.74672252377,-207.39233910297
39.65,-2239350.71018704,2629547.50557481,-249246.25031099,-3445.31106566867,-4751.88050972143,-207.397694128298
39.7,-2239522.97392013,2629309.90855902,-249256.620303667,-3445.25041095433,-4752.01567152744,-207.403023605964
39.75,-2239695.23144152,2629072.30903998,-249266.990360871,-3445.06686403677,-4751.9884095382,-207.400986721011
39.8,-2239867.48266327,2628834.70709146,-249277.360506098,-3444.88586487058,-4751.96066658349,-207.399993423021
39.85,-2240039.72819977,2628597.10190056,-249287.73076033,-3444.88168462845,-4752.17335646948,-207.407874323987
39.9,-2240211.96716389,2628359.4947061,-249298.101099811,-3444.87760887355,-4752.38506565357,-207.417040448654
39.95,-2240384.20004529,2628121.88477901,-249308.471570183,-3444.67963229186,-4752.33763075461,-207.415227742186
40,-2240556.42667818,2627884.272426,-249318.842152861,-3444.39042424814,-4752.16515795733,-207.408635253871
40.05,-2240728.64713994,2627646.65746122,-249329.212850068,-3444.26645017505,-4752.21450600192,-207.410832395992
40.1,-2240900.86113744,2627409.04034477,-249339.583642288,-3444.15431025723,-4752.28177894833,-207.414229725525
40.15,-2241073.0695582,2627171.41979824,-249349.954641847,-3444.13313636824,-4752.47369720291,-207.423893631442
40.2,-2241245.27093959,2626933.79786784,-249360.325754599,-3444.00821570458,-4752.52080752917,-207.425968730695
40.25,-2241417.46640621,2626696.17302517,-249370.69703627,-3443.76238726163,-4752.40897108718,-207.422571375729
40.3,-2241589.65539996,2626458.54599635,-249381.068494295,-3443.69682977115,-4752.5372676188,-207.4290018525
40.35,-2241761.83825433,2626220.91632923,-249391.44010053,-3443.62885809347,-4752.66529260098,-207.43572278791
40.4,-2241934.01438311,2625983.2848253,-249401.811921905,-3443.44057401536,-4752.62866587761,-207.438121800188
40.45,-2242106.18412825,2625745.65101031,-249412.183930095,-3443.25391012585,-4752.59409566089,-207.437239390768
40.5,-2242278.34783996,2625508.01444963,-249422.556136283,-3443.18559450288,-4752.7224981639,-207.444843116842
40.55,-2242450.50501557,2625270.37574971,-249432.928554432,-3442.99853653997,-4752.68520311291,-207.44558800188
40.6,-2242622.6559888,2625032.73454112,-249443.301215159,-3442.98775838947,-4752.89151173691,-207.457555373537
40.65,-2242794.79978447,2624795.09210495,-249453.674064189,-3442.85888107247,-4752.93369231327,-207.461935212912
40.7,-2242966.93758386,2624557.44682448,-249464.047188014,-3442.66817324247,-4752.89719011261,-207.464055650742
40.75,-2243139.06866652,2624319.79965979,-249474.420535945,-3442.47963589602,-4752.85962017446,-207.464728770561
40.8,-2243311.19368909,2624082.14975918,-249484.794127917,-3442.45539357901,-4753.04519880533,-207.47606924418
40.85,-2243483.31178619,2623844.49830342,-249495.167976378,-3442.23204640956,-4752.9624762773,-207.476581710486
40.9,-2243655.42356177,2623606.84447319,-249505.542134132,-3442.21941592333,-4753.16300372288,-207.488861513999
40.95,-2243827.52846099,2623369.18896377,-249515.916540339,-3442.02807888345,-4753.12521550889,-207.49188659239
41,-2243999.62697296,2623131.53111443,-249526.291247658,-3441.82263529271,-4753.06730506632,-207.492583326666
41.05,-2244171.71911912,2622893.87092397,-249536.666261135,-3441.81048286946,-4753.26878868799,-207.504737989679
41.1,-2244343.80429144,2622656.20926524,-249547.041557061,-3441.55840897272,-4753.14615224022,-207.503906475306
41.15,-2244515.88259869,2622418.54592108,-249557.41714481,-3441.48348823475,-4753.26527207152,-207.515429721075
41.2,-2244687.95447181,2622180.88034179,-249567.793107446,-3441.17057070615,-4753.06187434461,-207.51115450995
41.25,-2244860.02009137,2621943.21228236,-249578.169395152,-3441.21574887028,-4753.34132020717,-207.527889525564
41.3,-2245032.07849331,2621705.54294793,-249588.54602606,-3441.14142017633,-4753.45879767725,-207.538069655456
41.35,-2245204.13032203,2621467.87159059,-249598.922990584,-3440.94522578911,-4753.41454469335,-207.541260051223
41.4,-2245376.17492177,2621230.19907477,-249609.300325352,-3440.75073451685,-4753.36893164799,-207.546327436758
41.45,-2245548.21332454,2620992.52392454,-249619.678068506,-3440.71914070598,-4753.54703562662,-207.558547495836
41.5,-2245720.24446355,2620754.84770548,-249630.056153057,-3440.59724793216,-4753.60030073142,-207.566921948806
41.55,-2245892.26939947,2620517.16888327,-249640.434674671,-3440.45953580237,-4753.63476211277,-207.577153147442
41.6,-2246064.28681425,2620279.48923425,-249650.81357371,-3440.33616503314,-4753.68476330216,-207.585036140677
41.65,-2246236.29743092,2620041.80786158,-249661.192899764,-3440.06487238562,-4753.53730439597,-207.586208772502
41.7,-2246408.30122596,2619804.12476146,-249671.572658303,-3439.93988464006,-4753.58650934605,-207.595022533122
41.75,-2246580.29816407,2619566.43997164,-249681.952843512,-3439.90627390908,-4753.76117015126,-207.609859745077
41.8,-2246752.28813226,2619328.75361161,-249692.333505988,-3439.70737502137,-4753.71259213578,-207.615976256151
41.85,-2246924.27089896,2619091.06602095,-249702.714604379,-3439.50835992606,-4753.66140944608,-207.62234454415
41.9,-2247096.24685899,2618853.37671821,-249713.096178284,-3439.48610515909,-4753.85084516394,-207.638059886236
41.95,-2247268.21547825,2618615.68635441,-249723.478199178,-3439.34488231244,-4753.87984223176,-207.647771462279
42,-2247440.17768557,2618377.99366873,-249733.860731808,-3439.20364047797,-4753.90880007743,-207.657500868795
42.05,-2247612.13218543,2618140.30044904,-249744.243709799,-3439.06120195009,-4753.93532205981,-207.668240797455
42.1,-2247784.07981623,2617902.60548927,-249754.627236706,-3438.79921483558,-4753.80151581418,-207.671513335588
42.15,-2247956.01993582,2617664.90972806,-249765.011296182,-3438.71472601981,-4753.90728550499,-207.685630742564
42.2,-2248127.9532887,2617427.21215673,-249775.395917124,-3438.63153907578,-4754.01148912632,-207.699573802338
42.25,-2248299.87919481,2617189.51368221,-249785.78104168,-3438.36771058276,-4753.87455735721,-207.703098893253
42.3,-2248471.79827085,2616951.81348868,-249796.166728837,-3438.32859344743,-4754.04283427225,-207.719846260728
42.35,-2248643.70981829,2616714.11248287,-249806.552963357,-3438.14866945825,-4754.01939969853,-207.730137624809
42.4,-2248815.61391729,2616476.41055858,-249816.939774224,-3438.06122457227,-4754.12018703081,-207.744405637827
42.45,-2248987.51063437,2616238.70765476,-249827.327160026,-3437.79567704259,-4753.98016780415,-207.749149972529
42.5,-2249159.40008894,2616001.00361054,-249837.715137286,-3437.63548550236,-4753.98197420868,-207.761294697328
42.55,-2249331.28242495,2615763.29818688,-249848.103728913,-3437.60630782917,-4754.16302713638,-207.780383845305
42.6,-2249503.15688908,2615525.59246325,-249858.492900203,-3437.45612089537,-4754.18036935469,-207.791692598243
42.65,-2249675.02428066,2615287.88532239,-249868.882737064,-3437.30753515208,-4754.19645569663,-207.805055265028
42.7,-2249846.88375589,2615050.17792466,-249879.273194163,-3437.1561364607,-4754.21424381787,-207.817512702809
42.75,-2250018.73603107,2614812.46931729,-249889.664261821,-3436.88928094101,-4754.06955954914,-207.822119782018
42.8,-2250190.58066542,2614574.76009571,-249900.055940841,-3436.79767581041,-4754.16508530907,-207.839303273199
42.85,-2250362.41790379,2614337.04987021,-249910.448261852,-3436.70419887479,-4754.25860324987,-207.855207201519
42.9,-2250534.24706191,2614099.33958943,-249920.841242043,-3436.43284424666,-4754.1110601029,-207.862450482093
42.95,-2250706.06883406,2613861.62832881,-249931.23489912,-3436.27992120408,-4754.12365302815,-207.875830662962
43,-2250877.88318073,2613623.91617228,-249941.629250147,-3436.1861578321,-4754.21713575099,-207.893187550092
43.05,-2251049.68976002,2613386.20351931,-249952.024265372,-3435.97362832046,-4754.14820708854,-207.902479295401
43.1,-2251221.48869963,2613148.49024378,-249962.419972232,-3435.89011210196,-4754.25474281146,-207.92102698963
43.15,-2251393.27936549,2612910.77715225,-249972.816376647,-3435.78141963498,-4754.32689269278,-207.938405144756
43.2,-2251565.06272026,2612673.06302987,-249983.213528475,-3435.5194933231,-4754.19174980813,-207.945870466863
43.25,-2251736.83799868,2612435.3487978,-249993.611352905,-3435.40856010426,-4754.26359990792,-207.96163635755
43.3,-2251908.60571013,2612197.63383287,-250004.009902942,-3435.31140380021,-4754.35012444551,-207.978988378156
43.35,-2252080.36534618,2611959.91893235,-250014.409105804,-3435.03444881049,-4754.19397305596,-207.986975225611
43.4,-2252252.1172872,2611722.20346193,-250024.809081486,-3434.87563301429,-4754.19888778346,-208.002409576986
43.45,-2252423.86086982,2611484.48830255,-250035.20979041,-3434.71745819645,-4754.20178092745,-208.017226396831
43.5,-2252595.59703797,2611246.77224757,-250045.611261627,-3434.67495528832,-4754.36630098362,-208.038164985607
43.55,-2252767.32467508,2611009.05677127,-250056.013444198,-3434.51509597594,-4754.36866231701,-208.053956176763
43.6,-2252939.04487456,2610771.34039988,-250066.416430677,-3434.35290817908,-4754.36747724152,-208.069147309066
43.65,-2253110.756137,2610533.62518027,-250076.82015012,-3434.19046994567,-4754.36645406859,-208.084731893528
43.7,-2253282.45981329,2610295.90926295,-250087.22469091,-3433.90945448929,-4754.20605101846,-208.093792689254
43.75,-2253454.15518763,2610058.19363116,-250097.630005599,-3433.80614538071,-4754.28494469046,-208.113463887948
43.8,-2253625.8425624,2609820.47787499,-250108.036102086,-3433.7022604547,-4754.36351405864,-208.13121002016
43.85,-2253797.52173554,2609582.7622903,-250118.442979845,-3433.43162342078,-4754.21595196117,-208.140982458909
43.9,-2253969.19207876,2609345.0477054,-250128.85064664,-3433.26512062523,-4754.21059454469,-208.157770191737
43.95,-2254140.85471892,2609107.33261479,-250139.259156462,-3433.15932851608,-4754.28505514029,-208.178251119941
44,-2254312.5089347,2608869.61799753,-250149.668467676,-3433.08528933118,-4754.40301404705,-208.199007467095
44.05,-2254484.15507696,2608631.90338607,-250160.078604169,-3432.8717128767,-4754.33355827137,-208.211940586672
44.1,-2254655.79234274,2608394.18984195,-250170.489519375,-3432.70345076634,-4754.32457548141,-208.22915437623
44.15,-2254827.42128827,2608156.47666767,-250180.901306097,-3432.41515040729,-4754.15233600018,-208.240149463552
44.2,-2254999.0417826,2607918.76399534,-250191.313937939,-3432.30577732613,-4754.22124202191,-208.259830255404
44.25,-2255170.65397416,2607681.05164438,-250201.727398761,-3432.19566575082,-4754.29102603444,-208.279289278356
44.3,-2255342.25761371,2607443.33997599,-250212.141713675,-3431.96592854679,-4754.19732817314,-208.293873886001
44.35,-2255513.85249268,2607205.62928907,-250222.556887016,-3431.73362791046,-4754.10142565937,-208.308482902145
44.4,-2255685.43877314,2606967.9192963,-250232.972934532,-3431.62048164987,-4754.16493002999,-208.329218573992
44.45,-2255857.01650059,2606730.21000041,-250243.389863588,-3431.38824951536,-4754.06920955579,-208.342465774364
44.5,-2256028.58587469,2606492.50112154,-250253.807687109,-3431.33261593087,-4754.21239110495,-208.367528735352
44.55,-2256200.14599914,2606254.79386707,-250264.22637672,-3431.15871350777,-4754.19493697551,-208.385792630778
44.6,-2256371.69772379,2606017.08709677,-250274.645966248,-3430.87651637503,-4754.03068179327,-208.396152324648
44.65,-2256543.24034978,2605779.38178275,-250285.066468099,-3430.80611428752,-4754.1510872722,-208.422122730146
44.7,-2256714.77452887,2605541.67700251,-250295.487924312,-3430.58236731907,-4754.06781907158,-208.437550826243
44.75,-2256886.29951633,2605303.97379726,-250305.910274865,-3430.45084480981,-4754.10794353429,-208.457502490097
44.8,-2257057.81587068,2605066.27142318,-250316.333554619,-3430.15578839306,-4753.92289386577,-208.469918975872
44.85,-2257229.32304621,2604828.57062934,-250326.757785693,-3430.02085223137,-4753.95930831922,-208.492247640693
44.9,-2257400.8212213,2604590.87111598,-250337.182980297,-3429.91307742777,-4754.03006776766,-208.51675602194
44.95,-2257572.31049979,2604353.17283258,-250347.609182581,-3429.67307458686,-4753.92222254138,-208.531639330458
45,-2257743.79083729,2604115.47581358,-250358.036359002,-3429.55110967257,-4753.97364572801,-208.55477912938
45.05,-2257915.26171858,2603877.78072612,-250368.464468692,-3429.36874935976,-4753.94416769975,-208.573747951473
45.1,-2258086.72363283,2603640.08696277,-250378.893556277,-3429.18526087749,-4753.91249368948,-208.593874656653
45.15,-2258258.17641426,2603402.39470718,-250389.323709014,-3428.94131637103,-4753.79842790272,-208.612244153984
45.2,-2258429.62000134,2603164.70409987,-250399.754876994,-3428.69859167855,-4753.68472727145,-208.62903748692
45.25,-2258601.05421815,2602927.01535116,-250410.187085892,-3428.57265248611,-4753.73199392466,-208.652801184713
45.3,-2258772.47903844,2602689.32846738,-250420.620326912,-3428.32796278815,-4753.61774201707,-208.671149274999
45.35,-2258943.89501764,2602451.64270941,-250431.054672034,-3428.27087942991,-4753.75914090524,-208.701072214626
45.4,-2259115.30099235,2602213.95966664,-250441.490093781,-3427.96469916511,-4753.55954989872,-208.715841937024
45.45,-2259286.69816725,2601976.27772125,-250451.926616963,-3427.8943393771,-4753.68094853144,-208.743345358235
45.5,-2259458.08550837,2601738.59827173,-250462.364196873,-3427.7384737441,-4753.68659869031,-208.76770957057
45.55,-2259629.46346552,2601500.92072016,-250472.802913137,-3427.38629837593,-4753.42481161946,-208.78183290083
45.6,-2259800.83212715,2601263.24493202,-250483.24279752,-3427.25303597949,-4753.46192635831,-208.807849635715
45.65,-2259972.19087348,2601025.57176695,-250493.683831407,-3427.0023741716,-4753.33610435007,-208.827599284321
45.7,-2260143.54011139,2600787.90067144,-250504.126005665,-3426.86883882995,-4753.3734992065,-208.854513914124
45.75,-2260314.87988215,2600550.23155254,-250514.569399984,-3426.73519288054,-4753.41054217517,-208.882698220181
45.8,-2260486.21002746,2600312.56462986,-250525.013963746,-3426.42374190645,-4753.20345921682,-208.89782177235
45.85,-2260657.53041089,2600074.90012489,-250535.459732702,-3426.34547203312,-4753.31503068454,-208.930313125778
45.9,-2260828.84076562,2599837.23842038,-250545.906735651,-3426.09088519563,-4753.18541748982,-208.951507349368
45.95,-2261000.14127924,2599599.57926127,-250556.355030156,-3425.83604285387,-4753.05632263732,-208.973615486738
46,-2261171.43247048,2599361.92190903,-250566.804571265,-3425.75836974638,-4753.16632762428,-209.005062412606
46.05,-2261342.71329612,2599124.26778606,-250577.255409736,-3425.55905960878,-4753.11449642661,-209.030307708422
46.1,-2261513.9848083,2598886.61542922,-250587.707552026,-3425.35915405126,-4753.06037831029,-209.059426231882
46.15,-2261685.24543791,2598648.96705579,-250598.161008278,-3425.15924063274,-4753.00485615475,-209.084850845187
46.2,-2261856.49646304,2598411.32091363,-250608.615731963,-3424.97727808195,-4752.9650278799,-209.10577819838
46.25,-2262027.73794792,2598173.67707512,-250619.071601932,-3424.65668955422,-4752.73126903174,-209.117735784278
46.3,-2262198.96951664,2597936.03612225,-250629.528683522,-3424.56260883716,-4752.84098053276,-209.155343152376
46.35,-2262370.19102837,2597698.39802696,-250639.986949327,-3424.29630368839,-4752.68648909223,-209.175872406376
46.4,-2262541.40224378,2597460.76337433,-250650.446339947,-3424.0520933418,-4752.55857063859,-209.196409699678
46.45,-2262712.60391206,2597223.13091832,-250660.90710651,-3423.9640353926,-4752.67341913712,-209.233155577705
46.5,-2262883.79529973,2596985.50187724,-250671.368957015,-3423.77554844805,-4752.60203142364,-209.24960790249
46.55,-2263054.9771612,2596747.87509684,-250681.832198504,-3423.56096518435,-4752.5444735563,-209.280065905366
46.6,-2263226.14816567,2596510.25234573,-250692.296660791,-3423.36104741119,-4752.4867104979,-209.305011904535
46.65,-2263397.30932582,2596272.632492,-250702.762304782,-3423.04305336147,-4752.25179330275,-209.323620484883
46.7,-2263568.46002998,2596035.01606821,-250713.229401255,-3422.89113090938,-4752.28021811632,-209.358857136706
46.75,-2263739.60098054,2595797.40234206,-250723.697683507,-3422.7582641388,-4752.28201969464,-209.378737036191
46.8,-2263910.7314343,2595559.79225602,-250734.167336356,-3422.4800984361,-4752.13932292215,-209.408250346897
46.85,-2264081.85148077,2595322.1855971,-250744.638323596,-3422.09896125947,-4751.83597533523,-209.422672342711
46.9,-2264252.96119961,2595084.58244984,-250755.110595485,-3422.02679856413,-4751.93359410247,-209.45660997615
46.95,-2264424.06070039,2594846.98245895,-250765.584376974,-3421.92749193053,-4752.03567127215,-209.497665602064
47,-2264595.14972419,2594609.38618957,-250776.059378631,-3421.66216909705,-4751.85367578384,-209.509286520084
47.05,-2264766.22798919,2594371.79393688,-250786.535831653,-3421.379708211,-4751.70544921112,-209.540048935367
47.1,-2264937.29622671,2594134.20463319,-250797.01365705,-3421.2901618264,-4751.79640711654,-209.571555886954
47.15,-2265108.35326066,2593896.61997161,-250807.492776597,-3421.08111885622,-4751.70985767042,-209.601392620104
47.2,-2265279.40028931,2593659.0382938,-250817.973496102,-3420.84849745114,-4751.62872324131,-209.635951081119
47.25,-2265450.43629171,2593421.46110741,-250828.455485426,-3420.66213863533,-4751.55566617287,-209.651470868953
47.3,-2265621.46185632,2593183.88747609,-250838.9390087,-3420.31858909806,-4751.32001862205,-209.68087511065
47.35,-2265792.47638009,2592946.31830061,-250849.423851937,-3420.10660203528,-4751.24441585154,-209.706595164832
47.4,-2265963.48054626,2592708.75270478,-250859.91011193,-3420.01031231319,-4751.31071906488,-209.741299281855
47.45,-2266134.47354326,2592471.19166332,-250870.397923549,-3419.7277353971,-4751.16102227525,-209.774920726574
47.5,-2266305.45609237,2592233.63438947,-250880.887088337,-3419.58359751387,-4751.14285655111,-209.79464677374
47.55,-2266476.42723527,2591996.08204569,-250891.377799414,-3419.35252081181,-4751.06044292985,-209.830657843566
47.6,-2266647.38778033,2591758.53357912,-250901.869950119,-3419.01888927281,-4750.81749527079,-209.853739611665
47.65,-2266818.33721637,2591520.98977154,-250912.36348858,-3418.85917421487,-4750.79688402779,-209.885044014043
47.7,-2266989.27533276,2591283.45044474,-250922.858897269,-3418.70216600382,-4750.81010014967,-209.916563094155
47.75,-2267160.20225116,2591045.91564591,-250933.355988873,-3418.34698464897,-4750.5471373587,-209.955279567507
47.8,-2267331.11772938,2590808.38567188,-250943.85470031,-3418.11963935272,-4750.45099763604,-209.98872141343
47.85,-2267502.02223325,2590570.85962466,-250954.355236666,-3417.99062233884,-4750.50781706048,-210.040567454952
47.9,-2267672.9151456,2590333.33869199,-250964.85749781,-3417.78234243343,-4750.42171734795,-210.064802926097
47.95,-2267843.79675194,2590095.82240699,-250975.361594054,-3417.43859434925,-4750.15483183512,-210.079414676741
48,-2268014.66640006,2589858.31159462,-250985.86751417,-3417.20649342081,-4750.06772717567,-210.125689581356
48.05,-2268185.52492895,2589620.80542474,-250996.375061867,-3416.97450913516,-4749.96694284414,-210.171171036751
48.1,-2268356.37188887,2589383.30400463,-251006.884541794,-3416.79721832808,-4749.94934374248,-210.217189914667
48.15,-2268527.2073965,2589145.80772498,-251017.39580603,-3416.62750557712,-4749.92366072972,-210.245676876375
48.2,-2268698.03087156,2588908.31709788,-251027.908943259,-3416.39901192538,-4749.80547988459,-210.266812875771
48.25,-2268868.84283842,2588670.83151851,-251038.424008028,-3416.04435734979,-4749.55227651835,-210.309981414354
48.3,-2269039.64306418,2588433.35161419,-251048.940656621,-3415.8672781626,-4749.52252260533,-210.356101160915
48.35,-2269210.43171208,2588195.87661818,-251059.459283563,-3415.6852941784,-4749.49532014603,-210.405743742229
48.4,-2269381.20833283,2587958.40758158,-251069.979776802,-3415.34927809019,-4749.24129038665,-210.426321965488
48.45,-2269551.97327625,2587720.94385045,-251080.502173214,-3415.23576554738,-4749.27408256311,-210.451727426815
48.5,-2269722.72609323,2587483.48618393,-251091.026478889,-3414.97665741449,-4749.15282632329,-210.502840513574
48.55,-2269893.46694481,2587246.03456234,-251101.552515061,-3414.68098677209,-4748.95448360941,-210.546422571246
48.6,-2270064.19631818,2587008.58787782,-251112.080626719,-3414.49384116372,-4748.91671884612,-210.592002546612
48.65,-2270234.91300367,2586771.14823392,-251122.610509487,-3414.25803558557,-4748.79663373535,-210.617985638546
48.7,-2270405.61809551,2586533.71392227,-251133.142409075,-3413.89345291058,-4748.48768858427,-210.633629291433
48.75,-2270576.31082038,2586296.28608436,-251143.676276486,-3413.71570463824,-4748.47378810257,-210.694183000426
48.8,-2270746.99181238,2586058.86418901,-251154.211973324,-3413.53283819472,-4748.42441449889,-210.742160199176
48.85,-2270917.66044495,2585821.44857684,-251164.749735992,-3413.2258410839,-4748.21928033487,-210.781488034528
48.9,-2271088.31684007,2585584.03953594,-251175.289443033,-3413.04287000182,-4748.17368125909,-210.816687578269
48.95,-2271258.96099745,2585346.63684664,-251185.831185189,-3412.80466537408,-4748.03117367411,-210.84102638208
49,-2271429.59251674,2585109.24110117,-251196.375006456,-3412.54974325626,-4747.91145690534,-210.896320221145
49.05,-2271600.21254526,2584871.85112897,-251206.920731188,-3412.3055694844,-4747.77463188198,-210.944206999795
49.1,-2271770.81946235,2584634.46857335,-251217.468637005,-3412.05392576283,-4747.64043439222,-210.987064909353
49.15,-2271941.41447157,2584397.09234013,-251228.018542363,-3411.80851703126,-4747.50609070727,-211.021337181312
49.2,-2272111.99630502,2584159.72411795,-251238.570441586,-3411.45726585143,-4747.21464340536,-211.05380951246
49.25,-2272282.56683992,2583922.36144689,-251249.124491671,-3411.30737638679,-4747.21435106088,-211.103359184152
49.3,-2272453.12386443,2583685.00740977,-251259.680545181,-3411.0578793476,-4747.06406042116,-211.145927636315
49.35,-2272623.66863784,2583447.66026323,-251270.23877422,-3410.67561233341,-4746.74045920084,-211.180051828902
49.4,-2272794.2004063,2583210.3210343,-251280.799124285,-3410.49350680817,-4746.69199257196,-211.226663028551
49.45,-2272964.71995894,2582972.98870584,-251291.361635035,-3410.29991297176,-4746.61813676223,-211.274401580252
49.5,-2273135.22668313,2582735.66416877,-251301.926400893,-3409.98464416533,-4746.38264762611,-211.316249354021
49.55,-2273305.72031842,2582498.34776412,-251312.493394797,-3409.65705096242,-4746.12939396589,-211.355277845015
49.6,-2273476.20168064,2582261.03846179,-251323.062664064,-3409.53085062555,-4746.15148664153,-211.408954896791
49.65,-2273646.66951027,2582023.73793427,-251333.634195782,-3409.27385386181,-4745.99504331569,-211.457404803475
49.7,-2273817.12510088,2581786.44443244,-251344.208115401,-3408.95625447874,-4745.75455299926,-211.500081815305
49.75,-2273987.56748944,2581549.15933585,-251354.784412568,-3408.63789709166,-4745.51059855876,-211.546016554134
49.8,-2274157.99678637,2581311.88253903,-251365.363157505,-3408.37868580567,-4745.34765062647,-211.594754919453
49.85,-2274328.41285408,2581074.61417886,-251375.944329039,-3408.11690403514,-4745.18572848804,-211.644186040859
49.9,-2274498.81620451,2580837.35360491,-251386.527976921,-3407.98584547714,-4745.19629079976,-211.701271068057
49.95,-2274669.20624201,2580600.10161426,-251397.1141221,-3407.60501716131,-4744.86827037467,-211.744531829146
50,-2274839.58346702,2580362.85761147,-251407.702879751,-3407.4446922544,-4744.83875523343,-211.802420428709
50.05,-2275009.94718022,2580125.62251953,-251418.294238266,-3407.12086454103,-4744.58934750502,-211.853015460403
50.1,-2275180.29749239,2579888.39620879,-251428.888199885,-3406.79866923277,-4744.33754534698,-211.901493471361
50.15,-2275350.63463002,2579651.17836065,-251439.484838722,-3406.58988473171,-4744.24431902458,-211.957904577247
50.2,-2275520.95848161,2579413.96906494,-251450.084194273,-3406.25149942306,-4743.97233664108,-212.008683532416
50.25,-2275691.26918077,2579176.76827124,-251460.686313126,-3406.11136456575,-4743.97013181016,-212.073179947719
50.3,-2275861.56590076,2578939.57712481,-251471.291224375,-3405.84121341843,-4743.79121257645,-212.128980819738
50.35,-2276031.84936669,2578702.39453439,-251481.898961896,-3405.51337712915,-4743.53353997502,-212.180861939406
50.4,-2276202.11921178,2578465.22104258,-251492.509530095,-3405.2991824973,-4743.43262511184,-212.242078136948
50.45,-2276372.37555587,2578228.0564064,-251503.122975722,-3404.90987239681,-4743.09213534841,-212.294652912056
50.5,-2276542.6179096,2577990.90134588,-251513.739347673,-3404.63570044717,-4742.90626634486,-212.352638549822
50.55,-2276712.8470432,2577753.75491754,-251524.358719869,-3404.47764528409,-4742.87873123842,-212.418350553755
50.6,-2276883.061871,2577516.61847236,-251534.981034586,-3404.20038037322,-4742.69340130132,-212.479111172275
50.65,-2277053.26327206,2577279.49083409,-251545.606372868,-3403.93640541611,-4742.52413396044,-212.539953567106
50.7,-2277223.45043734,2577042.37306771,-251556.234724078,-3403.59957331762,-4742.25394980151,-212.597176437987
50.75,-2277393.62368143,2576805.26476995,-251566.866140474,-3403.37708064223,-4742.14035160462,-212.662107188636
50.8,-2277563.78295471,2576568.16604128,-251577.500698696,-3403.02363533658,-4741.84941897551,-212.720428223616
50.85,-2277733.92816669,2576331.07690718,-251588.138371949,-3402.78510301891,-4741.71723059504,-212.787334314207
50.9,-2277904.05899001,2576093.99778514,-251598.779150156,-3402.39852999385,-4741.38071798221,-212.842773113773
50.95,-2278074.17545241,2575856.92863723,-251609.42308724,-3402.11267409935,-4741.18075315435,-212.90485242338
51,-2278244.27806852,2575619.86882633,-251620.07020485,-3401.93948434601,-4741.13912714068,-212.977700233984
51.05,-2278414.36564158,2575382.81988723,-251630.720529796,-3401.63647315985,-4740.91891676133,-213.041694763101
51.1,-2278584.43935503,2575145.78025723,-251641.374113262,-3401.35900990333,-4740.73082294454,-213.105178946782
51.15,-2278754.49766653,2574908.75199252,-251652.030869523,-3401.06649411959,-4740.52564813608,-213.169333369896
51.2,-2278924.54181044,2574671.73331912,-251662.69086733,-3400.65577170213,-4740.15934345413,-213.226927683023
51.25,-2279094.57084829,2574434.72559336,-251673.354137929,-3400.35761471334,-4739.94728401288,-213.294201331444
51.3,-2279264.58556989,2574197.72770715,-251684.020714824,-3400.05901249592,-4739.73261857685,-213.358641570828
51.35,-2279434.58489963,2573960.74112488,-251694.690562492,-3399.81789810016,-4739.59723376988,-213.427567469195
51.4,-2279604.56930748,2573723.76514143,-251705.363694245,-3399.47057983293,-4739.32142767921,-213.49256818443
51.45,-2279774.53833364,2573486.800352,-251716.04010943,-3399.16714900045,-4739.10126465242,-213.55768984852
51.5,-2279944.49260312,2573249.84599609,-251726.719860583,-3398.96446859205,-4739.02007548894,-213.630607292844
51.55,-2280114.43108866,2573012.90341747,-251737.402930195,-3398.55244845982,-4738.65212244515,-213.691019969084
51.6,-2280284.35418137,2572775.97207311,-251748.089377897,-3398.22917292986,-4738.40782586424,-213.759164675581
51.65,-2280454.2618984,2572539.05192987,-251758.779174487,-3398.03308430139,-4738.33568106672,-213.831667068552
51.7,-2280624.15357205,2572302.14388069,-251769.472300251,-3397.70602769402,-4738.08432412739,-213.898025039354
51.75,-2280794.03008906,2572065.24673925,-251780.168885564,-3397.40100226415,-4737.86347921619,-213.965817375181
51.8,-2280963.89001493,2571828.36248679,-251790.868848198,-3397.07926323195,-4737.6214782382,-214.036234000553
51.85,-2281133.73416529,2571591.48999579,-251801.572268515,-3396.64167089459,-4737.21726692694,-214.098670177848
51.9,-2281303.5617827,2571354.63032055,-251812.279108216,-3396.36265538224,-4737.03230995154,-214.169178250248
51.95,-2281473.37358608,2571117.78246255,-251822.989431617,-3396.10759679113,-4736.87900451603,-214.241725536331
52,-2281643.16870815,2570880.94762825,-251833.703199848,-3395.66007405699,-4736.46435983677,-214.305527168135
52.05,-2281812.94761995,2570644.12522764,-251844.420543375,-3395.44312428539,-4736.35929664954,-214.385061781246
52.1,-2281982.70931292,2570407.31665599,-251855.141426931,-3395.10798549041,-4736.09660004497,-214.456259153354
52.15,-2282152.45414296,2570170.52143517,-251865.865870009,-3394.78435122781,-4735.8473400991,-214.527609427166
52.2,-2282322.18257136,2569933.73893358,-251876.593946373,-3394.38604358091,-4735.49682508693,-214.596947723592
52.25,-2282491.89361492,2569696.97056203,-251887.32565633,-3394.10113175594,-4735.29888543294,-214.674711201991
52.3,-2282661.58754949,2569460.21602891,-251898.061102556,-3393.62688371323,-4734.84061582184,-214.74208044921
52.35,-2282831.26412579,2569223.4756819,-251908.800282442,-3393.38174821341,-4734.69678129222,-214.821837480699
52.4,-2283000.92283946,2568986.75022955,-251919.543177934,-3392.81508905749,-4734.11204063654,-214.884357798421
52.45,-2283170.56455976,2568750.03851086,-251930.289884215,-3392.57854095725,-4733.98127917457,-214.968212766868
52.5,-2283340.18895228,2568513.34102273,-251941.0404448,-3392.28262537826,-4733.76375852768,-215.048649248708
52.55,-2283509.79514577,2568276.65906158,-251951.794896039,-3391.91321793946,-4733.44520186694,-215.125981069351
52.6,-2283679.38367787,2568039.99192223,-251962.553326249,-3391.62656660264,-4733.23906160367,-215.21148266276
52.65,-2283848.95369319,2567803.34078762,-251973.315736069,-3391.26627678371,-4732.93362336363,-215.291969948777
52.7,-2284018.50654639,2567566.70384959,-251984.082213692,-3390.90467440739,-4732.6232481964,-215.370963426234
52.75,-2284188.04059758,2567330.08345109,-251994.852778439,-3390.53979621798,-4732.30784864297,-215.455691264925
52.8,-2284357.55668821,2567093.47855193,-252005.627574826,-3390.05859885212,-4731.82908741449,-215.534266991786
52.85,-2284527.0542544,2566856.88988824,-252016.406600257,-3389.74929798297,-4731.58728184274,-215.622019440995
52.9,-2284696.53342421,2566620.31730991,-252027.189907903,-3389.45149659173,-4731.36032367713,-215.71118263306
52.95,-2284865.99424619,2566383.7608182,-252037.977555917,-3389.02280240865,-4730.95340374132,-215.796118665899
53,-2285035.43622426,2566147.2211769,-252048.769611282,-3388.59211992433,-4730.54370590315,-215.883252164525
53.05,-2285204.86004249,2565910.69751409,-252059.566200668,-3388.33389490301,-4730.36677116843,-215.97904772991
53.1,-2285374.26449979,2565674.191413,-252070.367179364,-3387.94519763785,-4730.01249416802,-216.068020913056
53.15,-2285543.65064869,2565437.70159062,-252081.172753489,-3387.56911757579,-4729.67238017291,-216.15541408398
53.2,-2285713.01747386,2565201.2294226,-252091.982922071,-3387.17705912686,-4729.31175571505,-216.250345440977
53.25,-2285882.36565287,2564964.7740133,-252102.797852783,-3386.69352456724,-4728.82431486047,-216.34123496735
53.3,-2286051.69457717,2564728.33631906,-252113.61762454,-3386.3691523047,-4728.55179260612,-216.441420442771
53.35,-2286221.004536,2564491.91591756,-252124.442264631,-3386.04262895869,-4728.27957470745,-216.542146914821
53.4,-2286390.29494067,2564255.5136659,-252135.271812042,-3385.58651385605,-4727.82868223568,-216.639540049093
53.45,-2286559.56608084,2564019.12915167,-252146.106302582,-3385.15435576207,-4727.4105034588,-216.736922052865
53.5,-2286728.81828658,2563782.76192918,-252156.945843457,-3384.88153242448,-4727.20616637863,-216.84414865228
53.55,-2286898.05043289,2563546.41360009,-252167.790466341,-3384.4899374461,-4726.84148293109,-216.947270020867
53.6,-2287067.26344012,2563310.08294051,-252178.640291937,-3384.03801404069,-4726.39622895638,-217.046818165177
53.65,-2287236.45627622,2563073.77129935,-252189.495286144,-3383.5844322674,-4725.94734267693,-217.146975713031
53.7,-2287405.62950216,2562837.47790965,-252200.355475144,-3383.20152498719,-4725.59311786773,-217.25243637285
53.75,-2287574.78255226,2562601.20350649,-252211.220956521,-3382.79938867551,-4725.2166873166,-217.360021802501
53.8,-2287743.91614638,2562364.94717783,-252222.091835736,-3382.39662995336,-4724.8358415654,-217.466946187964
53.85,-2287913.02910997,2562128.71053228,-252232.96806013,-3382.09457350519,-4724.59290733358,-217.58101791097
53.9,-2288082.12165394,2561892.49325471,-252243.849671109,-3381.57155760871,-4724.04920028961,-217.680245052388
53.95,-2288251.19381932,2561656.29523578,-252254.736697924,-3381.21910556106,-4723.74058975048,-217.79453569955
54,-2288420.24557278,2561420.11649542,-252265.629216808,-3380.86210161484,-4723.42579556666,-217.907682122338
54.05,-2288589.27637741,2561183.95775979,-252276.52723676,-3380.37327006296,-4722.92992583651,-218.012534968246
54.1,-2288758.28604869,2560947.81931699,-252287.430782353,-3379.91011769107,-4722.46684083173,-218.121331014512
54.15,-2288927.27493327,2560711.70060396,-252298.339888619,-3379.60082997252,-4722.22150307599,-218.241155710164
54.2,-2289096.24223541,2560475.60261964,-252309.254548688,-3379.17514343053,-4721.81305505804,-218.351952063981
54.25,-2289265.18872277,2560239.52441675,-252320.174831682,-3378.78988180878,-4721.46042493714,-218.465287750545
54.3,-2289434.11310989,2560003.4677069,-252331.100691913,-3378.31135852273,-4720.98119420106,-218.575911889016
54.35,-2289603.01597738,2559767.4316291,-252342.03223291,-3377.75797229117,-4720.4018595397,-218.683490435559
54.4,-2289771.89635088,2559531.41746376,-252352.969390505,-3377.31801199368,-4719.97609323201,-218.795983476244
54.45,-2289940.75539453,2559295.42355172,-252363.912265412,-3377.00787914628,-4719.72376225953,-218.911647088657
54.5,-2290109.59187142,2559059.45162878,-252374.860933364,-3376.44371335741,-4719.1356868488,-219.022770250479
54.55,-2290278.40632137,2558823.50101571,-252385.815327668,-3376.10649818752,-4718.85305246028,-219.149873887487
54.6,-2290447.19781845,2558587.57300854,-252396.775443512,-3375.63958201829,-4718.39075026048,-219.262014702531
54.65,-2290615.96609253,2558351.66782921,-252407.741258937,-3375.18325356721,-4717.94245708529,-219.376685173076
54.7,-2290784.71219281,2558115.78404625,-252418.712894493,-3374.7672151852,-4717.55361795251,-219.496725667191
54.75,-2290953.43477978,2557879.92347999,-252429.690265307,-3374.14292367818,-4716.87890757637,-219.601456360516
54.8,-2291122.13427455,2557644.0855683,-252440.673457029,-3373.73225995034,-4716.49594968607,-219.721480820294
54.85,-2291290.80987254,2557408.27144977,-252451.662487362,-3373.09026883278,-4715.7926806156,-219.826637605939
54.9,-2291459.46216254,2557172.48031238,-252462.657381999,-3372.77641658207,-4715.54407634458,-219.954318848683
54.95,-2291628.0908841,2556936.7124972,-252473.658152796,-3372.3713611591,-4715.16816172661,-220.077700672593
55,-2291796.69566711,2556700.96854294,-252484.664864006,-3371.83523102958,-4714.61057752478,-220.191387952377
55.05,-2291965.27620067,2556465.24897399,-252495.67755105,-3371.29498444126,-4714.04664087212,-220.309042574063
55.1,-2292133.83299652,2556229.55308981,-252506.696325267,-3370.92507201166,-4713.7147242824,-220.438179682706
55.15,-2292302.36467058,2555993.88281869,-252517.721126394,-3370.43688145694,-4713.22322843116,-220.559571204685
55.2,-2292470.87280301,2555758.23607805,-252528.752092064,-3369.94662152301,-4712.72533827927,-220.682328545132
55.25,-2292639.35575427,2555522.61512395,-252539.789232264,-3369.40775582334,-4712.16173460112,-220.803599370177
55.3,-2292807.81421536,2555287.01914095,-252550.832640271,-3368.85566276391,-4711.57478184182,-220.928182883948
55.35,-2292976.24763123,2555051.44890284,-252561.882404352,-3368.34448604852,-4711.04618584622,-221.055499907611
55.4,-2293144.6560942,2554815.90435498,-252572.938590628,-3367.95850227568,-4710.68725568669,-221.19038651022
55.45,-2293313.03966088,2554580.38546158,-252584.001197283,-3367.39908010101,-4710.09008315934,-221.315766955944
55.5,-2293481.39786078,2554344.89297121,-252595.070367149,-3366.83706501773,-4709.48623653597,-221.445805515367
55.55,-2293649.73119817,2554109.42626737,-252606.146200247,-3366.43137491238,-4709.09398059599,-221.586699252236
55.6,-2293818.03854653,2553873.98697254,-252617.228741898,-3365.93410038132,-4708.57560371808,-221.720718643205
55.65,-2293986.32082879,2553638.5739639,-252628.318151698,-3365.42318491507,-4708.03617567287,-221.858817699476
55.7,-2294154.57708503,2553403.1885762,-252639.414408989,-3364.90989574482,-4707.49364873271,-221.997569614526
55.75,-2294322.80793834,2553167.82998815,-252650.51764854,-3364.26834662622,-4706.77271021146,-222.129920692866
55.8,-2294491.012858,2552932.49906163,-252661.627937655,-3363.82123291308,-4706.3154110161,-222.275149997321
55.85,-2294659.19202635,2552697.19557779,-252672.745405631,-3363.35856311076,-4705.83964096661,-222.423637552349
55.9,-2294827.3447581,2552461.92057223,-252683.870103283,-3362.72377138541,-4705.12418653765,-222.562557945969
55.95,-2294995.47202592,2552226.6727096,-252695.002103015,-3362.31504472924,-4704.71883114426,-222.715674300703
56,-2295163.57284679,2551991.45342786,-252706.141447226,-3361.68875818929,-4704.01190881955,-222.856875421867
56.05,-2295331.64734985,2551756.26255878,-252717.288263479,-3361.27364064625,-4703.596491715,-223.015019734847
56.1,-2295499.69526214,2551521.1005778,-252728.442625804,-3360.67132749509,-4702.92379860342,-223.163307496845
56.15,-2295667.71614547,2551285.96811196,-252739.604605391,-3360.08086830662,-4702.26343372382,-223.31156261765
56.2,-2295835.71084716,2551050.86396227,-252750.774276946,-3359.65753668039,-4701.83393958556,-223.471642327891
56.25,-2296003.6781617,2550815.78980633,-252761.951618221,-3359.11845896112,-4701.24400385566,-223.626593625436
56.3,-2296171.61900851,2550580.74444436,-252773.136797445,-3358.57283188921,-4700.64981129785,-223.78483843439
56.35,-2296339.53190255,2550345.72988042,-252784.329807242,-3358.02621326194,-4700.04828753435,-223.942233878751
56.4,-2296507.41744912,2550110.74532506,-252795.530696125,-3357.34884370393,-4699.26992310033,-224.091005933939
56.45,-2296675.27548551,2549875.79092233,-252806.739477363,-3356.86531426144,-4698.7596795405,-224.253272718073
56.5,-2296843.10600811,2549640.86666084,-252817.956209252,-3356.36615113167,-4698.22728537401,-224.417425202314
56.55,-2297010.90820258,2549405.97364611,-252829.180902128,-3355.80458538289,-4697.60759168753,-224.575795406625
56.6,-2297178.68243634,2549171.111355,-252840.413624026,-3355.11027134432,-4696.8090826615,-224.727754794378
56.65,-2297346.42809014,2548936.28059155,-252851.654388781,-3354.60895304787,-4696.2745738663,-224.894549032449
56.7,-2297514.14510291,2548701.48137663,-252862.903223906,-3354.08991944683,-4695.71891411952,-225.059884036585
56.75,-2297681.83356685,2548466.71356064,-252874.160133096,-3353.46757010538,-4695.0192725443,-225.217865437204
56.8,-2297849.49260406,2548231.97830313,-252885.425124713,-3352.93970160256,-4694.45116779992,-225.383471494945
56.85,-2298017.12237097,2547997.27531077,-252896.698259012,-3352.23652628035,-4693.64400715189,-225.539161161655
56.9,-2298184.72227363,2547762.60547471,-252907.979511833,-3351.68817115172,-4693.05096237155,-225.706674048966
56.95,-2298352.29303137,2547527.96762623,-252919.26890511,-3351.03536143938,-4692.31414377989,-225.863561305729
57,-2298519.83325173,2547293.36365197,-252930.566369504,-3350.54720943153,-4691.80633012012,-226.032163750456
57.05,-2298687.34405388,2547058.79201471,-252941.872033593,-3349.93032050726,-4691.12205695591,-226.195877746051
57.1,-2298854.82401021,2546824.25466794,-252953.185854092,-3349.21885918517,-4690.30824279614,-226.355042003258
57.15,-2299022.27362492,2546589.75085094,-252964.507894356,-3348.72106317203,-4689.78426226983,-226.524613593068
57.2,-2299189.69224254,2546355.28145405,-252975.838099665,-3348.10609432174,-4689.10329723308,-226.687395468856
57.25,-2299357.08058706,2546120.84545991,-252987.176563521,-3347.47386542213,-4688.39791556822,-226.852664962304
57.3,-2299524.43727954,2545886.44479256,-252998.523289313,-3346.80574278761,-4687.64423058922,-227.017456864173
57.35,-2299691.76289298,2545652.07868163,-253009.878395119,-3346.12067778047,-4686.86676830275,-227.181233531575
57.4,-2299859.05680547,2545417.74799265,-253021.241822168,-3345.5498836835,-4686.24257793494,-227.351658246685
57.45,-2300026.3196033,2545183.45193762,-253032.613684558,-3344.9749925798,-4685.61498648401,-227.523715829987
57.5,-2300193.55067826,2544949.19136643,-253043.993988957,-3344.23954556574,-4684.76864421282,-227.688896791157
57.55,-2300360.74969252,2544714.96682141,-253055.382833285,-3343.60264823871,-4684.05054116271,-227.859269592194
57.6,-2300527.91729083,2544480.77753133,-253066.780371968,-3343.07525357405,-4683.48463759847,-228.039448627039
57.65,-2300695.05206353,2544246.62542432,-253078.18654193,-3342.42105869108,-4682.74372238192,-228.213562554881
57.7,-2300862.1555969,2544012.50845582,-253089.601519733,-3341.77829870601,-4682.01706778282,-228.391350832323
57.75,-2301029.22633821,2543778.42877211,-253101.025328063,-3341.07544917268,-4681.20313000738,-228.564295522493
57.8,-2301196.26492241,2543544.38568357,-253112.458132087,-3340.36983351937,-4680.38544532912,-228.740770429336
57.85,-2301363.27083112,2543310.37992066,-253123.900016349,-3339.77466040748,-4679.71745519503,-228.928415191174
57.9,-2301530.24412862,2543076.41155534,-253135.351082467,-3339.16504920543,-4679.02835715459,-229.116966182336
57.95,-2301697.18486583,2542842.48059867,-253146.811433907,-3338.46662312385,-4678.21493422933,-229.297777860833
58,-2301864.09258784,2542608.58771085,-253158.281121954,-3337.7531806988,-4677.37803581803,-229.482450900015
58.05,-2302030.96786177,2542374.73224997,-253169.760335923,-3337.20648780012,-4676.76923265092,-229.683229291883
58.1,-2302197.80954624,2542140.91594889,-253181.249122737,-3336.53105744138,-4675.98047880566,-229.873970876208
58.15,-2302364.61849617,2541907.13762409,-253192.747633014,-3335.82274976095,-4675.14491793974,-230.065783922687
58.2,-2302531.39376352,2541673.39871474,-253204.255876299,-3335.09877740475,-4674.28886824673,-230.257221015953
58.25,-2302698.13575604,2541439.69869315,-253215.773985659,-3334.44134253727,-4673.52005099531,-230.457044633235
58.3,-2302864.84387557,2541206.0384843,-253227.302049541,-3333.76516511664,-4672.72553931495,-230.657755381728
58.35,-2303031.51888686,2540972.41712801,-253238.840235829,-3333.31129166416,-4672.23237245503,-230.873942260097
58.4,-2303198.15895896,2540738.83721219,-253250.388511902,-3332.50452249857,-4671.2561348387,-231.069300728705
58.45,-2303364.76529049,2540505.29704638,-253261.947008045,-3331.70673847793,-4670.29118602463,-231.267759162528
58.5,-2303531.33708368,2540271.79775148,-253273.515730044,-3331.07292914685,-4669.55241856834,-231.476895049067
58.55,-2303697.87443998,2540038.33923812,-253285.094750411,-3330.43341812733,-4668.80356130551,-231.684762623775
58.6,-2303864.37687775,2539804.9222143,-253296.684114405,-3329.67855883625,-4667.89636768337,-231.889567739766
58.65,-2304030.8438147,2539571.54740292,-253308.283877271,-3328.91768985959,-4666.98444545812,-232.096032175418
58.7,-2304197.27597323,2539338.21374892,-253319.894081886,-3328.26655691524,-4666.22208636924,-232.306739298313
58.75,-2304363.67248388,2539104.92244419,-253331.5146669,-3327.48559346969,-4665.27955415378,-232.510102741762
58.8,-2304530.03343656,2538871.67335548,-253343.1457172,-3326.89087699142,-4664.59656119373,-232.72826815485
58.85,-2304696.35772257,2538638.46793257,-253354.787246479,-3326.16325197861,-4663.73356430338,-232.939148989017
58.9,-2304862.64566842,2538405.30567982,-253366.439285284,-3325.37707838771,-4662.78875795694,-233.144716936797
58.95,-2305028.89711374,2538172.18672946,-253378.101804899,-3324.62986509759,-4661.90019003067,-233.352950835225
59,-2305195.11187054,2537939.11124863,-253389.774790904,-3323.97205839717,-4661.13558111049,-233.56814410908
59.05,-2305361.28926086,2537706.08014478,-253401.458284331,-3323.17152616717,-4660.17511149736,-233.775391101885
59.1,-2305527.42980465,2537473.09267147,-253413.15230123,-3322.47753540972,-4659.36349403228,-233.988677017959
59.15,-2305693.53200818,2537240.15073893,-253424.85681156,-3321.66674839018,-4658.39150438762,-234.195649011943
59.2,-2305859.5967498,2537007.25309234,-253436.571861513,-3320.84054308022,-4657.40207632292,-234.402016810767
59.25,-2306025.62386896,2536774.39990055,-253448.297463784,-3320.19177544982,-4656.65534892966,-234.619385424602
59.3,-2306191.61232678,2536541.59251556,-253460.033618199,-3319.31180225483,-4655.59156887016,-234.824039063932
59.35,-2306357.5623988,2536308.83064933,-253471.780402242,-3318.59701057757,-4654.7555329465,-235.039887312292
59.4,-2306523.47392693,2536076.11443339,-253483.53788206,-3317.75442396537,-4653.743011249,-235.25222127915
59.45,-2306689.346606,2535843.44426975,-253495.306068557,-3316.98954301045,-4652.83884508124,-235.46664312756
59.5,-2306855.18041748,2535610.82020038,-253507.085054314,-3316.32026147425,-4652.06529769148,-235.689349410924
59.55,-2307020.97499434,2535378.24279092,-253518.874912794,-3315.47721141568,-4651.05120635609,-235.90574469849
59.6,-2307186.72987068,2535145.712765,-253530.675791813,-3314.61757509739,-4650.01255147276,-236.122549581245
59.65,-2307352.44539052,2534913.22968029,-253542.487814268,-3313.94846876976,-4649.23498239028,-236.355740245484
59.7,-2307518.12088452,2534680.79453909,-253554.311006965,-3313.15177337554,-4648.28107493304,-236.579678223795
59.75,-2307683.7570115,2534448.40648504,-253566.145606731,-3312.35010317179,-4647.31845537002,-236.807673084039
59.8,-2307849.35233146,2534216.06770608,-253577.991645846,-3311.54443433016,-4646.3478340322,-237.040970156391
59.85,-2308014.9074356,2533983.77744416,-253589.849384912,-3310.74649186819,-4645.38235609886,-237.276848076327
59.9,-2308180.4218494,2533751.53654272,-253601.718934532,-3309.82012855951,-4644.23748701764,-237.505532329911
59.95,-2308345.89550735,2533519.34515064,-253613.60043791,-3309.09982896128,-4643.37883649753,-237.753462638497
60,-2308511.32812927,2533287.20380318,-253625.494047247,-3308.22099494234,-4642.29659590322,-237.994405739836
60.05,-2308676.71927642,2533055.11330255,-253637.399878149,-3307.33962188285,-4641.20601158542,-238.235647726496
60.1,-2308842.06955804,2532823.07295721,-253649.318115209,-3306.6208659773,-4640.33764673085,-238.491366098318
60.15,-2309007.37754405,2532591.08477762,-253661.248767453,-3305.78864625465,-4639.31127026225,-238.742286980653
60.2,-2309172.64467068,2532359.14690905,-253673.192050366,-3304.95294839547,-4638.27992627838,-238.994567878386
60.25,-2309337.86923909,2532127.26184075,-253685.14790917,-3304.10023998278,-4637.22098957736,-239.246860275931
60.3,-2309503.05198489,2531895.42864922,-253697.116569263,-3303.15477661314,-4636.03130163307,-239.495902652294
60.35,-2309668.19216611,2531663.64848277,-253709.098083686,-3302.36075683747,-4635.0487756816,-239.758327579834
60.4,-2309833.28970634,2531431.92149298,-253721.092517862,-3301.55867965968,-4634.05672726165,-240.02134140379
60.45,-2309998.34447624,2531200.24789495,-253733.099928481,-3300.68478624031,-4632.96261780819,-240.279998704504
60.5,-2310163.35559598,2530968.62892581,-253745.12033433,-3299.60644507445,-4631.58392239059,-240.526036718358
60.55,-2310328.32357275,2530737.06395705,-253757.153886409,-3298.89618911688,-4630.71602961293,-240.801416340655
60.6,-2310493.24738126,2530505.55440051,-253769.200586825,-3298.07940957754,-4629.69809184951,-241.070181759939
60.65,-2310658.12636616,2530274.10115469,-253781.260466656,-3297.07743521477,-4628.42755834788,-241.3247495081
60.7,-2310822.96090859,2530042.70361643,-253793.333530931,-3296.18088280057,-4627.30348858819,-241.588394024502
60.75,-2310987.75070396,2529811.36211981,-253805.41980914,-3295.37434391512,-4626.30465429821,-241.859951762429
60.8,-2311152.49459017,2529580.07823763,-253817.519275315,-3294.46026662352,-4625.16206952324,-242.12457055217
60.85,-2311317.19338735,2529348.85087884,-253829.632055193,-3293.54464054003,-4624.00864880882,-242.388560162494
60.9,-2311481.8451803,2529117.68252599,-253841.757976154,-3292.61612878034,-4622.85007111335,-242.654024764087
60.95,-2311646.45110568,2528886.57145371,-253853.897231469,-3291.57629244911,-4621.53220423005,-242.912718608521
61,-2311811.01008169,2528655.51910976,-253866.049759799,-3290.69118505146,-4620.43546483045,-243.183586174936
61.05,-2311975.52209134,2528424.52539806,-253878.215662589,-3289.79941177347,-4619.32743277296,-243.453731892977
61.1,-2312139.98635132,2528193.59135446,-253890.394958714,-3288.8895904281,-4618.19790820272,-243.726800406873
61.15,-2312304.40266039,2527962.7171765,-253902.587697741,-3287.77685594338,-4616.79132711743,-243.985637353409
61.2,-2312468.77131237,2527731.90238784,-253914.793993274,-3286.8691860996,-4615.66421166629,-244.260731495511
61.25,-2312633.09153524,2527501.14798878,-253927.01387703,-3285.84478801089,-4614.37731760021,-244.52781633314
61.3,-2312797.36326018,2527270.45417353,-253939.247505832,-3285.02144656227,-4613.36932357481,-244.816280151743
61.35,-2312961.5856701,2527039.82205259,-253951.494994622,-3283.99637123512,-4612.08458316094,-245.093538098278
61.4,-2313125.75897952,2526809.25131248,-253963.756480419,-3282.91339343659,-4610.71469263523,-245.365690464281
61.45,-2313289.88284574,2526578.74249204,-253976.032033675,-3281.92524097797,-4609.47657179301,-245.648881221902
61.5,-2313453.95762667,2526348.29519787,-253988.32185918,-3281.02972109193,-4608.36496939225,-245.942603313907
61.55,-2313617.98254549,2526117.91061165,-254000.626109497,-3280.03144428846,-4607.10896817395,-246.233226068687
61.6,-2313781.9573347,2525887.58920685,-254012.944954322,-3278.91735903623,-4605.68865289064,-246.518696978003
61.65,-2313945.88135362,2525657.33206723,-254025.278517981,-3277.91094654615,-4604.41383960001,-246.814270992381
61.7,-2314109.75567548,2525427.13780164,-254037.627022047,-3277.01177972969,-4603.2864151936,-247.123809800481
61.75,-2314273.57897393,2525197.00842852,-254049.990580044,-3276.03830119964,-4602.05269083143,-247.429300920553
61.8,-2314437.35165903,2524966.94352176,-254062.36941094,-3274.97499981923,-4600.68916042825,-247.73160917725
61.85,-2314601.07277248,2524736.9447089,-254074.763627146,-3273.9505516243,-4599.3747994305,-248.041338706172
61.9,-2314764.7426476,2524507.01163079,-254087.173402945,-3272.8104331438,-4597.9000515564,-248.347176375997
61.95,-2314928.36097027,2524277.14482024,-254099.598796817,-3271.82095923256,-4596.63034944799,-248.663011623165
62,-2315091.92778314,2524047.34446482,-254112.039910867,-3270.85047418007,-4595.38187477692,-248.982052059723
62.05,-2315255.44244368,2523817.61152892,-254124.49687521,-3269.75087097684,-4593.95463870442,-249.297097838394
62.1,-2315418.90457506,2523587.9467014,-254136.969772213,-3268.64703296919,-4592.51778279798,-249.613232018006
62.15,-2315582.31435044,2523358.34982854,-254149.458618545,-3267.70379496497,-4591.30140926251,-249.939220020159
62.2,-2315745.67105633,2523128.82191484,-254161.963453362,-3266.60049034152,-4589.86312996893,-250.255609993327
62.25,-2315908.97507957,2522899.36249039,-254174.484338391,-3265.58597023077,-4588.54993563086,-250.581464156865
62.3,-2316072.22493263,2522669.97366436,-254187.021277685,-3264.49907846297,-4587.13155313972,-250.903650162915
62.35,-2316235.421178,2522440.65460973,-254199.574333073,-3263.30791190814,-4585.57151360067,-251.216061538384
62.4,-2316398.56285445,2522211.40665595,-254212.143430695,-3262.22019126462,-4584.15540752256,-251.537843508796
62.45,-2316561.6502856,2521982.2292353,-254224.728625321,-3261.23423344667,-4582.88253735075,-251.867934844905
62.5,-2316724.68268929,2521753.1233277,-254237.32995647,-3260.07503007178,-4581.37290144553,-252.186821415153
62.55,-2316887.65948381,2521524.08971159,-254249.947398468,-3258.90906314594,-4579.8505556205,-252.504412370089
62.6,-2317050.58089389,2521295.12798046,-254262.581044991,-3257.88676842879,-4578.53355614908,-252.836592130693
62.65,-2317213.44547596,2521066.23997224,-254275.23083229,-3256.77209361042,-4577.0927259951,-253.162889354646
62.7,-2317376.2544163,2520837.42384645,-254287.896926477,-3255.6394199299,-4575.62845929946,-253.486928217491
62.75,-2317539.00586675,2520608.68211213,-254300.579255596,-3254.49826685604,-4574.15173326702,-253.81279859235
62.8,-2317701.70058716,2520380.01364141,-254313.278013065,-3253.39235996473,-4572.72667197044,-254.145733621804
62.85,-2317864.33720008,2520151.42027337,-254325.993272524,-3252.19238399989,-4571.1762721288,-254.476092010358
62.9,-2318026.91606471,2519922.90134306,-254338.72516511,-3250.98875595845,-4569.6189307227,-254.805093424064
62.95,-2318189.43622502,2519694.458204,-254351.473775742,-3249.76406604025,-4568.03374025521,-255.136103050858
63,-2318351.89853978,2519466.08962642,-254364.239394702,-3248.58811254078,-4566.51688425303,-255.478581827358
63.05,-2318514.30139045,2519237.79793077,-254377.022097984,-3247.44972881605,-4565.04722348502,-255.826958425023
63.1,-2318676.64497892,2519009.5828729,-254389.822095075,-3246.20782193733,-4563.435751502,-256.168349536499
63.15,-2318838.92932734,2518781.44449357,-254402.639573319,-3245.12393118232,-4562.04094078895,-256.527696888767
63.2,-2319001.15399238,2518553.38344252,-254415.474714327,-3243.92628550682,-4560.48735049629,-256.883454034278
63.25,-2319163.31850025,2518325.40061436,-254428.327699725,-3242.72591872014,-4558.92593370171,-257.242090744268
63.3,-2319325.42267269,2518097.49643741,-254441.19869314,-3241.52169562284,-4557.352349944,-257.602849414058
63.35,-2319487.46694434,2517869.67046658,-254454.087892193,-3240.25667107879,-4555.69481093377,-257.964483828106
63.4,-2319649.45019533,2517641.92445621,-254466.995409553,-3238.98710690522,-4554.02467748114,-258.329579072149
63.45,-2319811.37264468,2517414.25830964,-254479.921388055,-3237.81043107821,-4552.47955266635,-258.703610390243
63.5,-2319973.23388924,2517186.67280324,-254492.865996998,-3236.54275320261,-4550.8056410474,-259.07226356615
63.55,-2320135.03426465,2516959.16768193,-254505.829381067,-3235.42210879647,-4549.3290748443,-259.457123195305
63.6,-2320296.77250392,2516731.74486999,-254518.811536635,-3234.18724846213,-4547.69089204068,-259.835367142241
63.65,-2320458.44920881,2516504.40369574,-254531.812578104,-3232.9458904973,-4546.04444492547,-260.212114865742
63.7,-2320620.0634744,2516277.14557567,-254544.832505255,-3231.60321904946,-4544.25006374808,-260.58192781206
63.75,-2320781.61533199,2516049.97063705,-254557.871386656,-3230.34889095112,-4542.57890726385,-260.963631446165
63.8,-2320943.10437684,2515822.87947285,-254570.929332817,-3229.12844917526,-4540.9521832582,-261.348162943195
63.85,-2321104.5300877,2515595.87281746,-254584.006288611,-3227.80518681644,-4539.18352477782,-261.723447574229
63.9,-2321265.89219123,2515368.95113922,-254597.102261266,-3226.63870916056,-4537.62847817083,-262.111493249482
63.95,-2321427.19001663,2515142.11532291,-254610.217235999,-3225.35307962358,-4535.91346733805,-262.492910516194
64,-2321588.4236927,2514915.36509238,-254623.351336311,-3223.95015637289,-4534.03797426592,-262.868121371413
64.05,-2321749.59241177,2514688.70153509,-254636.504524391,-3222.75621931439,-4532.44837134533,-263.258215402552
64.1,-2321910.69568522,2514462.12525063,-254649.676855781,-3221.37761909034,-4530.60745169252,-263.63603178305
64.15,-2322071.73275873,2514235.63707619,-254662.868349848,-3220.01609079572,-4528.79543695074,-264.017393853524
64.2,-2322232.70421729,2514009.23604135,-254676.079188378,-3218.79336783433,-4527.17792652346,-264.412971347793
64.25,-2322393.60843216,2513782.92436854,-254689.309380371,-3217.4523871033,-4525.39836056257,-264.801346891115
64.3,-2322554.44600867,2513556.70102125,-254702.559120734,-3216.09344440362,-4523.59512143725,-265.191497377795
64.35,-2322715.21543977,2513330.56796339,-254715.828433799,-3214.75165364975,-4521.81979387753,-265.587552783865
64.4,-2322875.91712732,2513104.52450497,-254729.117549114,-3213.2825394401,-4519.87192835576,-265.976089061973
64.45,-2323036.55053816,2512878.57128404,-254742.42659961,-3211.97771965356,-4518.15050466022,-266.381235246823
64.5,-2323197.11541146,2512652.70870439,-254755.755822945,-3210.64185595481,-4516.38709155416,-266.790321259592
64.55,-2323357.61123859,2512426.93742002,-254769.10544282,-3209.1621940564,-4514.42564288865,-267.193490714651
64.6,-2323518.03740106,2512201.2582854,-254782.475573232,-3207.76086120957,-4512.57015102894,-267.604527185744
64.65,-2323678.39429872,2511975.67084255,-254795.86647606,-3206.47421047009,-4510.87194502609,-268.029220622696
64.7,-2323838.68107816,2511750.17636095,-254809.278298785,-3205.07490321804,-4509.01464701402,-268.449443306705
64.75,-2323998.8982885,2511524.77423237,-254822.711286551,-3203.66946860216,-4507.14662525336,-268.875517936525
64.8,-2324159.04459957,2511299.46655373,-254836.165563278,-3202.26166966976,-4505.26838358505,-269.301483337944
64.85,-2324319.12067152,2511074.25259858,-254849.641266481,-3200.73981686726,-4503.230491821,-269.722925954709
64.9,-2324479.12553918,2510849.13385741,-254863.138540039,-3199.37477742406,-4501.40566669745,-270.160901754413
64.95,-2324639.05968974,2510624.10991767,-254876.657507072,-3197.99272933965,-4499.55123944907,-270.598243218413
65,-2324798.92245979,2510399.18201428,-254890.198257107,-3196.52194078648,-4497.56766298834,-271.0308494528
65.05,-2324958.71354811,2510174.35079864,-254903.760839486,-3194.92539199958,-4495.40820351701,-271.454489900318
65.1,-2325118.43279455,2509949.61668453,-254917.345333679,-3193.64492579449,-4493.67958439992,-271.906934602507
65.15,-2325278.07981553,2509724.98040432,-254930.951718074,-3192.23726663458,-4491.77053781299,-272.349119409448
65.2,-2325437.6541181,2509500.44281982,-254944.580076118,-3190.69478218414,-4489.67522648654,-272.780931201529
65.25,-2325597.15526349,2509276.00467553,-254958.230413742,-3189.33420253671,-4487.82645066176,-273.229838745067
65.3,-2325756.58261998,2509051.66694423,-254971.902726237,-3187.80650781134,-4485.74634614196,-273.666720693744
65.35,-2325915.9361703,2508827.42962185,-254985.597018288,-3186.37735985158,-4483.80453722409,-274.109279150027
65.4,-2326075.21562886,2508603.29311981,-254999.313278436,-3184.87754641119,-4481.76154671898,-274.54591696062
65.45,-2326234.42009414,2508379.25862567,-255013.051488697,-3183.37836048252,-4479.72541193146,-274.987812947615
65.5,-2326393.54964502,2508155.32590464,-255026.811772086,-3181.76297100058,-4477.52853425941,-275.421847266927
65.55,-2326552.60328293,2507931.49628561,-255040.594184742,-3180.24512910912,-4475.46802494244,-275.865736123971
65.6,-2326711.58086407,2507707.76975879,-255054.398838082,-3178.71658829892,-4473.3983504115,-276.310723989514
65.65,-2326870.48200325,2507484.14667557,-255068.225880109,-3177.28639753921,-4471.46955757879,-276.768809781313
65.7,-2327029.30623251,2507260.62747556,-255082.075464131,-3175.74245005392,-4469.38433902073,-277.222148201385
65.75,-2327188.05258747,2507037.21336109,-255095.947720064,-3174.18957049196,-4467.28885698851,-277.677404603499
65.8,-2327346.72130781,2506813.90383162,-255109.842938317,-3172.50992255192,-4465.02266806543,-278.127938811544
65.85,-2327505.31189604,2506590.6994973,-255123.761270622,-3171.0065085508,-4463.00335642956,-278.599660072074
65.9,-2327663.82361628,2506367.60120547,-255137.702933192,-3169.37872390663,-4460.81218215132,-279.063543558628
65.95,-2327822.25645444,2506144.60894785,-255151.668162127,-3167.84786320005,-4458.75744368256,-279.540191770724
66,-2327980.60989185,2505921.72349729,-255165.657214495,-3166.20664644142,-4456.54640921599,-280.015545024707
66.05,-2328138.88428436,2505698.94435027,-255179.670365442,-3164.62352715924,-4454.41602464593,-280.498105786639
66.1,-2328297.07819826,2505476.27367012,-255193.707654537,-3163.02131121341,-4452.257739419,-280.983915108684
66.15,-2328455.19229546,2505253.71065911,-255207.769386891,-3161.40395906169,-4450.07059881757,-281.472757558214
66.2,-2328613.22541314,2505031.2570814,-255221.855644484,-3159.78796669786,-4447.88468699317,-281.966368222441
66.25,-2328771.17782795,2504808.91290257,-255235.966638005,-3158.16650861526,-4445.68575056499,-282.462710616045
66.3,-2328929.04927152,2504586.67870121,-255250.10245358,-3156.59566097103,-4443.55022057337,-282.961061544543
66.35,-2329086.83956102,2504364.55497662,-255264.263039273,-3155.01860176963,-4441.40106142916,-283.460041070805
66.4,-2329244.54737857,2504142.54384123,-255278.448386682,-3153.37762659317,-4439.16009409964,-283.959104197659
66.45,-2329402.17340368,2503920.6446928,-255292.65867087,-3151.60953378501,-4436.73439392477,-284.448201894215
66.5,-2329559.7165414,2503698.85927348,-255306.893869414,-3150.01772149722,-4434.5451074567,-284.950689350938
66.55,-2329717.17682456,2503477.18779099,-255321.153992739,-3148.40543906952,-4432.32761060804,-285.451617492464
66.6,-2329874.55363921,2503255.63127309,-255335.438920701,-3146.68130552122,-4429.95353614583,-285.944986721746
66.65,-2330031.84627006,2503034.19076292,-255349.748615362,-3144.93794713868,-4427.5495326348,-286.435742417499
66.7,-2330189.05540976,2502812.86540857,-255364.083180194,-3143.36752515105,-4425.38226335774,-286.941279033141
66.75,-2330346.17954191,2502591.65730686,-255378.442486185,-3141.63130425781,-4422.98929879017,-287.434307878519
66.8,-2330503.21924256,2502370.56556198,-255392.826676188,-3139.98151965886,-4420.71715353069,-287.937622772443
66.85,-2330660.17301532,2502149.59215344,-255407.235745561,-3138.2576824059,-4418.34276970599,-288.435089557901
66.9,-2330817.04088916,2501928.73692216,-255421.669843798,-3136.54559118752,-4415.98743281625,-288.937249406178
66.95,-2330973.82239375,2501708.0004138,-255436.129227062,-3134.70512258924,-4413.46062647545,-289.437530742706
67,-2331130.51732081,2501487.38265962,-255450.614139368,-3133.05653528736,-4411.20268658639,-289.958288724602
67.05,-2331287.12470093,2501266.88479319,-255465.124688177,-3131.25286174803,-4408.73477665415,-290.46824907801
67.1,-2331443.64413494,2501046.50716337,-255479.661108888,-3129.44299032161,-4406.25912226904,-290.982812837922
67.15,-2331600.07575007,2500826.24946897,-255494.223702801,-3127.77999628956,-4403.99332255222,-291.519301434379
67.2,-2331756.41850922,2500606.11296742,-255508.812710197,-3126.00600976063,-4401.57416299562,-292.05023602449
67.25,-2331912.67289443,2500386.09691364,-255523.428397883,-3124.17567090077,-4399.07793834581,-292.579810298231
67.3,-2332068.83786536,2500166.20272226,-255538.070891852,-3122.43158261305,-4396.70135008999,-293.121726986884
67.35,-2332224.91387442,2499946.42970566,-255552.740436505,-3120.65027424873,-4394.2761701896,-293.665812503127
67.4,-2332380.8990102,2499726.78064696,-255567.437058871,-3118.74570533604,-4391.67504440777,-294.200483428488
67.45,-2332536.79505114,2499507.25324119,-255582.161083845,-3116.93888993847,-4389.20425645729,-294.74708908117
67.5,-2332692.60038052,2499287.84992115,-255596.912473248,-3115.11447313546,-4386.70806004013,-295.295137796068
67.55,-2332848.31468579,2499068.57128774,-255611.691289909,-3113.3064037002,-4384.22623489316,-295.844384903177
67.6,-2333003.93761619,2498849.41821011,-255626.497492923,-3111.49000951065,-4381.73034053133,-296.392784178346
67.65,-2333159.46934587,2498630.39068396,-255641.331141899,-3109.76140500008,-4379.3453978615,-296.950418168175
67.7,-2333314.90905449,2498411.49025536,-255656.19213374,-3107.87160410472,-4376.73271839621,-297.492167656668
67.75,-2333470.25683335,2498192.71703749,-255671.080381793,-3105.96616809331,-4374.09135979505,-298.02978280076
67.8,-2333625.51262698,2497974.0713707,-255685.995804918,-3104.21971220086,-4371.66843468564,-298.580653537659
67.85,-2333780.67530107,2497755.55510478,-255700.938283409,-3102.36284089519,-4369.08593644815,-299.121980390698
67.9,-2333935.74508015,2497537.16811877,-255715.907891566,-3100.44155424736,-4366.41034323897,-299.662852665796
67.95,-2334090.72102151,2497318.91190021,-255730.904674668,-3098.61619952208,-4363.86624023863,-300.210765559519
68,-2334245.60320156,2497100.78643141,-255745.928633645,-3096.63029577113,-4361.09700781621,-300.743092043697
68.05,-2334400.39078106,2496882.79282645,-255760.979810759,-3094.74090225785,-4358.46361943779,-301.289490081719
68.1,-2334555.08419037,2496664.93045057,-255776.058387407,-3092.94800650209,-4355.96601702448,-301.850368108303
68.15,-2334709.68183925,2496447.20146379,-255791.164476969,-3091.02831863347,-4353.29341898092,-302.401866948716
68.2,-2334864.18454803,2496229.60451091,-255806.298461516,-3089.12155542028,-4350.64079998395,-302.960647322732
68.25,-2335018.59055142,2496012.14193858,-255821.460437235,-3087.19446169802,-4347.96604928901,-303.525714205377
68.3,-2335172.90021657,2495794.81293272,-255836.650789263,-3085.15278902589,-4345.14009924177,-304.086609917557
68.35,-2335327.11285819,2495577.61825992,-255851.869774201,-3083.26050803148,-4342.52123847982,-304.66518878361
68.4,-2335481.22786352,2495360.55864126,-255867.117586041,-3081.2688422607,-4339.76863737423,-305.24104020434
68.45,-2335635.24528762,2495143.63373195,-255882.3944795,-3079.3115160365,-4337.0693197248,-305.82560958527
68.5,-2335789.16475286,2494926.84389891,-255897.70062759,-3077.4412307981,-4334.48999356467,-306.420626104206
68.55,-2335942.98595242,2494710.18953482,-255913.036130564,-3075.41938808994,-4331.70257978656,-307.003661013086
68.6,-2336096.70840061,2494493.67125158,-255928.401138374,-3073.49110255908,-4329.04429356122,-307.60004186487
68.65,-2336250.33153986,2494277.28998685,-255943.795766491,-3071.40268089426,-4326.16304314288,-308.184774815276
68.7,-2336403.85509882,2494061.04616209,-255959.219996755,-3069.40917166199,-4323.4082923861,-308.776062709879
68.75,-2336557.27920972,2493844.93988225,-255974.673904282,-3067.50759306006,-4320.77657066762,-309.377226004994
68.8,-2336710.60227879,2493628.97349343,-255990.157470012,-3065.43900908463,-4317.91078930433,-309.967908152262
68.85,-2336863.8249259,2493413.14655662,-256005.670784876,-3063.46714897381,-4315.16845923765,-310.566284312515
68.9,-2337016.94549685,2493197.46169097,-256021.213645046,-3061.43698638175,-4312.33969290152,-311.157185261312
68.95,-2337169.9648861,2492981.9180015,-256036.786096892,-3059.29937813905,-4309.35380046082,-311.736305816652
69,-2337322.88219221,2492766.51706398,-256052.388025958,-3057.29803742239,-4306.55185783261,-312.331098262773
69.05,-2337475.69745105,2492551.25912662,-256068.019438096,-3055.31193497499,-4303.76433668955,-312.924959805729
69.1,-2337628.41000341,2492336.14542466,-256083.680312842,-3053.20507431943,-4300.80367758843,-313.51003827376
69.15,-2337781.01953765,2492121.17658412,-256099.370773302,-3051.20545456593,-4297.98974974628,-314.109197543525
69.2,-2337933.52588981,2491906.35296156,-256115.090903029,-3049.12852966243,-4295.06543518398,-314.702536531092
69.25,-2338085.92867926,2491691.67509325,-256130.84078089,-3047.01739543621,-4292.09516040699,-315.29579228074
69.3,-2338238.22824559,2491477.14255932,-256146.620685455,-3044.98015746134,-4289.22494940172,-315.900687918678
69.35,-2338390.4230699,2491262.75743084,-256162.430834339,-3042.88806027193,-4286.28225448676,-316.510704197958
69.4,-2338542.51322035,2491048.51949929,-256178.271612038,-3040.6871588622,-4283.19201123037,-317.117370283743
69.45,-2338694.49831219,2490834.42906497,-256194.143237291,-3038.63420709641,-4280.31258191828,-317.74053772322
69.5,-2338846.3783703,2490620.48583617,-256210.045981256,-3036.47214971742,-4277.28520747571,-318.359203741359
69.55,-2338998.15234452,2490406.69105265,-256225.980013544,-3034.40374147769,-4274.3906970301,-318.993386298884
69.6,-2339149.82026065,2490193.04450274,-256241.945680288,-3032.32315429822,-4271.48554449628,-319.634960789252
69.65,-2339301.38101643,2489979.54755836,-256257.943118274,-3030.22334607393,-4268.55346975836,-320.27528497363
69.7,-2339452.83472857,2489766.19983199,-256273.972490793,-3027.93295010907,-4265.36529280971,-320.899650280705
69.75,-2339604.18087546,2489553.0019569,-256290.033937616,-3025.82043068483,-4262.42203104945,-321.547528250126
69.8,-2339755.41872391,2489339.95501251,-256306.127542817,-3023.69642969826,-4259.46054996866,-322.198349625702
69.85,-2339906.54722602,2489127.0604875,-256322.25330398,-3021.55219552675,-4256.47005147595,-322.843272601731
69.9,-2340057.56609719,2488914.3189368,-256338.411090164,-3019.32117433232,-4253.35569757105,-323.479845930164
69.95,-2340208.47572727,2488701.73003257,-256354.600959896,-3017.08120668553,-4250.2266149558,-324.117186089395
70,-2340359.27489131,2488489.29567141,-256370.822752028,-3014.92287531902,-4247.20093079938,-324.760018962695
70.05,-2340509.96347909,2488277.01640283,-256387.076385446,-3012.60538946202,-4243.9479049818,-325.385726654626
70.1,-2340660.54079747,2488064.89357442,-256403.361826382,-3010.41874806039,-4240.87076011503,-326.024368252945
70.15,-2340811.00654585,2487852.92790032,-256419.679001441,-3008.1383728104,-4237.65759000506,-326.656525894741
70.2,-2340961.36109742,2487641.11925322,-256436.027975378,-3005.95180431939,-4234.56400076429,-327.296021700237
70.25,-2341111.60375219,2487429.46887126,-256452.408805379,-3003.75748137172,-4231.45499133951,-327.938671060807
70.3,-2341261.73363253,2487217.97831099,-256468.82157711,-3001.50514515892,-4228.26131314689,-328.581309949457
70.35,-2341411.75064805,2487006.64787413,-256485.266525713,-2999.24873007252,-4225.05893518263,-329.225698684108
70.4,-2341561.65497877,2486795.47745521,-256501.743816352,-2996.98992568425,-4221.85003914412,-329.874946744188
70.45,-2341711.4462766,2486584.46764197,-256518.253546802,-2994.62519345503,-4218.49269833723,-330.511894890759
70.5,-2341861.12399214,2486373.61905549,-256534.796033232,-2992.38912276921,-4215.31976475807,-331.179805843258
70.55,-2342010.68749512,2486162.93237292,-256551.371714172,-2990.06384439065,-4212.02217137587,-331.837149197109
70.6,-2342160.13690404,2485952.4074162,-256567.980913209,-2987.86782485125,-4208.91286041206,-332.522830212798
70.65,-2342309.47071155,2485742.04597599,-256584.623729417,-2985.56315392502,-4205.65543733196,-333.198870240417
70.7,-2342458.68976798,2485531.8466118,-256601.300465283,-2983.23918540914,-4202.37550274179,-333.874538001999
70.75,-2342607.79242276,2485321.81139795,-256618.011150193,-2980.83767268457,-4198.99056366674,-334.546456690124
70.8,-2342756.77867013,2485111.94017974,-256634.755924332,-2978.5021351078,-4195.70209386613,-335.228074017023
70.85,-2342905.64814918,2484902.23335809,-256651.53469377,-2976.26354719161,-4192.54613213638,-335.919622245509
70.9,-2343054.40028443,2484692.69146977,-256668.347373852,-2973.89520123819,-4189.22319243755,-336.597552737162
70.95,-2343203.03409295,2484483.31586251,-256685.194047896,-2971.48220331271,-4185.83076201312,-337.267418457216
71,-2343351.54969525,2484274.1065034,-256702.074630258,-2969.05723681903,-4182.42445623099,-337.943382550776
71.05,-2343499.94622613,2484065.06472754,-256718.989002086,-2966.72145390123,-4179.13546238024,-338.62473711879
71.1,-2343648.22359698,2483856.19089731,-256735.937060527,-2964.3828091782,-4175.83270114983,-339.298947132037
71.15,-2343796.38107524,2483647.48642457,-256752.918648033,-2961.9376607565,-4172.37654147427,-339.962400053577
71.2,-2343944.4186715,2483438.95163744,-256769.933655794,-2959.48963566361,-4168.90942147749,-340.628654664996
71.25,-2344092.33669255,2483230.58656023,-256786.982141689,-2957.18454362561,-4165.6286116467,-341.311452898865
71.3,-2344240.13371999,2483022.39354133,-256804.064194019,-2954.77210678475,-4162.18974203893,-341.978227671972
71.35,-2344387.81077252,2482814.37174355,-256821.179876951,-2952.35443887937,-4158.73761035179,-342.655952186249
71.4,-2344535.36635867,2482606.52339782,-256838.329200904,-2949.94199636836,-4155.29365052314,-343.332663736537
71.45,-2344682.80138555,2482398.84754935,-256855.512733507,-2947.4221585518,-4151.68650323343,-344.004494483284
71.5,-2344830.11484488,2482191.34596428,-256872.730551443,-2945.00454802201,-4148.21964360331,-344.695966491036
71.55,-2344977.30720221,2481984.018194,-256889.983007627,-2942.65754832805,-4144.84693491422,-345.400493961731
71.6,-2345124.37755839,2481776.86546903,-256907.270287323,-2940.1813165877,-4141.29711131678,-346.094677808454
71.65,-2345271.32574038,2481569.88791942,-256924.592611089,-2937.7850724076,-4137.85992568421,-346.803081085474
71.7,-2345418.15143201,2481363.08588503,-256941.950192772,-2935.3199153368,-4134.32835744218,-347.509099767993
71.75,-2345564.85401138,2481156.46005696,-256959.343189317,-2932.85514543732,-4130.80468154693,-348.220673350474
71.8,-2345711.43375634,2480950.00982218,-256976.771784778,-2930.33376630844,-4127.20574388628,-348.925265915597
71.85,-2345857.88903805,2480743.73720067,-256994.235848104,-2927.7999744939,-4123.59195164144,-349.629993977434
71.9,-2346004.2196671,2480537.64221235,-257011.735433334,-2925.30142106997,-4120.03586507618,-350.339756563226
71.95,-2346150.42510472,2480331.72545288,-257029.270545009,-2922.79221175904,-4116.46507223394,-351.051182615205
72,-2346296.50561465,2480125.98649922,-257046.841160643,-2920.45934249574,-4113.13700727023,-351.778156230968
72.05,-2346442.45941579,2479920.42784243,-257064.446963809,-2917.84849727207,-4109.42383925708,-352.47018556168
72.1,-2346588.28698958,2479715.04884472,-257082.087843887,-2915.21711446392,-4105.68325568452,-353.160598613741
72.15,-2346733.98717748,2479509.85133634,-257099.76369426,-2912.67224594443,-4102.05379091821,-353.860641303194
72.2,-2346879.56027564,2479304.83532315,-257117.474543684,-2910.11016588136,-4098.39132458126,-354.557054542577
72.25,-2347025.00570723,2479100.00203537,-257135.220412571,-2907.61099112695,-4094.80578144838,-355.2627259192
72.3,-2347170.32338374,2478895.35206334,-257153.001306955,-2905.09912726755,-4091.19434717364,-355.972154033296
72.35,-2347315.51243473,2478690.88708564,-257170.817230394,-2902.49645206459,-4087.4476149037,-356.669714093002
72.4,-2347460.57302744,2478486.60741076,-257188.668430783,-2899.96513380536,-4083.78661016323,-357.380705962775
72.45,-2347605.50545717,2478282.51317913,-257206.555197793,-2897.35112180844,-4080.00330192403,-358.089455301777
72.5,-2347750.30857653,2478078.60647344,-257224.477724789,-2894.80540899241,-4076.30502998721,-358.814051769883
72.55,-2347894.98262068,2477874.88732922,-257242.436364481,-2892.12056946211,-4072.40978775049,-359.52737073742
72.6,-2348039.52684938,2477671.35695226,-257260.431373775,-2889.52711712559,-4068.63519834749,-360.257921823207
72.65,-2348183.94124634,2477468.01555166,-257278.46297378,-2886.92834909607,-4064.85425874712,-360.991472846867
72.7,-2348328.22589746,2477264.86297351,-257296.531420919,-2884.37118540523,-4061.13100787784,-361.736691616254
72.75,-2348472.38030016,2477061.89978217,-257314.636810576,-2881.80705645792,-4057.40080940999,-362.479353929349
72.8,-2348616.40333708,2476859.12735123,-257332.779098806,-2879.18391046472,-4053.59317267777,-363.219442346307
72.85,-2348760.29509343,2476656.54528532,-257350.958439656,-2876.43947186217,-4049.62617612779,-363.948551139571
72.9,-2348904.05447419,2476454.154824,-257369.17476684,-2873.89344817862,-4045.93742855672,-364.701833953237
72.95,-2349047.68108626,2476251.95630779,-257387.428093917,-2871.13372189636,-4041.95347671151,-365.428640647838
73,-2349191.17406406,2476049.95070852,-257405.718210102,-2868.50553827061,-4038.16053743943,-366.168634398037
73.05,-2349334.53290385,2475848.13859339,-257424.04498927,-2865.76188701842,-4034.20859184815,-366.894229880004
73.1,-2349477.75767494,2475646.51975569,-257442.40839653,-2863.12509934987,-4030.40179144371,-367.631537926196
73.15,-2349620.84678884,2475445.09663585,-257460.808182994,-2860.38060940817,-4026.4411733968,-368.354637826881
73.2,-2349763.80069223,2475243.86901196,-257479.244292741,-2857.66457854635,-4022.51081122602,-369.074319331885
73.25,-2349906.61854061,2475042.83824015,-257497.716846981,-2854.94431323827,-4018.56249267814,-369.803864478559
73.3,-2350049.30002882,2474842.00529342,-257516.225980892,-2852.30192710371,-4014.72167840497,-370.546948567379
73.35,-2350191.8446374,2474641.37171085,-257534.77144614,-2849.56076937338,-4010.7370362,-371.285795845725
73.4,-2350334.25292677,2474440.93695573,-257553.353803439,-2846.82620393298,-4006.72301703689,-372.017258121104
73.45,-2350476.52380658,2474240.70362108,-257571.973104854,-2844.08407803465,-4002.71186764914,-372.767166730363
73.5,-2350618.6581172,2474040.67097614,-257590.629654848,-2841.25140550658,-3998.54314462701,-373.497402776257
73.55,-2350760.65466444,2473840.84126854,-257609.323832542,-2838.53736930528,-3994.5318572361,-374.25255502471
73.6,-2350902.51350536,2473641.21521315,-257628.055730559,-2835.82363350609,-3990.52581424049,-375.027494352625
73.65,-2351044.23375058,2473441.7941479,-257646.825729796,-2832.96389488979,-3986.28481774204,-375.771860754446
73.7,-2351185.81560705,2473242.57834517,-257665.633929532,-2830.17974971396,-3982.16515478757,-376.540521063276
73.75,-2351327.25925016,2473043.56753976,-257684.480321676,-2827.51026311197,-3978.18755689922,-377.312174156324
73.8,-2351468.56328663,2472844.76360119,-257703.364955637,-2824.80939449613,-3974.17709332952,-378.08573669477
73.85,-2351609.72764086,2472646.16687894,-257722.287543604,-2821.92063436034,-3969.91487302805,-378.840634486108
73.9,-2351750.75188931,2472447.77763661,-257741.248137175,-2819.00908656074,-3965.59864352782,-379.579637290698
73.95,-2351891.63536515,2472249.59711043,-257760.246567386,-2816.1981397324,-3961.44032961372,-380.342063473039
74,-2352032.37754777,2472051.62579098,-257779.282583352,-2813.38235014346,-3957.25819449702,-381.088331196366
74.05,-2352172.97824201,2471853.86424301,-257798.356229857,-2810.62621471606,-3953.16661731087,-381.845676331394
74.1,-2352313.43619261,2471656.314629,-257817.467151442,-2807.6829674036,-3948.80762292312,-382.588557835408
74.15,-2352453.75140834,2471458.97709039,-257836.615592847,-2804.81095072198,-3944.52455759106,-383.331518417987
74.2,-2352593.92316864,2471261.85366058,-257855.801335298,-2801.98788885966,-3940.30802060776,-384.090563001972
74.25,-2352733.95161338,2471064.94469221,-257875.024457498,-2799.08003803529,-3935.94342536464,-384.827920145122
74.3,-2352873.83692636,2470868.25102089,-257894.285163211,-2796.30122083609,-3931.74856646645,-385.588400560889
74.35,-2353013.57915174,2470671.77369159,-257913.583339286,-2793.34246966019,-3927.28274555479,-386.333066323504
74.4,-2353153.17841433,2470475.51340294,-257932.919248544,-2790.54622457431,-3923.00666459506,-387.090005057831
74.45,-2353292.6351114,2470279.47090183,-257952.292927372,-2787.65033630296,-3918.58528819407,-387.848261526557
74.5,-2353431.94978843,2470083.64644271,-257971.704462571,-2784.90587837408,-3914.33733828238,-388.613936484758
74.55,-2353571.12225171,2469888.04139961,-257991.15401731,-2781.95323466344,-3909.79823811062,-389.354824016546
74.6,-2353710.15279967,2469692.65637347,-258010.641313516,-2779.13261509859,-3905.41801875195,-390.120090364802
74.65,-2353849.04113313,2469497.49226029,-258030.166534025,-2776.29588491981,-3900.99478327701,-390.870927470644
74.7,-2353987.78815586,2469302.54872231,-258049.729502625,-2773.54955173379,-3896.69306307419,-391.64208650195
74.75,-2354126.39291965,2469107.82737708,-258069.329861349,-2770.71461003409,-3892.2485373958,-392.385020303784
74.8,-2354264.85594808,2468913.32809627,-258088.967634728,-2767.86748434256,-3887.79694551944,-393.125725710769
74.85,-2354403.17610207,2468719.05281775,-258108.642210288,-2764.9766799322,-3883.27209215542,-393.862710712815
74.9,-2354541.35357787,2468525.00125097,-258128.353604838,-2762.07609968983,-3878.71807858146,-394.5832118645
74.95,-2354679.38830082,2468331.17414161,-258148.101382771,-2759.29691576213,-3874.33900091764,-395.324964156558
75,-2354817.28016878,2468137.57188209,-258167.885288083,-2756.44423529696,-3869.83177704877,-396.042517955982
75.05,-2354955.02912378,2467944.19527134,-258187.705266439,-2753.48399337928,-3865.1795007282,-396.744122480623
75.1,-2355092.63492708,2467751.04542915,-258207.560920656,-2750.63162107433,-3860.65687718448,-397.467592534842
75.15,-2355230.098175,2467558.12217779,-258227.452443977,-2747.86750072597,-3856.22323123236,-398.188210801961
75.2,-2355367.4184323,2467365.42748607,-258247.379587787,-2745.00876287538,-3851.64669713553,-398.907150538558
75.25,-2355504.59718946,2467172.96037734,-258267.342446416,-2742.18539935338,-3847.08155177432,-399.616463989192
75.3,-2355641.6336523,2466980.7235374,-258287.340944206,-2739.34574097164,-3842.47932414971,-400.323451404042
75.35,-2355778.52930386,2466788.71647476,-258307.374867889,-2736.44525628931,-3837.75627105096,-401.029428357604
75.4,-2355915.28418451,2466596.94029567,-258327.444260528,-2733.7192677434,-3833.23859377539,-401.739215333145
75.45,-2356051.89938245,2466405.39527833,-258347.548918289,-2730.93312491817,-3828.61470143268,-402.449937243209
75.5,-2356188.37450314,2466214.08329016,-258367.688425576,-2728.10446511416,-3823.89366316896,-403.136553300521
75.55,-2356324.71082921,2466023.00411517,-258387.862740017,-2725.26785606995,-3819.15032469301,-403.814274350665
75.6,-2356460.90785083,2465832.15955003,-258408.071093191,-2722.50825570225,-3814.48784082693,-404.503794402204
75.65,-2356596.9663544,2465641.54926815,-258428.313384149,-2719.82420869542,-3809.90461760049,-405.1789462731
75.7,-2356732.88594705,2465451.17491769,-258448.588872533,-2716.96015694253,-3805.06380383752,-405.835825858071
75.75,-2356868.66720924,2465261.03635038,-258468.897126542,-2714.18440770207,-3800.31953074556,-406.47821058794
75.8,-2357004.31013578,2465071.13445071,-258489.237718355,-2711.49376941124,-3795.69597090317,-407.126981965852
75.85,-2357139.8141645,2464881.47048909,-258509.609801941,-2708.7310556023,-3790.95646652453,-407.76292653072
75.9,-2357275.18017033,2464692.04370701,-258530.013336993,-2705.96395198601,-3786.18733926231,-408.380051240325
75.95,-2357410.40742613,2464502.8561568,-258550.44764407,-2703.19989154199,-3781.40933639932,-409.001150289709
76,-2357545.49698645,2464313.90718981,-258570.912533744,-2700.35524743938,-3776.49557095911,-409.589783649521
76.05,-2357680.44854727,2464125.19840954,-258591.407738131,-2697.62894498616,-3771.73835349753,-410.19521324439
76.1,-2357815.2629908,2463936.72969152,-258611.932831486,-2694.94950779336,-3767.01053513971,-410.808826742227
76.15,-2357949.9402113,2463748.50243791,-258632.487804103,-2692.12482168485,-3762.05011827776,-411.38323879431
76.2,-2358084.48149358,2463560.51679251,-258653.072361059,-2689.49307593418,-3757.32252871932,-411.991380538346
76.25,-2358218.88687504,2463372.77423307,-258673.686074128,-2686.82553198376,-3752.50436743463,-412.572912556207
76.3,-2358353.15710339,2463185.27567561,-258694.328713072,-2684.08669093576,-3747.56818324015,-413.137256079893
76.35,-2358487.29324233,2462998.02122504,-258714.999571774,-2681.41238974748,-3742.68139790779,-413.705154050766
76.4,-2358621.2952912,2462811.0124185,-258735.698287682,-2678.64885944088,-3737.63320001023,-414.235631519316
76.45,-2358755.16399801,2462624.25011167,-258756.424039362,-2675.99801016075,-3732.71253104659,-414.778705005833
76.5,-2358888.89979837,2462437.73496493,-258777.1760236,-2673.34900719221,-3727.76207700935,-415.287548067775
76.55,-2359022.5035651,2462251.46725353,-258797.953513323,-2670.69313973229,-3722.78899352578,-415.784085115841
76.6,-2359155.97476744,2462065.44877411,-258818.755442353,-2668.13240046424,-3717.917328473,-416.287349702653
76.65,-2359289.31360586,2461879.68032864,-258839.580948774,-2665.44620261065,-3712.84659739431,-416.745826761732
76.7,-2359422.5204523,2461694.1624569,-258860.429326213,-2662.79566683343,-3707.81782742844,-417.190976965155
76.75,-2359555.59563282,2461508.89544298,-258881.299625169,-2660.20974885698,-3702.86317937406,-417.632265263308
76.8,-2359688.53883007,2461323.88059868,-258902.191119639,-2657.58033387532,-3697.81875877739,-418.043806177173
76.85,-2359821.35111135,2461139.11719889,-258923.10319206,-2654.9579492901,-3692.77784298806,-418.44752747366
76.9,-2359954.03172484,2460954.60727541,-258944.035031717,-2652.32889183392,-3687.70048945812,-418.837067858295
76.95,-2360086.58198124,2460770.35038435,-258964.986559068,-2649.64336816487,-3682.52082895608,-419.216486243058
77,-2360219.00219346,2460586.34717388,-258985.957056095,-2647.13724667604,-3677.56036857781,-419.597499495737
77.05,-2360351.29297186,2460402.59825824,-259006.946006572,-2644.46207161041,-3672.34822242994,-419.942758395089
77.1,-2360483.45463112,2460219.10447332,-259027.952771578,-2641.92432932343,-3667.28566045076,-420.316189742824
77.15,-2360615.48774519,2460035.86709933,-259048.976906069,-2639.33108549162,-3662.10556504025,-420.644005107502
77.2,-2360747.39349235,2459852.88616718,-259070.017708953,-2636.86642841017,-3657.07830233773,-420.9853965874
77.25,-2360879.171652,2459670.16337283,-259091.074211086,-2634.33284623664,-3651.9330321208,-421.29118209158
77.3,-2361010.82340638,2459487.69861947,-259112.145783808,-2631.7604314841,-3646.69318458261,-421.567927572209
77.35,-2361142.34867328,2459305.49331182,-259133.23105141,-2629.24751199496,-3641.50588214259,-421.835333316495
77.4,-2361273.74795315,2459123.54796316,-259154.328842712,-2626.67356255773,-3636.22612364759,-422.062524064575
77.45,-2361405.02179202,2458941.86295785,-259175.437908006,-2624.25132846608,-3631.1301492578,-422.291595807392
77.5,-2361536.17016547,2458760.43892651,-259196.556893495,-2621.65395305793,-3625.78824994248,-422.4628158723
77.55,-2361667.1930137,2458579.27682323,-259217.684546267,-2619.17830866516,-3620.58884774213,-422.623201730946
77.6,-2361798.09054447,2458398.37708859,-259238.819695094,-2616.55518677461,-3615.17097930912,-422.751675721291
77.65,-2361928.86272092,2458217.74057093,-259259.961120982,-2614.21748632819,-3610.12799752361,-422.888139652076
77.7,-2362059.50948683,2458037.36819165,-259281.107776105,-2611.79817960263,-3604.96166316193,-422.996556547796
77.75,-2362190.03110827,2457857.26000277,-259302.258564173,-2609.19660529547,-3599.54205888345,-423.051038326857
77.8,-2362320.42746004,2457677.41722308,-259323.412818652,-2606.6213422821,-3594.12290964684,-423.099956937336
77.85,-2362450.69944914,2457497.83955564,-259344.569549313,-2604.2220984843,-3588.93184140454,-423.161727402754
77.9,-2362580.84695893,2457318.52803135,-259365.727951058,-2601.8298316811,-3583.72561876115,-423.198178263601
77.95,-2362710.8706957,2457139.48293603,-259386.887464334,-2599.23734722667,-3578.23013153764,-423.200076038267
78,-2362840.771836,2456960.70342686,-259408.047252617,-2596.82816398949,-3572.96146661349,-423.202396592906
78.05,-2362970.5504924,2456782.19058206,-259429.206299626,-2594.29190393103,-3567.504366771,-423.158142493096
78.1,-2363100.20683677,2456603.94526321,-259450.363556607,-2591.86759627104,-3562.17404122719,-423.118734493097
78.15,-2363229.74174108,2456425.96721152,-259471.517851226,-2589.52184304452,-3556.92778033917,-423.05737621155
78.2,-2363359.15501848,2456248.25765288,-259492.668168935,-2586.99870890081,-3551.44930435103,-422.942975313539
78.25,-2363488.4472153,2456070.81636899,-259513.812892379,-2584.66568509705,-3546.17971383411,-422.840188379374
78.3,-2363617.61778201,2455893.64498813,-259534.950648897,-2582.22771008598,-3540.77101578483,-422.681230959276
78.35,-2363746.66701459,2455716.74336484,-259556.079784991,-2579.87726266624,-3535.47930176492,-422.501418717719
78.4,-2363875.59436638,2455540.11252394,-259577.198691952,-2577.39582897984,-3529.99951515971,-422.275520873881
78.45,-2364004.40002725,2455363.75236017,-259598.305843809,-2574.92347005213,-3524.54034008423,-422.016555437965
78.5,-2364133.08391554,2455187.66300554,-259619.399533049,-2572.4005596497,-3518.99179800594,-421.727729424686
78.55,-2364261.64545286,2455011.84583125,-259640.478473131,-2569.95601651929,-3513.55276745726,-421.414165409214
78.6,-2364390.08531857,2454836.3000486,-259661.541308419,-2567.5917537899,-3508.21516875349,-421.089415490476
78.65,-2364518.40275669,2454661.02686903,-259682.586776812,-2565.07919026242,-3502.67609771894,-420.721106836384
78.7,-2364646.59904278,2454486.02497941,-259703.613958684,-2562.73338439438,-3497.34916546205,-420.355497909096
78.75,-2364774.6735885,2454311.29575703,-259724.621756124,-2560.31067667732,-3491.90517943931,-419.959191216701
78.8,-2364902.62737319,2454136.83848878,-259745.609350809,-2557.80996993026,-3486.34531149904,-419.532215143674
78.85,-2365030.46051415,2453962.65358682,-259766.575814889,-2555.48514119766,-3481.0118862547,-419.115565715948
78.9,-2365158.17323135,2453788.74134401,-259787.52022293,-2552.99625952733,-3475.44565951827,-418.6528581417
78.95,-2365285.7658507,2453615.10176486,-259808.441635645,-2550.60442254581,-3470.00095731148,-418.183411278542
79,-2365413.23858917,2453441.73502149,-259829.338938019,-2548.20405747221,-3464.53491943667,-417.688776617586
79.05,-2365540.59111378,2453268.64176839,-259850.210880796,-2545.87438941859,-3459.16795435293,-417.180734887435
79.1,-2365667.82315918,2453095.82212332,-259871.056159414,-2543.46561435504,-3453.69750571268,-416.634130050713
79.15,-2365794.93448977,2452923.27613908,-259891.873344348,-2541.00795942833,-3448.16709849069,-416.052155011545
79.2,-2365921.92481127,2452751.00383576,-259912.660932097,-2538.53905491536,-3442.63653755624,-415.436304588234
79.25,-2366048.79386415,2452579.00490425,-259933.417310996,-2536.17695614472,-3437.25974606218,-414.806733156218
79.3,-2366175.5405411,2452407.28025888,-259954.140802756,-2533.74348218545,-3431.79895516549,-414.136448423639
79.35,-2366302.16525204,2452235.82865534,-259974.829957049,-2531.2899567315,-3426.32382855122,-413.431942471417
79.4,-2366428.66640997,2452064.65156164,-259995.483024817,-2528.82711361912,-3420.85031355364,-412.696430440639
79.45,-2366555.04466595,2451893.74772613,-260016.098710144,-2526.26605143157,-3415.25186523712,-411.920646983584
79.5,-2366681.29950763,2451723.11760778,-260036.675555869,-2523.88929022029,-3409.90102214953,-411.144120158015
79.55,-2366807.43083563,2451552.7610959,-260057.21231036,-2521.3354345967,-3404.31930949152,-410.31873889909
79.6,-2366933.43844469,2451382.67845494,-260077.707846659,-2518.864916494,-3398.84693481708,-409.482854870461
79.65,-2367059.32287791,2451212.86917762,-260098.161130474,-2516.48308292826,-3393.48283622974,-408.641583347011
79.7,-2367185.0838231,2451043.33380757,-260118.571145317,-2514.0159569484,-3388.00972208985,-407.765949610574
79.75,-2367310.72164432,2450874.07182368,-260138.936973152,-2511.6452048126,-3382.66378130659,-406.887820935326
79.8,-2367436.23621618,2450705.08329042,-260159.257757287,-2509.05780742812,-3377.03571619386,-405.957982200269
79.85,-2367561.62766625,2450536.36772658,-260179.532585117,-2506.63608895574,-3371.63328808577,-405.036917245856
79.9,-2367686.89572806,2450367.92506589,-260199.760451592,-2504.07120516598,-3366.05630589434,-404.07341480031
79.95,-2367812.04015569,2450199.75491985,-260219.940366904,-2501.6837600804,-3360.72415159931,-403.116053460993
80,-2367937.06027493,2450031.85730311,-260240.071114255,-2499.09908982831,-3355.15603536791,-402.10577960407
80.05,-2368061.95523305,2449864.23226097,-260260.151481877,-2496.59564667653,-3349.70884254368,-401.092671756821
80.1,-2368186.72484359,2449696.87890834,-260280.180327704,-2494.15150206999,-3344.36162934539,-400.057170645381
80.15,-2368311.36740552,2449529.79803009,-260300.155908506,-2491.56718699152,-3338.88324490503,-398.970653942717
80.2,-2368435.88285523,2449362.98892298,-260320.077193702,-2489.03110918802,-3333.50517123949,-397.87069346096
80.25,-2368560.26952656,2449196.45175916,-260339.942462756,-2486.3895086168,-3327.9629917503,-396.728373387632
80.3,-2368684.52765407,2449030.18537876,-260359.750455632,-2483.89632430182,-3322.64682960723,-395.586808130437
80.35,-2368808.65597215,2448864.19048206,-260379.499942485,-2481.25812908751,-3317.17604195662,-394.392709853874
80.4,-2368932.65451651,2448698.46575396,-260399.189485247,-2478.70113874106,-3311.82361412655,-393.189774459688
80.45,-2369056.52279686,2448533.01159793,-260418.818111557,-2476.08524908119,-3306.42983856695,-391.959545651701
80.5,-2369180.26095847,2448367.82674694,-260438.384780252,-2473.40472377537,-3300.93464883823,-390.700674815832
80.55,-2369303.86885214,2448202.91117569,-260457.888560345,-2470.85365807237,-3295.6074753574,-389.445700971971
80.6,-2369427.34667807,2448038.26438314,-260477.328871983,-2468.2025475315,-3290.18171182143,-388.157158432363
80.65,-2369550.69443894,2447873.88556679,-260496.704791015,-2465.69135619686,-3284.94253432841,-386.878639126286
80.7,-2369673.91197161,2447709.77476667,-260516.015927172,-2462.99535413401,-3279.48964026518,-385.562986248887
80.75,-2369796.99919894,2447545.93092779,-260535.261616237,-2460.4601529488,-3274.23774920508,-384.258749108247
80.8,-2369919.9552244,2447382.35466927,-260554.441151127,-2457.80908658095,-3268.84193220475,-382.929054202029
80.85,-2370042.78012209,2447219.04503757,-260573.554158086,-2455.12331576677,-3263.45263218524,-381.580737847209
80.9,-2370165.47266589,2447056.00202888,-260592.599700931,-2452.55775791266,-3258.23423963325,-380.239168280112
80.95,-2370288.03260262,2446893.22494002,-260611.577360345,-2449.7942552763,-3252.80697830298,-378.859532010774
81,-2370410.4585591,2446730.71337705,-260630.486191318,-2447.1649721754,-3247.56783387493,-377.481885880613
81.05,-2370532.74995027,2446568.46682859,-260649.325331224,-2444.43636835798,-3242.21644410649,-376.076718966298
81.1,-2370654.90636839,2446406.48440053,-260668.09404888,-2441.79108239314,-3237.03408888137,-374.663556510814
81.15,-2370776.92604711,2446244.76637145,-260686.79108742,-2438.98479402357,-3231.66164076467,-373.211801357003
81.2,-2370898.80965972,2446083.31087283,-260705.41582659,-2436.27516538128,-3226.46478210123,-371.762345561122
81.25,-2371020.55554798,2445922.11822997,-260723.967100996,-2433.49385075224,-3221.16953793092,-370.278697606903
81.3,-2371142.16415448,2445761.18721205,-260742.444024893,-2430.75255721196,-3215.93583855543,-368.785908748019
81.35,-2371263.63516283,2445600.5173583,-260760.845856844,-2428.06819209878,-3210.82197013632,-367.281726133534
81.4,-2371384.96839087,2445440.1078465,-260779.171747925,-2425.31599439005,-3205.62099225056,-365.759373015278
81.45,-2371506.163746,2445279.95856747,-260797.421226731,-2422.55111455104,-3200.43531405801,-364.227195222641
81.5,-2371627.22126436,2445120.06840458,-260815.593718552,-2419.72470178441,-3195.15349960292,-362.671455026219
81.55,-2371748.14081724,2444960.43740366,-260833.688720136,-2417.05576197716,-3190.07214192478,-361.131304737545
81.6,-2371868.92213187,2444801.06559431,-260851.705980283,-2414.1842372062,-3184.77301282298,-359.556339893376
81.65,-2371989.56426267,2444641.95308357,-260869.645088498,-2411.41889757013,-3179.61422416195,-357.997286052591
81.7,-2372110.06775874,2444483.09878994,-260887.506163932,-2408.61452545172,-3174.43794642943,-356.434705565046
81.75,-2372230.43157753,2444324.50256332,-260905.288832668,-2405.89771368964,-3169.3750606087,-354.873077404898
81.8,-2372350.65474291,2444166.16497149,-260922.992818876,-2403.08644773183,-3164.20096647822,-353.2978934757
81.85,-2372470.73733751,2444008.08465161,-260940.618113249,-2400.25391334077,-3159.05397987421,-351.717443230166
81.9,-2372590.67737296,2443850.2625873,-260958.164092323,-2397.41016706944,-3153.91096207759,-350.13033218509
81.95,-2372710.47521598,2443692.69729097,-260975.630576653,-2394.45984312994,-3148.67067874194,-348.527205523171
82,-2372830.12934627,2443535.38876001,-260993.016926991,-2391.66931895412,-3143.64030400072,-346.924777398356
82.05,-2372949.6393562,2443378.33659948,-261010.322450283,-2388.70994668525,-3138.4152221517,-345.294341702994
82.1,-2373069.00461323,2443221.54043215,-261027.546661452,-2385.80307163109,-3133.30559794784,-343.660104955496
82.15,-2373188.2249554,2443064.99888465,-261044.688857412,-2382.98185441111,-3128.31805271418,-342.02488142051
82.2,-2373307.3000062,2442908.71209831,-261061.748462251,-2380.06780794847,-3123.23677618172,-340.367963785897
82.25,-2373426.22962816,2442752.67879112,-261078.724849963,-2377.23703818661,-3118.26364315096,-338.705539718747
82.3,-2373545.01330612,2442596.89924881,-261095.617363596,-2374.25464675637,-3113.096118437,-337.01729295289
82.35,-2373663.65157596,2442441.37240661,-261112.425865791,-2371.25178073691,-3107.94087009128,-335.319268824872
82.4,-2373782.14380053,2442286.09813106,-261129.149987235,-2368.34963301365,-3102.91214066411,-333.633833351997
82.45,-2373900.49060678,2442131.07555196,-261145.789804445,-2365.41612042412,-3097.86805110476,-331.949746964595
82.5,-2374018.69117673,2441976.30475898,-261162.345225458,-2362.508046028,-3092.84838356805,-330.259901330469
82.55,-2374136.74571699,2441821.78521456,-261178.816344673,-2359.66577826174,-3087.91092051466,-328.586844137085
82.6,-2374254.65399006,2441667.51680905,-261195.203484616,-2356.68501034611,-3082.83923674874,-326.899951078065
82.65,-2374372.41507706,2441513.49961229,-261211.506697796,-2353.70777173202,-3077.77572827001,-325.220667013772
82.7,-2374490.02953838,2441359.73277144,-261227.726248014,-2350.82881701702,-3072.8616665939,-323.561541172237
82.75,-2374607.4957653,2441206.21694108,-261243.862099663,-2347.79369838871,-3067.7495420286,-321.874474046405
82.8,-2374724.81415219,2441052.95105234,-261259.914273328,-2344.91638944291,-3062.84345762571,-320.20945601482
82.85,-2374841.98361124,2440899.93565067,-261275.882673214,-2341.92783062885,-3057.84784364598,-318.53148824173
82.9,-2374959.00389606,2440747.1698472,-261291.7669971,-2338.86752991803,-3052.75685772161,-316.836531342075
82.95,-2375075.87496282,2440594.6532185,-261307.56689854,-2335.93898496621,-3047.87651800073,-315.159191853261
83,-2375192.59580511,2440442.38559696,-261323.281895475,-2332.86289404803,-3042.8009738749,-313.441814577743
83.05,-2375309.16635061,2440290.36665491,-261338.911424979,-2329.87325665684,-3037.83659412593,-311.729386711
83.1,-2375425.58677776,2440138.59547297,-261354.45522947,-2326.85179437868,-3032.88221672113,-310.006966594205
83.15,-2375541.85675053,2439987.07161891,-261369.912731892,-2323.92316925628,-3028.03508380057,-308.286827157151
83.2,-2375657.97639034,2439835.79495214,-261385.283616865,-2320.89907009603,-3023.09761619862,-306.55769341436
83.25,-2375773.94481257,2439684.76539347,-261400.56766007,-2317.86221613586,-3018.12574014438,-304.813007384482
83.3,-2375889.76264914,2439533.98223438,-261415.764757239,-2314.88719406679,-3013.23462238327,-303.078744888551
83.35,-2376005.42991774,2439383.44521732,-261430.875170798,-2311.79006061109,-3008.22121826062,-301.334972632133
83.4,-2376120.94597977,2439233.15466167,-261445.898860763,-2308.84953122313,-3003.39308146454,-299.612249515273
83.45,-2376236.31115886,2439083.11041822,-261460.836155253,-2305.73108550785,-2998.35885319363,-297.882802805422
83.5,-2376351.52458408,2438933.31277104,-261475.68741645,-2302.70681358299,-2993.4306006275,-296.163290214565
83.55,-2376466.586916,2438783.76104254,-261490.452942111,-2299.68401305615,-2988.49718752311,-294.449548740706
83.6,-2376581.4972727,2438634.456304,-261505.133099402,-2296.6713526929,-2983.61354096087,-292.75002787377
83.65,-2376696.25557174,2438485.3979287,-261519.728015922,-2293.59505405332,-2978.63678775859,-291.042678231592
83.7,-2376810.86172231,2438336.58621293,-261534.237960245,-2290.54528279243,-2973.71638150835,-289.348104453753
83.75,-2376925.31561119,2438188.02035204,-261548.663019587,-2287.50700127543,-2968.8002460959,-287.648149866578
83.8,-2377039.61749238,2438039.69979936,-261563.003118324,-2284.50684756732,-2963.93864319114,-285.951029796596
83.85,-2377153.76737194,2437891.62438625,-261577.258111109,-2281.49059250242,-2959.08709871348,-284.24863698899
83.9,-2377267.76431158,2437743.79432916,-261591.427649078,-2278.45084288929,-2954.19885735257,-282.534858148847
83.95,-2377381.60956281,2437596.20780499,-261605.511607128,-2275.32445367412,-2949.21877710419,-280.814076880219
84,-2377495.30286121,2437448.86471493,-261619.509690075,-2272.29818343397,-2944.37009118295,-279.095691164333
84.05,-2377608.84435769,2437301.76416374,-261633.421719756,-2269.337632045,-2939.61766965289,-277.384586437806
84.1,-2377722.23402399,2437154.90614958,-261647.247469437,-2266.25956820905,-2934.72346280813,-275.649885341867
84.15,-2377835.47141047,2437008.29079458,-261660.986799759,-2263.18809987575,-2929.83199733489,-273.913479995323
84.2,-2377948.55742601,2436861.91676017,-261674.639862775,-2260.22525423085,-2925.09788880527,-272.202111607466
84.25,-2378061.49110451,2436715.78519806,-261688.206810336,-2257.15125917631,-2920.21044749462,-270.481666788812
84.3,-2378174.27308941,2436569.89505107,-261701.688044656,-2254.14446478254,-2915.41019829987,-268.773905023641
84.35,-2378286.90269049,2436424.24740132,-261715.083965738,-2251.09825559766,-2910.57059656491,-267.070056232219
84.4,-2378399.38005898,2436278.84184057,-261728.395164118,-2248.06024187471,-2905.72830521316,-265.378635378531
84.45,-2378511.70587151,2436133.67785474,-261741.622291303,-2244.93332678879,-2900.80027023776,-263.704951315865
84.5,-2378623.87968276,2435988.75577533,-261754.765855443,-2241.98266315487,-2896.05686319614,-262.043816133559
84.55,-2378735.90173871,2435844.07561361,-261767.826232868,-2238.91801103773,-2891.16703172569,-260.376114011453
84.6,-2378847.77209667,2435699.63754429,-261780.803804124,-2235.84323102322,-2886.28724690545,-258.717619677511
84.65,-2378959.49116348,2435555.44076844,-261793.698850904,-2232.89730060506,-2881.55181519447,-257.07486198472
84.7,-2379071.05921251,2435411.48527321,-261806.51156062,-2229.86828127035,-2876.73984187177,-255.437436655516
84.75,-2379182.47676968,2435267.76996319,-261819.241909025,-2226.86788697255,-2871.92909938932,-253.786631116401
84.8,-2379293.74357245,2435124.29555331,-261831.889625417,-2223.86195108445,-2867.1102056616,-252.128301575992
84.85,-2379404.86043862,2434981.06097449,-261844.454620508,-2220.78448370152,-2862.23173076911,-250.465222010023
84.9,-2379515.82694606,2434838.06620884,-261856.936590815,-2217.82628915414,-2857.49224954167,-248.809088909354
84.95,-2379626.64406574,2434695.31024412,-261869.335513274,-2214.79107353047,-2852.66340382855,-247.14214365551
85,-2379737.31128552,2434552.79338897,-261881.651192709,-2211.87150457831,-2847.98004219512,-245.483996369117
85.05,-2379847.82862633,2434410.51520126,-261893.883604061,-2208.88258460179,-2843.21658731876,-243.823083462532
85.1,-2379958.19605163,2434268.47566405,-261906.03303548,-2205.81768754184,-2838.35682974859,-242.153864234196
85.15,-2380068.41397878,2434126.67421252,-261918.099812727,-2202.88893580321,-2833.68689127078,-240.51530628071
85.2,-2380178.48188093,2433985.11109924,-261930.084340665,-2199.88593676976,-2828.9133736469,-238.874618602954
85.25,-2380288.40005645,2433843.7863305,-261941.987179214,-2196.8201545912,-2824.05273304053,-237.238422835447
85.3,-2380398.16880606,2433702.69961007,-261953.808953676,-2193.89591447634,-2819.37663884007,-235.631953589613
85.35,-2380507.78776111,2433561.85167496,-261965.550197771,-2190.91234558719,-2814.61297760619,-234.029271126679
85.4,-2380617.25760053,2433421.24190453,-261977.211695081,-2187.85874420065,-2809.75450648287,-232.432019405108
85.45,-2380726.57870777,2433280.87024855,-261988.793986222,-2184.95786033767,-2805.08101439754,-230.860891233812
85.5,-2380835.75129115,2433140.73682166,-262000.297448974,-2181.91811910063,-2800.22561333522,-229.277794153269
85.55,-2380944.77557733,2433000.84172924,-262011.722378667,-2178.96261715635,-2795.46612695128,-227.711218523615
85.6,-2381053.65269305,2432861.18395987,-262023.069054653,-2176.08912209292,-2790.80739114956,-226.153703883927
85.65,-2381162.38229248,2432721.7640561,-262034.337543745,-2173.18045559398,-2786.09710524416,-224.593633860695
85.7,-2381270.96556793,2432582.58079274,-262045.527806891,-2170.22249550612,-2781.32413739194,-223.023809944388
85.75,-2381379.40222461,2432443.63462525,-262056.639650387,-2167.30203911542,-2776.59284242286,-221.454370521273
85.8,-2381487.69311461,2432304.92433725,-262067.673046298,-2164.31187381646,-2771.787231332,-219.87857709139
85.85,-2381595.83813116,2432166.44984283,-262078.627937802,-2161.42700106818,-2767.11381670548,-218.309626877556
85.9,-2381703.83759397,2432028.21056662,-262089.504238326,-2158.56007931228,-2762.46666069914,-216.741418395949
85.95,-2381811.69148146,2431890.20616598,-262100.301969407,-2155.58158702964,-2757.68771526881,-215.164518864013
86,-2381919.39940356,2431752.43669253,-262111.021215168,-2152.66532796551,-2752.99898673965,-213.597794553862
86.05,-2382026.9618535,2431614.90122386,-262121.662345562,-2149.74943325339,-2748.31375228722,-212.039836866067
86.1,-2382134.37844436,2431477.59990899,-262132.225750474,-2146.89677711067,-2743.71318036824,-210.494946591781
86.15,-2382241.64891472,2431340.53294678,-262142.711845089,-2143.90555581691,-2738.94149348665,-208.948088627912
86.2,-2382348.77338765,2431203.7000735,-262153.121198398,-2140.98656225484,-2734.26309453145,-207.419952589337
86.25,-2382455.75242352,2431067.10060269,-262163.454445867,-2138.14703172314,-2729.67708212946,-205.90987580829
86.3,-2382562.5857098,2430930.73514222,-262173.712179129,-2135.20619027898,-2724.96315573105,-204.40293498671
86.35,-2382669.27430188,2430794.60270104,-262183.895052814,-2132.34293046232,-2720.33873868593,-202.912422496446
86.4,-2382775.81773784,2430658.70427459,-262194.003386462,-2129.45593475889,-2715.67222164467,-201.426819274949
86.45,-2382882.21742041,2430523.03859462,-262204.03765286,-2126.50977327045,-2710.9252480448,-199.943433358895
86.5,-2382988.47356003,2430387.60581313,-262213.998170625,-2123.67377843782,-2706.30904461683,-198.473853837027
86.55,-2383094.58701914,2430252.40525968,-262223.885165201,-2120.86685558152,-2701.71727270467,-197.007202431641
86.6,-2383200.55821211,2430117.43682059,-262233.698708636,-2117.9929411125,-2697.03679507505,-195.535692308937
86.65,-2383306.38758867,2429982.70012246,-262243.438768116,-2115.19576853084,-2692.45081751584,-194.068359430467
86.7,-2383412.07562857,2429848.19465098,-262253.105349059,-2112.36543144981,-2687.82236584469,-192.600218695347
86.75,-2383517.62249898,2429713.9200885,-262262.698476022,-2109.55338351279,-2683.22111285292,-191.130679817522
86.8,-2383623.02895394,2429579.87524939,-262272.218185236,-2106.73871514536,-2678.61884623528,-189.661230611057
86.85,-2383728.29411391,2429446.06089377,-262281.664408594,-2103.92921019325,-2674.03293937781,-188.193199141297
86.9,-2383833.41845997,2429312.47609882,-262291.037230249,-2101.03834915439,-2669.35605460005,-186.720976792972
86.95,-2383938.40154662,2429179.12061107,-262300.336921876,-2098.21881391872,-2664.77744613616,-185.262027605892
87,-2384043.24389644,2429045.99355524,-262309.563864374,-2095.45345200258,-2660.27619940271,-183.811872505701
87.05,-2384147.94455683,2428913.09552379,-262318.718300352,-2092.58189267334,-2655.65905543927,-182.366505910924
87.1,-2384252.5036642,2428780.42614908,-262327.800613895,-2089.78719523703,-2651.12873569727,-180.929741541549
87.15,-2384356.92090923,2428647.98569011,-262336.811294676,-2086.94830566382,-2646.54760602307,-179.502170722694
87.2,-2384461.19681126,2428515.77347416,-262345.75091534,-2084.06029472389,-2641.90772546195,-178.081970060474
87.25,-2384565.33182594,2428383.7890057,-262354.620038211,-2081.30978518611,-2637.43585822484,-176.683767015127
87.3,-2384669.32584589,2428252.03276582,-262363.419084736,-2078.43202116756,-2632.79334795518,-175.28090413217
87.35,-2384773.17987585,2428120.50398186,-262372.148507257,-2075.73114912643,-2628.35872732923,-173.898101749881
87.4,-2384876.89393894,2427989.20313138,-262380.808626923,-2072.91877419218,-2623.78172981815,-172.514015937865
87.45,-2384980.46940942,2427858.12891417,-262389.399831685,-2070.07858176655,-2619.1581870904,-171.132856201606
87.5,-2385083.90670711,2427727.28137738,-262397.922326331,-2067.39242153016,-2614.71166486457,-169.763717457093
87.55,-2385187.20638321,2427596.66030498,-262406.376182371,-2064.61196510196,-2610.14449051756,-168.39047860324
87.6,-2385290.36880817,2427466.26547541,-262414.761470093,-2061.83961273649,-2605.58603276414,-167.015590843538
87.65,-2385393.39481102,2427336.09597389,-262423.078276322,-2059.17839859111,-2601.16363099533,-165.652942209861
87.7,-2385496.284149,2427206.15188582,-262431.326685223,-2056.45564042971,-2596.66583530055,-164.285938867266
87.75,-2385599.03768934,2427076.4321885,-262439.506730198,-2053.73218329199,-2592.1767717773,-162.916708310365
87.8,-2385701.65418547,2426946.93773099,-262447.618346306,-2050.95846057979,-2587.64417252022,-161.549420526969
87.85,-2385804.13405029,2426817.66756781,-262455.661657699,-2048.26700665798,-2583.19730559793,-160.186611611919
87.9,-2385906.47697552,2426688.62168045,-262463.636873462,-2045.45002632369,-2578.63081405566,-158.82100860495
87.95,-2386008.68269848,2426559.79969546,-262471.544108601,-2042.7589759268,-2574.22867188335,-157.469331840276
88,-2386110.75079657,2426431.20169608,-262479.383625042,-2039.96474109982,-2569.69974951937,-156.114388102056
88.05,-2386212.68094656,2426302.82765007,-262487.155653956,-2037.1820448242,-2565.19213858693,-154.765319641393
88.1,-2386314.47351615,2426174.67675607,-262494.8605851,-2034.49032600369,-2560.80933405061,-153.432078135436
88.15,-2386416.12790595,2426046.74958708,-262502.498742007,-2031.73908199135,-2556.34942271658,-152.102664118066
88.2,-2386517.64536657,2425919.04470634,-262510.070545555,-2028.98772124413,-2551.88525962109,-150.77593745697
88.25,-2386619.02542316,2425791.56293032,-262517.576203593,-2026.25970445248,-2547.44158618019,-149.455679576481
88.3,-2386720.26910195,2425664.30335416,-262525.01605723,-2023.46606727175,-2542.91324181536,-148.137896056463
88.35,-2386821.37684891,2425537.26601453,-262532.390362893,-2020.78801042894,-2538.51565998066,-146.832893667777
88.4,-2386922.34942621,2425410.45043161,-262539.699416375,-2018.12783464574,-2534.1251968267,-145.53207891991
88.45,-2387023.1876602,2425283.85614275,-262546.943420266,-2015.44555275374,-2529.69764812322,-144.231342836754
88.5,-2387123.89178047,2425157.4833543,-262554.122440121,-2012.63813515995,-2525.11328283669,-142.925677034339
88.55,-2387224.46272438,2425031.33115889,-262561.236784938,-2010.04230593042,-2520.78260115319,-141.638867421927
88.6,-2387324.90092162,2424905.3992334,-262568.286655046,-2007.45636399562,-2516.45881014811,-140.35523182418
88.65,-2387425.206154,2424779.68779315,-262575.272164479,-2004.74476064734,-2511.98536118114,-139.065936655049
88.7,-2387525.37887746,2424654.19607517,-262582.193526792,-2002.15582985833,-2507.67166928411,-137.788318347448
88.75,-2387625.41860821,2424528.92429021,-262589.050873227,-1999.46377166497,-2503.23978749341,-136.507935768279
88.8,-2387725.32545395,2424403.87181462,-262595.84442775,-1996.83583355566,-2498.89669245279,-135.235992279414
88.85,-2387825.09919788,2424279.03800135,-262602.57453196,-1994.15871710969,-2494.49793514106,-133.96795954592
88.9,-2387924.73892672,2424154.42363014,-262609.241380781,-1991.48174029993,-2490.13470435743,-132.707665189352
88.95,-2388024.24495971,2424030.02755675,-262615.845129999,-1988.7330269524,-2485.68138024442,-131.442553772024
89,-2388123.61663336,2423905.85018385,-262622.386010123,-1986.05404055317,-2481.31375719171,-130.188024351524
89.05,-2388222.85439512,2423781.89054012,-262628.864344417,-1983.42792213983,-2477.02683689329,-128.941243082201
89.1,-2388321.95784993,2423658.14881842,-262635.280328146,-1980.71861279829,-2472.64654461076,-127.696909135559
89.15,-2388420.92730233,2423534.62460805,-262641.634167719,-1978.07479393407,-2468.34003396183,-126.458251534568
89.2,-2388519.76304135,2423411.31772292,-262647.92603083,-1975.40892040748,-2463.99889185536,-125.218929183736
89.25,-2388618.46590497,2423288.22739429,-262654.15613126,-1972.68646776054,-2459.58621362401,-123.982145289227
89.3,-2388717.03637557,2423165.35343923,-262660.324680964,-1970.0786262999,-2455.30428233509,-122.754389795542
89.35,-2388815.4751691,2423042.69551014,-262666.431863114,-1967.41974471901,-2450.94864849425,-121.52985328501
89.4,-2388913.78276139,2422920.25341062,-262672.477851225,-1964.84022040837,-2446.67973647742,-120.308657659997
89.45,-2389011.96010465,2422798.02653585,-262678.462809583,-1962.20623803632,-2442.33645466731,-119.087563154136
89.5,-2389110.0080002,2422676.01419173,-262684.387004884,-1959.68284998772,-2438.12369127152,-117.878836751811
89.55,-2389207.92631906,2422554.21670257,-262690.250643131,-1957.10106762365,-2433.83799938699,-116.671372867021
89.6,-2389305.71616541,2422432.63280159,-262696.054031351,-1954.46631524797,-2429.48843778582,-115.465309404409
89.65,-2389403.37661758,2422311.26344927,-262701.797367373,-1951.88926173264,-2425.21127520274,-114.265886557441
89.7,-2389500.90858363,2422190.10719268,-262707.480974499,-1949.36786885256,-2421.01415793083,-113.077729473283
89.75,-2389598.31127587,2422069.16459356,-262713.105118781,-1946.7540465146,-2416.71324871878,-111.891387923177
89.8,-2389695.58516009,2421948.43449884,-262718.670168276,-1944.200169929,-2412.49649169566,-110.712576234869
89.85,-2389792.72921608,2421827.9175246,-262724.176360276,-1941.60840630415,-2408.24442709385,-109.538637827469
89.9,-2389889.74354958,2421707.61297386,-262729.623932305,-1938.94545662694,-2403.9185760387,-108.364710375285
89.95,-2389986.62791183,2421587.5205134,-262735.013109483,-1936.37561600832,-2399.71959341727,-107.201226549224
90,-2390083.38234153,2421467.63961153,-262740.344130518,-1933.80725400614,-2395.52906209836,-106.041389704301
90.05,-2390180.00668146,2421347.97011183,-262745.617200915,-1931.17729931805,-2391.26558129728,-104.881241763203
90.1,-2390276.5010349,2421228.51179062,-262750.832404912,-1928.55016055674,-2387.01034135693,-103.724860111155
90.15,-2390372.86590027,2421109.26395486,-262755.989918318,-1926.02524348788,-2382.87790157489,-102.574912175741
90.2,-2390469.10147625,2420990.22654874,-262761.089841577,-1923.44969537319,-2378.67908410033,-101.424693342039
90.25,-2390565.20897678,2420871.39833531,-262766.132377495,-1920.886950465,-2374.4909318512,-100.277734101438
90.3,-2390661.18821324,2420752.77982589,-262771.117658963,-1918.33539256255,-2370.30960248386,-99.1346055945134
90.35,-2390757.04039493,2420634.36998567,-262776.045841748,-1915.73416865522,-2366.05753553846,-97.9908656699552
90.4,-2390852.76584872,2420516.16889985,-262780.917111724,-1913.24188389369,-2361.93114736596,-96.8577026414498
90.45,-2390948.36563929,2420398.17548546,-262785.731789214,-1910.7615060011,-2357.81448608568,-95.7303594842819
90.5,-2391043.83985461,2420280.38988212,-262790.490212482,-1908.19995182943,-2353.59867269259,-94.6052906136651
90.55,-2391139.18908118,2420162.81148041,-262795.192675981,-1905.69622937366,-2349.44640838219,-93.4901707304712
90.6,-2391234.41359362,2420045.43999486,-262799.839538253,-1903.20632134188,-2345.31591348152,-92.382798500818
90.65,-2391329.51322375,2419928.27537005,-262804.431216011,-1900.83781326104,-2341.33732971122,-91.2874248612588
90.7,-2391424.48802146,2419811.31722299,-262808.968116817,-1898.24637855683,-2337.09995080027,-90.1925145996534
90.75,-2391519.33801267,2419694.56510026,-262813.450641728,-1895.77367268722,-2333.01064594657,-89.1097480403895
90.8,-2391614.06326839,2419578.01849809,-262817.879112874,-1893.27146961332,-2328.89692626686,-88.0324030580564
90.85,-2391708.66288756,2419461.67786128,-262822.253797789,-1890.76400687504,-2324.78837057413,-86.9590651682337
90.9,-2391803.13733963,2419345.54216469,-262826.574972209,-1888.2240725157,-2320.6537448195,-85.8899045865902
90.95,-2391897.48618857,2419229.61139993,-262830.842895789,-1885.62200861415,-2316.44899636858,-84.8229993057378
91,-2391991.70995769,2419113.88458955,-262835.057717553,-1883.17669343924,-2312.44210821283,-83.7646093262079
91.05,-2392085.8081088,2418998.3620713,-262839.219473326,-1880.67087583762,-2308.36797540257,-82.703176281886
91.1,-2392179.781503,2418883.04269219,-262843.328188214,-1878.23629600508,-2304.37664588431,-81.646035320242
91.15,-2392273.62978934,2418767.92676704,-262847.38394787,-1875.68409465535,-2300.24777397411,-80.5840450885481
91.2,-2392367.3542716,2418653.01281588,-262851.386843191,-1873.26806254744,-2296.28051314052,-79.5304577844972
91.25,-2392460.95485084,2418538.30116404,-262855.336927737,-1870.80089380396,-2292.2457801026,-78.4758805387164
91.3,-2392554.43247564,2418423.79081982,-262859.234291314,-1868.28353861274,-2288.14413226244,-77.4197648342787
91.35,-2392647.78762279,2418309.48152523,-262863.079098054,-1865.90109717549,-2284.20205653999,-76.3724919028156
91.4,-2392741.02068662,2418195.37299313,-262866.871572613,-1863.39835307613,-2280.11365538393,-75.3263565188888
91.45,-2392834.13235499,2418081.46457498,-262870.612038016,-1861.01298157793,-2276.15760948348,-74.2910018293712
91.5,-2392927.12290746,2417967.75614706,-262874.300802129,-1858.57034989812,-2272.13267294585,-73.2585959842044
91.55,-2393019.99281093,2417854.24715326,-262877.938183533,-1856.18648569431,-2268.1794920802,-72.2374529975599
91.6,-2393112.74194961,2417740.9376144,-262881.524664547,-1853.79979850322,-2264.22884017947,-71.2254985531867
91.65,-2393205.37077456,2417627.82677617,-262885.060739612,-1851.39151970127,-2260.25303681583,-70.2211665335691
91.7,-2393297.87895976,2417514.91484368,-262888.546819134,-1848.98436761415,-2256.28072425202,-69.2247265935528
91.75,-2393390.26683258,2417402.20108469,-262891.983274821,-1846.51028487218,-2252.24382099034,-68.2341319441426
91.8,-2393482.5340638,2417289.68544806,-262895.370469889,-1844.15769434667,-2248.35881780127,-67.2532997991699
91.85,-2393574.6804971,2417177.36752872,-262898.708754995,-1841.68703157857,-2244.33014988045,-66.2765825271527
91.9,-2393666.70611244,2417065.24718216,-262901.99842265,-1839.29735275278,-2240.42820298331,-65.3078452290575
91.95,-2393758.61101757,2416953.3238071,-262905.239532241,-1836.85154968264,-2236.45459945716,-64.3364305435056
92,-2393850.39552788,2416841.59688795,-262908.432189475,-1834.47629738013,-2232.55961981974,-63.3672302146134
92.05,-2393942.05966753,2416730.06610723,-262911.576402917,-1832.09453809039,-2228.66796512048,-62.3995285720962
92.1,-2394033.60348413,2416618.73121004,-262914.672201605,-1829.66706232486,-2224.73481617319,-61.431589341389
92.15,-2394125.02749949,2416507.59145302,-262917.719594158,-1827.30459820482,-2220.87257431975,-60.4647330753101
92.2,-2394216.33194782,2416396.64662358,-262920.718524878,-1824.89458690126,-2216.94496946929,-59.4923690321834
92.25,-2394307.51781837,2416285.89561545,-262923.668960361,-1822.4817393149,-2213.0220179004,-58.5232003380072
92.3,-2394398.58517936,2416175.33838476,-262926.570945022,-1820.15365954241,-2209.19696086882,-57.5551380643197
92.35,-2394489.53449791,2416064.97445079,-262929.424551641,-1817.76922364451,-2205.30126352207,-56.588241623872
92.4,-2394580.36612997,2415954.80347563,-262932.2299522,-1815.42962210231,-2201.45825585722,-55.6261848108916
92.45,-2394671.0805735,2415844.82498339,-262934.987344853,-1813.08804021448,-2197.61071441566,-54.6683456018646
92.5,-2394761.67837754,2415735.03837584,-262937.697007666,-1810.81139771975,-2193.84273545715,-53.7201675630405
92.55,-2394852.15928996,2415625.44386836,-262940.359333255,-1808.42235442246,-2189.93692969901,-52.7743475249353
92.6,-2394942.52400016,2415516.04054757,-262942.974737906,-1806.14841996889,-2186.17462721744,-51.842761256454
92.65,-2395032.77198748,2415406.82888699,-262945.543654719,-1803.82073163797,-2182.3529998259,-50.9169264118584
92.7,-2395122.90385002,2415297.8080163,-262948.066485817,-1801.49383765069,-2178.5357098275,-49.9995263801694
92.75,-2395212.91957185,2415188.97768853,-262950.543683285,-1799.13934021817,-2174.68606085266,-49.0894216748283
92.8,-2395302.81892092,2415080.33791097,-262952.975601245,-1796.78528360267,-2170.84714730921,-48.1868867053729
92.85,-2395392.60200294,2414971.88820689,-262955.362616521,-1794.48986591497,-2167.086804328,-47.2939669591342
92.9,-2395482.26871902,2414863.62848229,-262957.704971429,-1792.13021785563,-2163.2511178454,-46.4018837624602
92.95,-2395571.81973253,2414755.55770218,-262960.002851092,-1789.87728070161,-2159.54349639974,-45.5136452534127
93,-2395661.25453986,2414647.67626404,-262962.256318859,-1787.50003843234,-2155.69767836199,-44.6254474503472
93.05,-2395750.57387602,2414539.98301735,-262964.465486536,-1785.24881720998,-2152.00314503959,-43.7411788244563
93.1,-2395839.77756106,2414432.47813521,-262966.630355014,-1782.93907023046,-2148.23955560934,-42.8544555119011
93.15,-2395928.86642446,2414325.1605437,-262968.750880799,-1780.64774198587,-2144.49830530358,-41.9663122811156
93.2,-2396017.8402716,2414218.03045243,-262970.826922764,-1778.35505517786,-2140.75998494738,-41.0760116536362
93.25,-2396106.69992831,2414111.08681617,-262972.858477121,-1776.01259847774,-2136.96314513803,-40.1843740701376
93.3,-2396195.44546979,2414004.32953155,-262974.845537236,-1773.73957299425,-2133.2441871013,-39.2961765328224
93.35,-2396284.07772375,2413897.75761345,-262976.788142791,-1771.53595523873,-2129.61324764814,-38.4082878759993
93.4,-2396372.59652555,2413791.37118993,-262978.686306822,-1769.27102342691,-2125.90833798923,-37.5198300803478
93.45,-2396461.00217644,2413685.16966923,-262980.540187915,-1766.95325240407,-2122.14604724639,-36.6357508636946
93.5,-2396549.29496574,2413579.15291506,-262982.350052549,-1764.69909475039,-2118.45432580708,-35.7571827208562
93.55,-2396637.4750217,2413473.3204019,-262984.116187768,-1762.43541627803,-2114.76615589464,-34.8863661434372
93.6,-2396725.54277331,2413367.67167458,-262985.83888093,-1760.24832143757,-2111.15488911135,-34.0212291898853
93.65,-2396813.49759952,2413262.207285,-262987.518515772,-1757.99732845178,-2107.47891984106,-33.1652110363554
93.7,-2396901.34036708,2413156.92600931,-262989.155487964,-1755.74731722642,-2103.81009336145,-32.3160399822684
93.75,-2396989.07032571,2413051.82849861,-262990.750226998,-1753.49069009318,-2100.14001782706,-31.4762613356868
93.8,-2397076.68811349,2412946.91375579,-262992.303215492,-1751.19315919305,-2096.42051150061,-30.6434827063067
93.85,-2397164.1936711,2412842.18174386,-262993.814755452,-1749.00841465575,-2092.8380319232,-29.8183641619795
93.9,-2397251.58692703,2412737.63232286,-262995.285157339,-1746.70641248294,-2089.12319375532,-28.9972741337714
93.95,-2397338.86814911,2412633.26497833,-262996.714627295,-1744.48983046294,-2085.51242539752,-28.1818726639534
94,-2397426.03758498,2412529.07933904,-262998.103385495,-1742.23762458475,-2081.85590075044,-27.368932874057
94.05,-2397513.09572859,2412425.07471382,-262999.451517109,-1740.03948747478,-2078.26975203648,-26.5572059454917
94.1,-2397600.0428052,2412321.25074276,-263000.759056474,-1737.84600884828,-2074.69281758285,-25.7447185358462
94.15,-2397686.87858228,2412217.60770688,-263002.025941441,-1735.63291134688,-2071.08964995216,-24.9305017673248
94.2,-2397773.60422551,2412114.14433658,-263003.252142986,-1733.42626838528,-2067.49935218113,-24.1183650576745
94.25,-2397860.21984422,2412010.86020433,-263004.437663479,-1731.20688717066,-2063.88102258258,-23.305103489258
94.3,-2397946.72589139,2411907.75479093,-263005.582407429,-1729.0458987885,-2060.34306319463,-22.4905376143685
94.35,-2398033.1226525,2411804.82792539,-263006.686408835,-1726.806563758,-2056.71898323565,-21.6702070255201
94.4,-2398119.40983629,2411702.07951739,-263007.749567232,-1724.62505473767,-2053.14980489716,-20.8501780990015
94.45,-2398205.58863395,2411599.50824268,-263008.772039746,-1722.44721220558,-2049.61036364265,-20.0425413939688
94.5,-2398291.65828984,2411497.11465362,-263009.753987811,-1720.27738300322,-2046.06698393409,-19.2377677711607
94.55,-2398377.61944394,2411394.89778623,-263010.695610413,-1718.13626078125,-2042.56370845227,-18.4336604239043
94.6,-2398463.47200969,2411292.85778049,-263011.597254737,-1715.94573203163,-2039.01523059236,-17.6329314630522
94.65,-2398549.21562395,2411190.99447662,-263012.459197536,-1713.80980818941,-2035.52511563112,-16.8404830858994
94.7,-2398634.85062451,2411089.30761286,-263013.281911591,-1711.63058670435,-2032.00308277398,-16.0632573025039
94.75,-2398720.37730597,2410987.79643332,-263014.065846164,-1709.46378866071,-2028.48329198058,-15.2968568864773
94.8,-2398805.79510225,2410886.46139877,-263014.811493484,-1707.29762512118,-2024.96805569819,-14.5352833070166
94.85,-2398891.10469831,2410785.30192433,-263015.519354447,-1705.06872941272,-2021.3904172743,-13.7797121287391
94.9,-2398976.30571581,2410684.31809505,-263016.18981207,-1702.93738811836,-2017.91673200564,-13.0347985581684
94.95,-2399061.39893067,2410583.50929424,-263016.823323568,-1700.74844257656,-2014.38557629484,-12.3016136060459
95,-2399146.38460274,2410482.87512176,-263017.420295832,-1698.62978807391,-2010.92629759677,-11.5774459835378
95.05,-2399231.26288131,2410382.41548626,-263017.980999192,-1696.46275339107,-2007.40560289533,-10.8557497938933
95.1,-2399316.03456564,2410282.12990088,-263018.505738248,-1694.38107366521,-2003.99051248258,-10.1351577471685
95.15,-2399400.69928118,2410182.01864728,-263018.994642064,-1692.26394141846,-2000.5160319361,-9.41766869492644
95.2,-2399485.25858297,2410082.08043968,-263019.447933592,-1690.11620660364,-1997.01929297435,-8.70872414054297
95.25,-2399569.71224823,2409982.31548532,-263019.865722451,-1688.04360918144,-1993.59624517062,-8.00385844597296
95.3,-2399654.06104552,2409882.7231048,-263020.248044923,-1685.89590264131,-1990.07711301426,-7.29767674485288
95.35,-2399738.30522094,2409783.30322484,-263020.595160494,-1683.81813920452,-1986.64526556626,-6.58955717183712
95.4,-2399822.44521632,2409684.05509193,-263020.907010389,-1681.78824191176,-1983.27256647816,-5.88731056464381
95.45,-2399906.48141453,2409584.97893279,-263021.183825299,-1679.67629313335,-1979.80434630156,-5.18668066670452
95.5,-2399990.41394331,2409486.07384686,-263021.425809364,-1677.52219819599,-1976.28426385578,-4.4941530221333
95.55,-2400074.24300052,2409387.33958012,-263021.633078538,-1675.56806715705,-1972.99571629728,-3.80377819524036
95.6,-2400157.96848677,2409288.776398,-263021.806042139,-1673.49390721396,-1969.58239852445,-3.11654956595209
95.65,-2400241.5905367,2409190.38357406,-263021.944942086,-1671.40655613203,-1966.13965060285,-2.43676495521056
95.7,-2400325.10953916,2409092.16104681,-263022.050245139,-1669.29023401808,-1962.71679339613,-1.77370919008391
95.75,-2400408.52523203,2408994.10812944,-263022.122384588,-1667.29552702221,-1959.38204683603,-1.11765949954362
95.8,-2400491.83766951,2408896.22542192,-263022.161725856,-1665.24317306743,-1955.97998306351,-0.464484534595577
95.85,-2400575.0472094,2408798.51232161,-263022.168911332,-1663.15119997748,-1952.55867626557,0.177137725225929
95.9,-2400658.153495,2408700.96863907,-263022.14432698,-1661.12406165141,-1949.20317120849,0.808186734462146
95.95,-2400741.15742118,2408603.59401144,-263022.088568733,-1659.01235578219,-1945.76159534007,1.42614239658556
96,-2400824.05883982,2408506.3884886,-263022.002112142,-1656.97258404493,-1942.38396404908,2.03053500782058
96.05,-2400906.85845603,2408409.35131348,-263021.885433171,-1654.99868214266,-1939.07404139151,2.62899499010499
96.1,-2400989.55650519,2408312.48285427,-263021.739010331,-1652.94566501392,-1935.68080195473,3.22221997429156
96.15,-2401072.1536435,2408215.78232851,-263021.563150924,-1650.95576452206,-1932.35121337318,3.808070536858
96.2,-2401154.65035854,2408119.24992839,-263021.358352185,-1648.95031352749,-1928.99919700005,4.38550365455953
96.25,-2401237.04735967,2408022.88479952,-263021.124950735,-1646.90859068925,-1925.58715072988,4.94971136676781
96.3,-2401319.34493935,2407926.68698744,-263020.863148579,-1644.96068426635,-1922.27573834155,5.51186030326156
96.35,-2401401.54403675,2407830.65595029,-263020.573371894,-1643.02867344832,-1918.97935607434,6.07433568159571
96.4,-2401483.64466765,2407734.79167961,-263020.255818104,-1641.01200454132,-1915.58562994046,6.62481202712045
96.45,-2401565.64798221,2407639.09376008,-263019.910918498,-1639.0966370833,-1912.3352157254,7.17135584454559
96.5,-2401647.55346946,2407543.5617199,-263019.538872959,-1637.15508109062,-1909.00547238823,7.70732016063946
96.55,-2401729.36187082,2407448.19573397,-263019.139925039,-1635.19715983045,-1905.65454471434,8.24284643100187
96.6,-2401811.0737387,2407352.9951046,-263018.714512719,-1633.28209228761,-1902.37408915099,8.77363179159585
96.65,-2401892.68813067,2407257.96034702,-263018.262875411,-1631.35410141331,-1899.06590144716,9.2920386270075
96.7,-2401974.20639312,2407163.09038412,-263017.785625868,-1629.34517420899,-1895.71578642725,9.80268038413895
96.75,-2402055.6277389,2407068.38528708,-263017.283061317,-1627.45332132388,-1892.44902796948,10.2972974621167
96.8,-2402136.95275225,2406973.84484013,-263016.755644694,-1625.55869377078,-1889.18065770389,10.7907333040262
96.85,-2402218.18128219,2406879.46908154,-263016.203998855,-1623.59788288257,-1885.8634207522,11.2741141005825
96.9,-2402299.31307349,2406785.257594,-263015.628489249,-1621.69836495765,-1882.6092884995,11.746940454855
96.95,-2402380.34889487,2406691.21011239,-263015.029895519,-1619.77892076777,-1879.36328252022,12.2028027630851
97,-2402461.28836873,2406597.32630503,-263014.408673775,-1617.79909567797,-1876.00224533323,12.6440386185002
97.05,-2402542.13230093,2406503.60604343,-263013.765385278,-1615.92361955423,-1872.75397437425,13.0782537559074
97.1,-2402622.88090045,2406410.04924198,-263013.100790014,-1613.98794561097,-1869.46658478975,13.5038522386256
97.15,-2402703.53424408,2406316.65540244,-263012.415320271,-1612.16790285314,-1866.28981402277,13.9099026338905
97.2,-2402784.09315301,2406223.42461504,-263011.709762581,-1610.25508315901,-1863.01458417659,14.3102968235041
97.25,-2402864.55816773,2406130.35599648,-263010.984634074,-1608.38460032951,-1859.7647883916,14.6918693267912
97.3,-2402944.92964754,2406037.44970937,-263010.240424403,-1606.46867725039,-1856.46345094834,15.0628407375804
97.35,-2403025.20831591,2405944.70538903,-263009.477926627,-1604.62550773718,-1853.23683621067,15.4311192842929
97.4,-2403105.39441899,2405852.12287163,-263008.69755425,-1602.78359998282,-1850.00765332595,15.7802131791748
97.45,-2403185.4895826,2405759.70126857,-263007.900093336,-1600.99236254591,-1846.85476149353,16.1229756699657
97.5,-2403265.49294791,2405667.44072206,-263007.085863778,-1599.15052945213,-1843.59754992517,16.4454945639617
97.55,-2403345.40595141,2405575.34065968,-263006.255435263,-1597.37623943314,-1840.40825452915,16.762268684814
97.6,-2403425.22848148,2405483.40127002,-263005.409515702,-1595.57008231028,-1837.20914618227,17.07253096508
97.65,-2403504.96051548,2405391.62209281,-263004.548456863,-1593.77277297611,-1834.00871034756,17.3628040152823
97.7,-2403584.60326813,2405300.0025451,-263003.673042415,-1591.95849334556,-1830.82248618872,17.6526747128512
97.75,-2403664.15590326,2405208.54240746,-263002.783607154,-1590.11856789687,-1827.56884525698,17.9219595750415
97.8,-2403743.618834,2405117.24193698,-263001.880742186,-1588.35390631399,-1824.39944523916,18.1812091447706
97.85,-2403822.99214033,2405026.10062484,-263000.96519317,-1586.53672127711,-1821.20195622578,18.4385254737994
97.9,-2403902.27575945,2404935.11786089,-263000.037301827,-1584.80056495125,-1818.08564773003,18.6712272700256
97.95,-2403981.46975409,2404844.29394515,-262999.097906243,-1582.99841227767,-1814.92166498583,18.902298254836
98,-2404060.57434151,2404753.62795943,-262998.147472219,-1581.20441997103,-1811.75011132632,19.1137481532335
98.05,-2404139.58906199,2404663.12037713,-262997.186557705,-1579.42672381254,-1808.59520520061,19.3101998889094
98.1,-2404218.51470146,2404572.7702806,-262996.216046051,-1577.58958065979,-1805.38885082648,19.5033551170662
98.15,-2404297.35085673,2404482.57779958,-262995.236440214,-1575.80715003479,-1802.24450083874,19.6740377584691
98.2,-2404376.09878091,2404392.54201416,-262994.248699574,-1574.06862469312,-1799.1742074165,19.8411737292723
98.25,-2404454.7578064,2404302.6627261,-262993.253217339,-1572.31311680118,-1796.04009697077,19.9775281124554
98.3,-2404533.32868914,2404212.94002399,-262992.250902109,-1570.51460562336,-1792.85657707738,20.1037314864148
98.35,-2404611.81179969,2404123.37346546,-262991.242616976,-1568.76539160778,-1789.74750259511,20.2227688301608
98.4,-2404690.20765759,2404033.96212651,-262990.228906844,-1567.07725826414,-1786.69908953912,20.3153199496158
98.45,-2404768.51687817,2403944.70609651,-262989.210914945,-1565.30218052983,-1783.57783336646,20.4081864792598
98.5,-2404846.73950759,2403855.60450026,-262988.189008996,-1563.61335267561,-1780.51430909786,20.4679105637738
98.55,-2404924.87620845,2403766.65754856,-262987.164213251,-1561.89952644806,-1777.41710578793,20.5137130410598
98.6,-2405002.92735633,2403677.86468068,-262986.137377064,-1560.19268038497,-1774.34483819631,20.5551510480735
98.65,-2405080.89329684,2403589.22504516,-262985.1090478,-1558.48634199375,-1771.27113916834,20.5674661656993
98.7,-2405158.77427088,2403500.7388358,-262984.080375269,-1556.77745474266,-1768.22428731591,20.5834531544238
98.75,-2405236.57034003,2403412.40501582,-262983.051733884,-1555.03786476137,-1765.11485149353,20.5630329158692
98.8,-2405314.2815898,2403324.22394468,-262982.024047603,-1553.35233764362,-1762.06143284399,20.5309746304844
98.85,-2405391.9084327,2403236.19463483,-262980.998112277,-1551.70214184595,-1759.0809228527,20.4992330143458
98.9,-2405469.45021059,2403148.31711613,-262979.974480164,-1549.98988045439,-1756.02864176396,20.4372133044198
98.95,-2405546.90759365,2403060.5907563,-262978.954197883,-1548.30208950559,-1753.04196627126,20.3807961230342
99,-2405624.27965593,2402973.01531719,-262977.937557531,-1546.61059043592,-1750.02559533429,20.287755969373
99.05,-2405701.56690591,2402885.59039701,-262976.925477305,-1544.86482228343,-1746.95461667632,20.1829097982954
99.1,-2405778.76915641,2402798.31548808,-262975.918775866,-1543.18582697544,-1743.99218417488,20.0807544754945
99.15,-2405855.88588527,2402711.19028805,-262974.917854048,-1541.45754664558,-1740.97447408172,19.9454748702605
99.2,-2405932.9174443,2402624.214383,-262973.923664641,-1539.7704900325,-1738.02020180155,19.810972760459
99.25,-2406009.86357802,2402537.38739768,-262972.936795477,-1538.03808914328,-1735.01640560095,19.6591942597703
99.3,-2406086.72456479,2402450.70864803,-262971.957897005,-1536.38382209774,-1732.11024808623,19.4911945100671
99.35,-2406163.50008487,2402364.17806999,-262970.98777036,-1534.63264988105,-1729.10684707499,19.3107715880422
99.4,-2406240.19075772,2402277.79463582,-262970.027186378,-1532.93551486874,-1726.16561708873,19.1108655591117
99.45,-2406316.79634424,2402191.55827715,-262969.076925145,-1531.23959387084,-1723.23451338965,18.8963531649171
99.5,-2406393.31731993,2402105.46815842,-262968.137770366,-1529.53565630144,-1720.30104390236,18.666808458515
99.55,-2406469.75399277,2402019.52373193,-262967.210512539,-1527.88043706523,-1717.42569774442,18.4249042180615
99.6,-2406546.10641358,2401933.72410347,-262966.295642125,-1526.22649539734,-1714.56291547195,18.169943171944
99.65,-2406622.37452763,2401848.06929091,-262965.394361456,-1524.54053248526,-1711.68016955607,17.8948709526817
99.7,-2406698.55881571,2401762.55808173,-262964.507008249,-1522.82069206734,-1708.75139226947,17.593326116586
99.75,-2406774.65954439,2401677.19007264,-262963.634666766,-1521.19301615355,-1705.94615485306,17.3014461361929
99.8,-2406850.6765285,2401591.96496547,-262962.777968244,-1519.46271209295,-1703.0409270306,16.9762689875219
99.85,-2406926.60958926,2401506.88207279,-262961.937396128,-1517.82257069021,-1700.2362551413,16.6400157870275
99.9,-2407002.45893593,2401421.94068662,-262961.11399628,-1516.16313666199,-1697.43144845553,16.2996062718581
99.95,-2407078.2241659,2401337.14044249,-262960.308113274,-1514.48548784535,-1694.62006140531,15.9336254441993
100,-2407153.90526214,2401252.48068948,-262959.520436503,-1512.79827377867,-1691.81082355428,15.5748464914054
100.05,-2407229.50205253,2401167.96094383,-262958.751512889,-1511.07295795894,-1688.98699796716,15.1917930485302
100.1,-2407305.01393098,2401083.58078076,-262958.001657168,-1509.36278689319,-1686.17814233987,14.795254202926
100.15,-2407380.44074741,2400999.33968463,-262957.271712147,-1507.65247714215,-1683.40006812445,14.4055874882345
100.2,-2407455.78215055,2400915.23714286,-262956.561842706,-1505.94672485299,-1680.63811598888,13.9890796944045
100.25,-2407531.03837963,2400831.27218265,-262955.872557566,-1504.28258128125,-1677.93493576825,13.5813176190249
100.3,-2407606.20852999,2400747.44512019,-262955.204361681,-1502.50796809739,-1675.13402424738,13.1543335089004
100.35,-2407681.29283814,2400663.7547776,-262954.557375375,-1500.84606892296,-1672.46172465919,12.7197458121566
100.4,-2407756.29083021,2400580.20102548,-262953.932392656,-1499.07293058443,-1669.68574099012,12.286809476868
100.45,-2407831.20286122,2400496.78293974,-262953.329537785,-1497.4021442135,-1667.031384004,11.8279110291493
100.5,-2407906.02857337,2400413.5003659,-262952.749343847,-1495.6536389839,-1664.29745324055,11.379994044078
100.55,-2407980.76820633,2400330.35262315,-262952.192311884,-1493.8938368701,-1661.57170910935,10.9126174566833
100.6,-2408055.42185387,2400247.33898437,-262951.658552302,-1492.23329137487,-1658.95527955347,10.4330550735983
100.65,-2408129.98930139,2400164.45924793,-262951.148938531,-1490.51209001671,-1656.28234670903,9.95515956307369
100.7,-2408204.47113308,2400081.71233378,-262950.663554421,-1488.79870784406,-1653.63045104635,9.45549418424468
100.75,-2408278.86731096,2399999.09792089,-262950.202980911,-1487.0353255005,-1650.92728575686,8.96514537452858
100.8,-2408353.17776758,2399916.61566435,-262949.767724524,-1485.31844982392,-1648.29311146091,8.45546879186726
100.85,-2408427.4026513,2399834.26480627,-262949.357908015,-1483.61941724832,-1645.67872447114,7.93148837698249
100.9,-2408501.54229418,2399752.04441092,-262948.974316982,-1481.95432461661,-1643.11751196609,7.41416469183998
100.95,-2408575.59627417,2399669.95444846,-262948.617025688,-1480.19779354073,-1640.47019507338,6.87300557637921
101,-2408649.56506925,2399587.99379623,-262948.28652446,-1478.53677784051,-1637.93210096388,6.34398025036331
101.05,-2408723.44793917,2399506.16258713,-262947.983202025,-1476.8161773511,-1635.35824036327,5.79668976397701
101.1,-2408797.24521365,2399424.45963295,-262947.707074768,-1475.05903708022,-1632.74586502002,5.24242734952934
101.15,-2408870.95650719,2399342.88453766,-262947.458702093,-1473.382885076,-1630.24194985879,4.69346988399499
101.2,-2408944.58162004,2399261.43683869,-262947.23810121,-1471.60444610083,-1627.64621117654,4.12626594292598
101.25,-2409018.12039263,2399180.11588464,-262947.045576132,-1469.90392090023,-1625.14300324029,3.5722674919646
101.3,-2409091.5723822,2399098.92140121,-262946.881384805,-1468.1366456712,-1622.59573943706,3.00460416731196
101.35,-2409164.93757987,2399017.85248726,-262946.745392046,-1466.42955126419,-1620.12074261695,2.43015263887753
101.4,-2409238.21548248,2398936.90878063,-262946.638075356,-1464.6545480785,-1617.58937012471,1.86698052891232
101.45,-2409311.40609595,2398856.08964195,-262946.559260185,-1462.95926145007,-1615.16276933788,1.28373289995737
101.5,-2409384.50898262,2398775.39490653,-262946.509275635,-1461.20779737864,-1612.67833828748,0.715461170659737
101.55,-2409457.52421289,2398694.82387769,-262946.488270877,-1459.39080420749,-1610.14914691927,0.135666064156548
101.6,-2409530.45165086,2398614.37597932,-262946.496144302,-1457.69045709973,-1607.75272063437,-0.45231365049142
101.65,-2409603.29113295,2398534.05079754,-262946.533365854,-1455.87975131911,-1605.24178005417,-1.02928161860455
101.7,-2409676.0427848,2398453.8478887,-262946.599819313,-1454.14935041127,-1602.83416679546,-1.62856561572766
101.75,-2409748.70669375,2398373.76669015,-262946.695825546,-1452.37262899896,-1600.37210618168,-2.21299746323411
101.8,-2409821.28305356,2398293.80668155,-262946.821600011,-1450.63929444474,-1597.97995344503,-2.80689875101719
101.85,-2409893.7720149,2398213.96724908,-262946.97701368,-1448.91777812754,-1595.59980885459,-3.41011565322841
101.9,-2409966.17342541,2398134.24810998,-262947.162580507,-1447.15122778295,-1593.17217638583,-4.0060903593358
101.95,-2410038.48775386,2398054.64867717,-262947.378249363,-1445.43354038724,-1590.8153341907,-4.62232170263632
102,-2410110.71492994,2397975.16867121,-262947.624263768,-1443.67251527061,-1588.4011177838,-5.22117103410502
102.05,-2410182.85546725,2397895.80727756,-262947.900893768,-1441.90063374687,-1585.99899331296,-5.83172964058548
102.1,-2410254.90925045,2397816.56424325,-262948.207899536,-1440.20553733326,-1583.67707478281,-6.45268942991911
102.15,-2410326.87628466,2397737.43903486,-262948.545853729,-1438.4454518713,-1581.29028081788,-7.06161758395463
102.2,-2410398.75662935,2397658.4313536,-262948.914519805,-1436.73588399542,-1578.97901595388,-7.686325259258
102.25,-2410470.55056454,2397579.54045824,-262949.31410577,-1435.03057146748,-1576.66198551777,-8.29660694034567
102.3,-2410542.25772639,2397500.7663128,-262949.744703884,-1433.26582976805,-1574.31157342115,-8.91836825987447
102.35,-2410613.87812592,2397422.1083564,-262950.206007033,-1431.51561352122,-1571.97506295149,-9.54046942502951
102.4,-2410685.41183531,2397343.56574606,-262950.698433012,-1429.82640123273,-1569.71598737339,-10.1525996460815
102.45,-2410756.85835671,2397265.13869973,-262951.221697021,-1428.08539477856,-1567.42084875428,-10.7777786910199
102.5,-2410828.21808751,2397186.82615132,-262951.775835034,-1426.39323363639,-1565.17298563554,-11.3885119465036
102.55,-2410899.49037152,2397108.62832202,-262952.36085792,-1424.5624866615,-1562.8062321729,-12.0027649258818
102.6,-2410970.67535463,2397030.54439152,-262952.976380542,-1422.79891258799,-1560.5143461013,-12.6207921125359
102.65,-2411041.77274783,2396952.57395792,-262953.622721096,-1421.06913873344,-1558.26560279169,-13.2298857597974
102.7,-2411112.78250214,2396874.71677825,-262954.299626032,-1419.28646691973,-1555.98210493245,-13.8498951638399
102.75,-2411183.70493914,2396796.97194952,-262955.007117977,-1417.58935900627,-1553.78196526539,-14.451784590145
102.8,-2411254.53944874,2396719.33975449,-262955.745238054,-1415.78108964081,-1551.48971661327,-15.0624246145549
102.85,-2411325.28663606,2396641.81917604,-262956.513686239,-1414.08627485379,-1549.3179730498,-15.6797847447452
102.9,-2411395.94589593,2396564.41024164,-262957.312789889,-1412.32763915646,-1547.07829047234,-16.2836214868109
102.95,-2411466.51804877,2396487.11209503,-262958.142394368,-1410.58374111548,-1544.87281961207,-16.9035571451864
103,-2411537.00272671,2396409.92485762,-262959.002578769,-1408.84336983659,-1542.65427547536,-17.5067511541988
103.05,-2411607.40040812,2396332.84788392,-262959.89344493,-1407.05048516644,-1540.40380037239,-18.1198698958318
103.1,-2411677.71115037,2396255.88095235,-262960.814746767,-1405.32454633797,-1538.21752098458,-18.7370089345106
103.15,-2411747.93543941,2396179.02320737,-262961.766869067,-1403.58914463284,-1536.02153851705,-19.3440356471369
103.2,-2411818.07320079,2396102.27487163,-262962.749601622,-1401.91089395728,-1533.89757589153,-19.9692099610335
103.25,-2411888.12495358,2396025.63533746,-262963.763127975,-1400.1473705314,-1531.66498775817,-20.5751528210967
103.3,-2411958.09060632,2395949.10459773,-262964.807459991,-1398.4252071559,-1529.4991256936,-21.1893972386981
103.35,-2412027.97088311,2395872.68184234,-262965.882316388,-1396.76925704991,-1527.39664198973,-21.8096642607596
103.4,-2412097.76541657,2395796.36712851,-262966.987980614,-1395.05765105522,-1525.23264246986,-22.414024595855
103.45,-2412167.47497913,2395720.15979289,-262968.124166091,-1393.35933605664,-1523.09691719438,-23.0360738370498
103.5,-2412237.09925336,2395644.05995425,-262969.290898136,-1391.63667958918,-1520.91957565776,-23.6347482970248
103.55,-2412306.63855764,2395568.06717323,-262970.488151823,-1389.90285539067,-1518.75210337793,-24.2434729443973
103.6,-2412376.09297946,2395492.18120186,-262971.715514515,-1388.22026094924,-1516.6329712277,-24.8535789705487
103.65,-2412445.46247678,2395416.4015956,-262972.973153857,-1386.5593649006,-1514.54177731518,-25.4462209551841
103.7,-2412514.7471971,2395340.72829096,-262974.26068087,-1384.81685243336,-1512.37681395316,-26.0530143121951
103.75,-2412583.94711667,2395265.16093811,-262975.578045078,-1383.14213642643,-1510.2715953977,-26.6401977401146
103.8,-2412653.06228239,2395189.69929547,-262976.925125283,-1381.46788110065,-1508.19058421432,-27.233251631281
103.85,-2412722.09256737,2395114.34328285,-262978.301448093,-1379.78123181739,-1506.09518783332,-27.8227696811894
103.9,-2412791.03827482,2395039.09198898,-262979.707190749,-1378.08212581489,-1503.9864896225,-28.3996497106715
103.95,-2412859.8989977,2394963.94595754,-262981.141923161,-1376.38731035244,-1501.89848636529,-28.992455847781
104,-2412928.67529218,2394888.9042693,-262982.605698719,-1374.65423516216,-1499.75100307097,-29.5595738349975
104.05,-2412997.36694501,2394813.96702171,-262984.098399877,-1372.98007126833,-1497.69527584502,-30.1351621810663
104.1,-2413065.97434835,2394739.13363624,-262985.619543726,-1371.32434056261,-1495.65244464399,-30.7138621122127
104.15,-2413134.49734144,2394664.40390836,-262987.169486919,-1369.61416399926,-1493.54779719111,-31.2794990111262
104.2,-2413202.93618765,2394589.77776991,-262988.747881365,-1367.91155727418,-1491.46528337234,-31.8583820286631
104.25,-2413271.29150851,2394515.25442373,-262990.354798298,-1366.28576574103,-1489.44618368499,-32.419168662324
104.3,-2413339.56294239,2394440.83425404,-262991.990243119,-1364.61006366037,-1487.39585667836,-32.9903098931241
104.35,-2413407.7513474,2394366.5164525,-262993.653883647,-1362.93324789806,-1485.32983174615,-33.5627107923563
104.4,-2413475.85655258,2394292.30100673,-262995.346031021,-1361.24355785577,-1483.24475324862,-34.1206963884195
104.45,-2413543.8792487,2394218.18754809,-262997.066429713,-1359.64466634304,-1481.26879813663,-34.6963767339045
104.5,-2413611.81929434,2394144.17626198,-262998.815106679,-1357.96344937638,-1479.18305417436,-35.2525058989632
104.55,-2413679.67771677,2394070.26617821,-263000.592124223,-1356.31855434865,-1477.15508387891,-35.8215076414219
104.6,-2413747.45413433,2393996.45783536,-263002.397470021,-1354.7291155188,-1475.17266645195,-36.394660919012
104.65,-2413815.14906246,2393922.75078302,-263004.231117104,-1353.06357541218,-1473.10162312525,-36.9558788130985
104.7,-2413882.76284591,2393849.144847,-263006.092942331,-1351.46024930296,-1471.10323731712,-37.5192206697275
104.75,-2413950.29568492,2393775.63996334,-263007.98280026,-1349.82259801804,-1469.05946604324,-38.0797117494922
104.8,-2414017.74800313,2393702.23577475,-263009.900565807,-1348.23441297215,-1467.06753170711,-38.6324551578507
104.85,-2414085.11986015,2393628.93227431,-263011.846031564,-1346.60607007317,-1465.03435131158,-39.1839723843296
104.9,-2414152.41157501,2393555.7291677,-263013.819061193,-1345.04844495244,-1463.07439837289,-39.7363400579087
104.95,-2414219.62307796,2393482.62657412,-263015.819431261,-1343.44696932046,-1461.06863146302,-40.2802497601023
105,-2414286.75480947,2393409.62407424,-263017.846935694,-1341.84967758366,-1459.06170064386,-40.8190723504079
105.05,-2414353.80665848,2393336.72179869,-263019.901383295,-1340.25606377382,-1457.06256400183,-41.3576743456275
105.1,-2414420.77893976,2393263.91933451,-263021.982524098,-1338.61972788107,-1455.01948917194,-41.8866991958534
105.15,-2414487.67148963,2393191.21678399,-263024.090130027,-1337.03113230092,-1453.02745594361,-42.4148319434586
105.2,-2414554.48489025,2393118.61347497,-263026.224016764,-1335.4861575906,-1451.08477249665,-42.9392746802099
105.25,-2414621.21867085,2393046.10989043,-263028.38405539,-1333.89659112321,-1449.09176777135,-43.4602948836281
105.3,-2414687.87353112,2392973.70523565,-263030.57000938,-1332.31626454673,-1447.11628668437,-43.9792788272671
105.35,-2414754.44914694,2392901.39964898,-263032.781716913,-1330.73670395145,-1445.14362729253,-44.4875542139725
105.4,-2414820.94580688,2392829.19279648,-263035.019022065,-1329.11760411967,-1443.12120831905,-45.0012604005613
105.45,-2414887.36381342,2392757.08430614,-263037.281980718,-1327.58367042,-1441.1980593297,-45.5092826612686
105.5,-2414953.7031598,2392685.07414062,-263039.570105629,-1325.9709477949,-1439.19278620365,-46.0209044881004
105.55,-2415019.96401667,2392613.16210421,-263041.883654278,-1324.42628909747,-1437.25815091003,-46.5265854439137
105.6,-2415086.14693181,2392541.34752856,-263044.222480357,-1322.8482748942,-1435.28790352752,-47.0200102753783
105.65,-2415152.25147786,2392469.63075569,-263046.586356106,-1321.29438167495,-1433.34152368644,-47.5297720163897
105.7,-2415218.27853035,2392398.01108673,-263048.975441487,-1319.74060219125,-1431.39670306747,-48.0311359757034
105.75,-2415284.22822764,2392326.48831076,-263051.38957109,-1318.2117581983,-1429.47636274875,-48.5308636864307
105.8,-2415350.10050283,2392255.06252697,-263053.828674535,-1316.64628233386,-1427.52251827273,-49.0299073109622
105.85,-2415415.89619401,2392183.73279848,-263056.292740466,-1315.15562741065,-1425.64678631577,-49.5284523616278
105.9,-2415481.61482931,2392112.49968259,-263058.78160355,-1313.62789180808,-1423.72187434197,-50.0278850481896
105.95,-2415547.25746569,2392041.36215074,-263061.295511687,-1312.10452036499,-1421.80727628948,-50.5271834162004
106,-2415612.82372373,2391970.32072519,-263063.834029592,-1310.58064244483,-1419.89330366525,-51.0258942953892
106.05,-2415678.31414584,2391899.37485274,-263066.397295644,-1309.02232584888,-1417.93237903803,-51.5112135935992
106.1,-2415743.72886465,2391828.524441,-263068.985130576,-1307.5281170098,-1416.04183218133,-51.9996345218989
106.15,-2415809.06811771,2391757.76924514,-263071.59732348,-1306.04909078872,-1414.17024196389,-52.4879600545195
106.2,-2415874.3320376,2391687.10915181,-263074.233951052,-1304.50008212193,-1412.22363930032,-52.9680727294241
106.25,-2415939.52099975,2391616.54385459,-263076.894526087,-1303.04093784748,-1410.37463300717,-53.4600874444222
106.3,-2416004.63473373,2391546.07357921,-263079.579213394,-1301.55677181278,-1408.49671662716,-53.9383162793434
106.35,-2416069.67378865,2391475.69761108,-263082.287710861,-1300.08869999297,-1406.63605846438,-54.4063219176449
106.4,-2416134.63782958,2391405.41635903,-263085.019783459,-1298.53189055336,-1404.67719973291,-54.878771899945
106.45,-2416199.52736619,2391335.22935307,-263087.775353449,-1297.01518524011,-1402.76558688504,-55.3421788683391
106.5,-2416264.3422439,2391265.13666286,-263090.554150205,-1295.54756545002,-1400.90527615792,-55.8078817726219
106.55,-2416329.08257841,2391195.1380624,-263093.356044721,-1294.03691111483,-1399.00529017657,-56.2662744857446
106.6,-2416393.74877423,2391125.23301229,-263096.180842746,-1292.59914724237,-1397.18437032288,-56.7247469299175
106.65,-2416458.34043889,2391055.42182982,-263099.028386635,-1291.07099876045,-1395.26644698319,-57.1768304144576
106.7,-2416522.85822077,2390985.703702,-263101.898666481,-1289.63227641952,-1393.44961412244,-57.6274562668292
106.75,-2416587.3016706,2390916.07906789,-263104.791304544,-1288.14576394724,-1391.58421646112,-58.0871967959121
106.8,-2416651.67139395,2390846.54719413,-263107.706485256,-1286.66901197205,-1389.72332879006,-58.5304503156522
106.85,-2416715.9671795,2390777.10821499,-263110.644010945,-1285.17368452476,-1387.84775565378,-58.97153804493
106.9,-2416780.18947113,2390707.76157705,-263113.603815115,-1283.7245033854,-1386.02409985797,-59.4200353564672
106.95,-2416844.3381956,2390638.50729881,-263116.585882382,-1282.27400482308,-1384.19879715961,-59.8647741014076
107,-2416908.41361877,2390569.34506023,-263119.59014578,-1280.79368200267,-1382.34467454718,-60.3070130805959
107.05,-2416972.41615447,2390500.27433985,-263122.616613681,-1279.33583438313,-1380.51476718551,-60.7508578257661
107.1,-2417036.34580803,2390431.29501748,-263125.665247666,-1277.83813330325,-1378.64414330532,-61.1936134389408
107.15,-2417100.20277901,2390362.40689486,-263128.736038381,-1276.41029755483,-1376.84740344923,-61.6369409816253
107.2,-2417163.98732596,2390293.60969001,-263131.828973536,-1274.94107057203,-1375.0086252306,-62.0785059417501
107.25,-2417227.69989185,2390224.90289205,-263134.944096439,-1273.54199424357,-1373.24440665912,-62.5227021083727
107.3,-2417291.34025427,2390156.28666884,-263138.081311643,-1272.10667080531,-1371.44066946657,-62.9662333929824
107.35,-2417354.90907555,2390087.76027567,-263141.240606767,-1270.6525278989,-1369.61975479601,-63.4072292749057
107.4,-2417418.40614626,2390019.32394774,-263144.421914156,-1269.24341461769,-1367.84689207368,-63.8467221267351
107.45,-2417481.83196582,2389950.97709781,-263147.625345354,-1267.77525044191,-1366.01395452741,-64.284300610001
107.5,-2417545.18654654,2389882.71973939,-263150.850422057,-1266.39425862662,-1364.27329943273,-64.7292213363209
107.55,-2417608.47001307,2389814.55167717,-263154.097403804,-1264.95313096744,-1362.46262791962,-65.1593017325218
107.6,-2417671.68252058,2389746.47273225,-263157.366087328,-1263.53511031872,-1360.68252187353,-65.5861607562001
107.65,-2417734.82420894,2389678.48268955,-263160.65619941,-1262.1427042655,-1358.92914043789,-66.0182310367184
107.7,-2417797.89511214,2389610.58151684,-263163.967710698,-1260.71225478365,-1357.1348010768,-66.4425771887435
107.75,-2417860.89554694,2389542.76885745,-263167.300452253,-1259.36270147921,-1355.43006990388,-66.8681757845278
107.8,-2417923.82526283,2389475.04487668,-263170.654224191,-1257.88264141091,-1353.591856777,-67.2873479921589
107.85,-2417986.68468484,2389407.40895793,-263174.028918809,-1256.50187060772,-1351.8600463719,-67.70194040309
107.9,-2418049.47352144,2389339.86131917,-263177.424304674,-1255.04799863784,-1350.04484013716,-68.1143973324922
107.95,-2418112.19216406,2389272.4017213,-263180.84031386,-1253.68246548575,-1348.32689405298,-68.52546619846
108,-2418174.84054602,2389205.03008184,-263184.276726193,-1252.25984985595,-1346.54777245218,-68.9310053108843
108.05,-2418237.41881661,2389137.74614211,-263187.733377483,-1250.87839082347,-1344.81914080937,-69.335059110187
108.1,-2418299.92706045,2389070.54967041,-263191.21017656,-1249.43709661156,-1343.02532315816,-69.733138902465
108.15,-2418362.3651934,2389003.44077003,-263194.706985976,-1248.0391224949,-1341.2785748238,-70.1337715810603
108.2,-2418424.73375767,2388936.41884133,-263198.223782947,-1246.68686230567,-1339.5812176656,-70.5367685456517
108.25,-2418487.03247657,2388869.48413011,-263201.76044868,-1245.25320397714,-1337.79972574462,-70.9306292989598
108.3,-2418549.26192429,2388802.63587223,-263205.316933803,-1243.90775779491,-1336.11226516048,-71.3281850632593
108.35,-2418611.42187099,2388735.87431833,-263208.893175734,-1242.52288735466,-1334.38566445727,-71.7225628438092
108.4,-2418673.51287814,2388669.19879106,-263212.489218015,-1241.14307468358,-1332.66308448838,-72.1196373938687
108.45,-2418735.53470962,2388602.60954407,-263216.105022815,-1239.760042416,-1330.93934522883,-72.5137845203316
108.5,-2418797.48786995,2388536.10596543,-263219.740581974,-1238.34889046395,-1329.18723178577,-72.9063758062827
108.55,-2418859.37243528,2388469.68790519,-263223.395911239,-1237.00178373319,-1327.50251878848,-73.3040654629242
108.6,-2418921.18859238,2388403.35508809,-263227.071009444,-1235.61505868765,-1325.7786702527,-73.6975029558929
108.65,-2418982.936684,2388337.10714884,-263230.765860135,-1234.290479379,-1324.12047406447,-74.0947397629791
108.7,-2419044.6166476,2388270.94411342,-263234.480507641,-1232.89423799189,-1322.38698166056,-74.4878161226486
108.75,-2419106.22896257,2388204.86543493,-263238.214939642,-1231.58493505508,-1320.74729493791,-74.8859473728422
108.8,-2419167.77341251,2388138.87120732,-263241.969067981,-1230.23505289629,-1319.06675265845,-75.2802637072338
108.85,-2419229.25063094,2388072.96071612,-263245.742903019,-1228.88148260825,-1317.38310538678,-75.6726746217994
108.9,-2419290.66015832,2388007.13437416,-263249.536381229,-1227.53949015918,-1315.71311726187,-76.0652905485175
108.95,-2419352.00257719,2387941.3915365,-263253.349444409,-1226.14919912427,-1313.99260867112,-76.4541123785903
109,-2419413.27780743,2387875.73223756,-263257.182019835,-1224.82776161703,-1312.34592481933,-76.8464479262287
109.05,-2419474.48593778,2387810.1562486,-263261.033994576,-1223.46792288842,-1310.66267817482,-77.2312947183232
109.1,-2419535.6272784,2387744.66313868,-263264.905228694,-1222.1706306549,-1309.04602194291,-77.6159520617659
109.15,-2419596.70150351,2387679.25321944,-263268.795589721,-1220.79097156411,-1307.34351278478,-77.996437707238
109.2,-2419657.70906775,2387613.9259588,-263272.70499836,-1219.49580487196,-1305.73049808102,-78.3795193906464
109.25,-2419718.64964019,2387548.68163498,-263276.633292284,-1218.16038629836,-1304.07839631973,-78.7535789526086
109.3,-2419779.52371242,2387483.51957719,-263280.580286163,-1216.84268100013,-1302.44701466808,-79.1276787135495
109.35,-2419840.33099379,2387418.44008039,-263284.545847251,-1215.49531873747,-1300.78409036556,-79.4968802281579
109.4,-2419901.07171393,2387353.4428492,-263288.529838296,-1214.12320786727,-1299.09643432946,-79.86344269244
109.45,-2419961.74590238,2387288.52778795,-263292.532167184,-1212.75232477066,-1297.40881551086,-80.2244609398206
109.5,-2420022.35378551,2387223.69464256,-263296.552667098,-1211.48214259164,-1295.83108968308,-80.5897708955261
109.55,-2420082.89537669,2387158.94329712,-263300.591232111,-1210.18341690607,-1294.22479464141,-80.9525214386512
109.6,-2420143.37075709,2387094.27363019,-263304.647762104,-1208.84032447112,-1292.57166503738,-81.3093427350708
109.65,-2420203.77993858,2387029.68565483,-263308.722135359,-1207.50038930008,-1290.92044721541,-81.6636036614491
109.7,-2420264.12342744,2386965.17880449,-263312.814361,-1206.22472061322,-1289.33641816628,-82.0237681559324
109.75,-2420324.40096583,2386900.75338648,-263316.924321225,-1204.9108203963,-1287.71586815065,-82.3797858554032
109.8,-2420384.61317767,2386836.40860795,-263321.051995538,-1203.60121479564,-1286.10054805954,-82.7310329271682
109.85,-2420444.75981032,2386772.14472728,-263325.197315464,-1202.27958312329,-1284.47115812418,-83.0831235391726
109.9,-2420504.84119233,2386707.96141203,-263329.360310355,-1200.95643447527,-1282.8396614808,-83.4356359333458
109.95,-2420564.85753825,2386643.85844042,-263333.540990716,-1199.65694344214,-1281.23607878632,-83.7898859720234
110,-2420624.80908238,2386579.8355208,-263337.739314479,-1198.40094860665,-1279.67815557868,-84.1446312315514
110.05,-2420684.69589488,2386515.89249142,-263341.955271353,-1197.08526517529,-1278.05757105684,-84.4943720955004
110.1,-2420744.51814587,2386452.0291754,-263346.18887409,-1195.77721727555,-1276.44552623103,-84.8469673595949
110.15,-2420804.27617812,2386388.2451607,-263350.440137277,-1194.52691889886,-1274.89592215012,-85.2021156024571
110.2,-2420863.96982556,2386324.54060155,-263354.709030547,-1193.24669275264,-1273.31732832344,-85.5546455032013
110.25,-2420923.59968034,2386260.9147748,-263358.995586478,-1191.96878544626,-1271.73957130858,-85.9083290554519
110.3,-2420983.16540911,2386197.36797952,-263363.299713917,-1190.69287475472,-1270.16605323678,-86.2581042301132
110.35,-2421042.66744683,2386133.89963372,-263367.621376158,-1189.37211471255,-1268.5500550002,-86.6046099745461
110.4,-2421102.10566482,2386070.50985568,-263371.960533015,-1188.12277947777,-1267.00807769947,-86.9562956999866
110.45,-2421161.48041349,2386007.19820318,-263376.317180417,-1186.87119219447,-1265.46455694647,-87.307382215576
110.5,-2421220.79148719,2385943.96474491,-263380.69115677,-1185.56273409908,-1263.86392355567,-87.6506898288203
110.55,-2421280.03933484,2385880.80890397,-263385.082408591,-1184.33379669822,-1262.35289884897,-87.9960370801606
110.6,-2421339.22368217,2385817.73085379,-263389.490822027,-1183.04707819183,-1260.77827399496,-88.3366334079267
110.65,-2421398.34450929,2385754.7305739,-263393.916304028,-1181.75977404858,-1259.20512941903,-88.6793730787336
110.7,-2421457.4022176,2385691.80758901,-263398.358778122,-1180.53379976963,-1257.6998845449,-89.0193448763169
110.75,-2421516.39668629,2385628.96189251,-263402.818043199,-1179.23081183839,-1256.115573481,-89.3488627327049
110.8,-2421575.32799507,2385566.19324105,-263407.293971012,-1177.98838706338,-1254.59578418101,-89.6831090833382
110.85,-2421634.19616426,2385503.50158077,-263411.786451854,-1176.70679964912,-1253.03710927356,-90.0137491386426
110.9,-2421693.00124811,2385440.8868691,-263416.295400421,-1175.4850601895,-1251.54117506383,-90.3445907379591
110.95,-2421751.74330305,2385378.34893628,-263420.820693947,-1174.23104766508,-1250.01102494694,-90.6689539927484
111,-2421810.42255602,2385315.88753981,-263425.362206766,-1172.95043316327,-1248.45747573207,-90.9910149896993
111.05,-2421869.03900075,2385253.50258031,-263429.919798095,-1171.68324825195,-1246.91529958977,-91.3123575599122
111.1,-2421927.59301095,2385191.19366383,-263434.493431775,-1170.47000226996,-1245.43175897036,-91.6332228137024
111.15,-2421986.08420549,2385128.96123996,-263439.082966492,-1169.21676698949,-1243.90606190319,-91.9499603750105
111.2,-2422044.51316246,2385066.80461225,-263443.688420054,-1167.92643239739,-1242.34193222534,-92.2651662560142
111.25,-2422102.87996187,2385004.72376602,-263448.309695238,-1166.70912967969,-1240.85413750614,-92.5844559130207
111.3,-2422161.18470981,2384942.71854641,-263452.946730617,-1165.45101885057,-1239.3228598453,-92.8963339971784
111.35,-2422219.42757635,2384880.78880307,-263457.599472747,-1164.23494060864,-1237.83599449896,-93.2118680993971
111.4,-2422277.60873497,2384818.93439116,-263462.267958896,-1163.02144208204,-1236.35111832484,-93.5288066883727
111.45,-2422335.72834776,2384757.15514415,-263466.952175253,-1161.77234465208,-1234.83021629936,-93.8415674452293
111.5,-2422393.78653377,2384695.45085035,-263471.652072679,-1160.52905296631,-1233.31250148824,-94.1531839212534
111.55,-2422451.78380456,2384633.8210413,-263476.367680244,-1159.34723196048,-1231.86247981546,-94.4697484628438
111.6,-2422509.71989214,2384572.26594443,-263481.098961035,-1158.12896917003,-1230.37422229484,-94.78425772798
111.65,-2422567.59529548,2384510.78504028,-263485.845937561,-1156.9129002635,-1228.88828187984,-95.0980599874481
111.7,-2422625.40986711,2384449.37850253,-263490.608602213,-1155.70064632068,-1227.40768148308,-95.4103358244506
111.75,-2422683.16405741,2384388.04575323,-263495.386910813,-1154.45406158208,-1225.8893904334,-95.7200505500544
111.8,-2422740.85775636,2384326.78681714,-263500.180848361,-1153.24882537019,-1224.41921077376,-96.0325272558095
111.85,-2422798.49142167,2384265.6011574,-263504.990358826,-1152.07801538592,-1222.98634076511,-96.3468882413371
111.9,-2422856.06472225,2384204.48908627,-263509.815422333,-1150.85943381845,-1221.50448565472,-96.6562044913776
111.95,-2422913.57806813,2384143.45008527,-263514.656039989,-1149.63971745211,-1220.02190105316,-96.9658662589497
112,-2422971.0312552,2384082.48419964,-263519.512101448,-1148.44486200114,-1218.56990096366,-97.272522004112
112.05,-2423028.42473006,2384021.59087361,-263524.383529523,-1147.27736990265,-1217.14792933484,-97.5808033268212
112.1,-2423085.75815719,2383960.77035147,-263529.270238251,-1146.05111638954,-1215.66539068682,-97.8851193580301
112.15,-2423143.03185363,2383900.0222189,-263534.172165631,-1144.89157952721,-1214.25478219948,-98.1917074800105
112.2,-2423200.24563283,2383839.34660042,-263539.089205871,-1143.67837363544,-1212.78990098843,-98.490979791827
112.25,-2423257.39971527,2383778.74313635,-263544.021288112,-1142.49871748461,-1211.36349902434,-98.7904851219032
112.3,-2423314.49428697,2383718.21143158,-263548.968281296,-1141.30590017186,-1209.92637497107,-99.0882553704802
112.35,-2423371.52900981,2383657.75183043,-263553.930063385,-1140.11346668024,-1208.48936461612,-99.3846291214245
112.4,-2423428.50414766,2383597.36396997,-263558.906579833,-1138.88255726412,-1207.01476753892,-99.6746882287881
112.45,-2423485.41968649,2383537.04780805,-263563.89769606,-1137.6928683097,-1205.58331066448,-99.9650666899957
112.5,-2423542.27595408,2383476.80288799,-263568.90331861,-1136.54303552457,-1204.19805411564,-100.25814465035
112.55,-2423599.07271326,2383416.62937185,-263573.923355485,-1135.31877966337,-1202.73343339928,-100.54379411676
112.6,-2423655.81036527,2383356.52685434,-263578.95773074,-1134.17237467176,-1201.35092986424,-100.831776545154
112.65,-2423712.4885571,2383296.49569709,-263584.006395325,-1132.98926292183,-1199.9296975863,-101.115027541693
112.7,-2423769.10785042,2383236.53535092,-263589.069267486,-1131.76785104064,-1198.46919225158,-101.397324172913
112.75,-2423825.66828984,2383176.64565444,-263594.146279049,-1130.63392631225,-1197.101149366,-101.683336689142
112.8,-2423882.16995578,2383116.82650576,-263599.237377632,-1129.42250103001,-1195.65218463786,-101.960826531959
112.85,-2423938.61300315,2383057.07785044,-263604.342504236,-1128.2710835392,-1194.26462859151,-102.241580129725
112.9,-2423994.99747753,2382997.39965656,-263609.461678205,-1127.08133528272,-1192.83488357919,-102.522474202274
112.95,-2424051.32392554,2382937.79139709,-263614.594922172,-1125.95943335884,-1191.47691089656,-102.806774722512
113,-2424107.5921453,2382878.25323318,-263619.742104461,-1124.76154679011,-1190.04080250575,-103.080639432274
113.05,-2424163.80259004,2382818.78469964,-263624.903269987,-1123.62397826231,-1188.66636606483,-103.361648673625
113.1,-2424219.95525771,2382759.38584742,-263630.078361005,-1122.4535776619,-1187.25652593614,-103.641427561163
113.15,-2424276.05021535,2382700.05666808,-263635.267413735,-1121.30703350338,-1185.87059654481,-103.919890633773
113.2,-2424332.08791317,2382640.79671321,-263640.470411565,-1120.19664453378,-1184.52441999033,-104.199516707515
113.25,-2424388.06832619,2382581.60592417,-263645.687324384,-1119.01701361157,-1183.10451132409,-104.475457481854
113.3,-2424443.99162045,2382522.48414723,-263650.918104604,-1117.87745620725,-1181.72842693676,-104.753339730208
113.35,-2424499.85811851,2382463.43098123,-263656.162758442,-1116.7294853983,-1180.34397410015,-105.029597400916
113.4,-2424555.66750679,2382404.44676427,-263661.421262176,-1115.61664077925,-1178.99379405428,-105.308087929463
113.45,-2424611.42027856,2382345.5309204,-263666.69357293,-1114.50099562508,-1177.64625130001,-105.5849545638
113.5,-2424667.11628983,2382286.68351128,-263671.979624881,-1113.33121691596,-1176.24209336957,-105.856811166422
113.55,-2424722.75577661,2382227.90418546,-263677.27937175,-1112.19650440417,-1174.87691121443,-106.129190802689
113.6,-2424778.33888532,2382169.19273281,-263682.592755335,-1111.10769132585,-1173.56121765673,-106.404850142771
113.65,-2424833.86537764,2382110.54934023,-263687.919726388,-1110.01676549395,-1172.24349696319,-106.679476791531
113.7,-2424889.33541642,2382051.9737388,-263693.260180984,-1108.85022218789,-1170.85099467388,-106.94499696798
113.75,-2424944.74916125,2381993.46561994,-263698.614076767,-1107.68351742298,-1169.45862088791,-107.20820930427
113.8,-2425000.10657208,2381935.02487216,-263703.981292889,-1106.56130928812,-1168.1172660912,-107.475061146587
113.85,-2425055.4076321,2381876.6514124,-263709.361747035,-1105.43566716471,-1166.77344336574,-107.739734817918
113.9,-2425110.65252916,2381818.34497968,-263714.755397945,-1104.34790217783,-1165.47064963251,-108.005903633315
113.95,-2425165.84106728,2381760.10568491,-263720.162130812,-1103.18588696221,-1164.09323068055,-108.260685804715
114,-2425220.97360718,2381701.93302635,-263725.581858836,-1102.10072828951,-1162.79873868522,-108.523258503779
114.05,-2425276.04988268,2381643.82713932,-263731.014497886,-1100.97904028016,-1161.46777524166,-108.783633993801
114.1,-2425331.07029844,2381585.78756325,-263736.460020125,-1099.85920540715,-1160.13745485664,-109.038633138409
114.15,-2425386.0344346,2381527.81474585,-263741.918286862,-1098.73934808649,-1158.80914731465,-109.29283005118
114.2,-2425440.94278402,2381469.90804508,-263747.389287119,-1097.58411700017,-1157.44803797772,-109.544915566883
114.25,-2425495.79534157,2381412.06742808,-263752.872955394,-1096.47574668953,-1156.13328022045,-109.799100192629
114.3,-2425550.5922192,2381354.29274484,-263758.369251253,-1095.3263517409,-1154.77747566114,-110.045913049198
114.35,-2425605.33362127,2381296.5837715,-263763.878112261,-1094.25220083193,-1153.49888825782,-110.300963531364
114.4,-2425660.01945983,2381238.94064959,-263769.399521601,-1093.10427086152,-1152.14351977325,-110.549173057483
114.45,-2425714.65015264,2381181.36292311,-263774.93345208,-1092.04042811412,-1150.87767326371,-110.803300503165
114.5,-2425769.22549808,2381123.85079226,-263780.479879231,-1090.93552616963,-1149.5681629746,-111.050726935441
114.55,-2425823.74611678,2381066.40362915,-263786.03873855,-1089.87505694763,-1148.30442643854,-111.302810204473
114.6,-2425878.21173251,2381009.02172153,-263791.610062942,-1088.7427565041,-1146.96385172119,-111.549837095285
114.65,-2425932.62276986,2380951.704735,-263797.193861895,-1087.68765976425,-1145.70431618227,-111.801643704269
114.7,-2425986.97915411,2380894.45274728,-263802.79006505,-1086.59804895572,-1144.40824722519,-112.049869724714
114.75,-2426041.28137134,2380837.26527544,-263808.398709417,-1085.47832019847,-1143.07885290448,-112.293895916923
114.8,-2426095.52942013,2380780.14227574,-263814.019753734,-1084.43229151264,-1141.82928483838,-112.546729202048
114.85,-2426149.72342557,2380723.08366952,-263819.653169218,-1083.31788871941,-1140.50419223652,-112.790929609911
114.9,-2426203.86338809,2380666.08947842,-263825.298902063,-1082.25851054185,-1139.23799650514,-113.037906821873
114.95,-2426257.94973409,2380609.15931494,-263830.957018873,-1081.20188488449,-1137.97503685343,-113.286415305722
115,-2426311.98231819,2380552.29323835,-263836.627399182,-1080.13068622618,-1136.69910157529,-113.532206067868
115.05,-2426365.9614768,2380495.49079743,-263842.310002261,-1079.02317811077,-1135.38744514138,-113.772352159321
115.1,-2426419.88717982,2380438.75200842,-263848.004751065,-1077.9735956994,-1134.13150545086,-114.0163543656
115.15,-2426473.75932131,2380382.0770502,-263853.711688441,-1076.887632374,-1132.84185662594,-114.258777962394
115.2,-2426527.57815141,2380325.46545914,-263859.43071946,-1075.83927857372,-1131.59400129913,-114.498168846222
115.25,-2426581.34368744,2380268.91713211,-263865.161689584,-1074.78649646049,-1130.34337405918,-114.740770695681
115.3,-2426635.05600652,2380212.43194058,-263870.904613226,-1073.70766237577,-1129.06783567786,-114.975010116391
115.35,-2426688.71497749,2380156.00975977,-263876.659328275,-1072.62396775033,-1127.78825753128,-115.211031839555
115.4,-2426742.32075358,2380099.65048335,-263882.425859419,-1071.59861818636,-1126.574009858,-115.449878423982
115.45,-2426795.87319717,2380043.35405806,-263888.204087606,-1070.5312619582,-1125.31856740329,-115.681636595735
115.5,-2426849.37269792,2379987.11996019,-263893.993964738,-1069.47200562661,-1124.07246881881,-115.913949014837
115.55,-2426902.81890975,2379930.94844626,-263899.79533121,-1068.37579561118,-1122.78875100804,-116.139524867345
115.6,-2426956.21202271,2379874.83913284,-263905.608203039,-1067.30831912722,-1121.54035832236,-116.369982580188
115.65,-2427009.55193215,2379818.79207423,-263911.432501954,-1066.26440319042,-1120.31644671961,-116.597506238251
115.7,-2427062.83905005,2379762.80682912,-263917.268157692,-1065.25710088447,-1119.13349771996,-116.831359490075
115.75,-2427116.07297444,2379706.88362547,-263923.115116534,-1064.16233534767,-1117.86074960799,-117.053226846689
115.8,-2427169.25406327,2379651.02198346,-263928.973331011,-1063.07057823229,-1116.59225203818,-117.273895961394
115.85,-2427222.38227068,2379595.22194638,-263934.842763045,-1062.03132711974,-1115.38050115381,-117.499671680118
115.9,-2427275.45761611,2379539.48348904,-263940.723383108,-1060.95546872252,-1114.12996654887,-117.721366625527
115.95,-2427328.48054192,2379483.80613081,-263946.615208937,-1059.94457301682,-1112.94641576989,-117.950816777964
116,-2427381.45084142,2379428.19003374,-263952.518214439,-1058.85970415278,-1111.68843225719,-118.169147058286
116.05,-2427434.36892044,2379372.63476869,-263958.432356618,-1057.83333924296,-1110.49054135343,-118.393556386465
116.1,-2427487.23472369,2379317.14043673,-263964.357628939,-1056.80441258726,-1109.28862058489,-118.619109065459
116.15,-2427540.04851823,2379261.7068022,-263970.294073697,-1055.76836280351,-1108.07800467861,-118.84259810459
116.2,-2427592.81026303,2379206.33393151,-263976.241657711,-1054.73109733605,-1106.86745086642,-119.065001681228
116.25,-2427645.52037041,2379151.02139864,-263982.200394504,-1053.66367143056,-1105.62438913884,-119.284712294018
116.3,-2427698.17893139,2379095.76913556,-263988.170273166,-1052.64886066178,-1104.43460131364,-119.509868111797
116.35,-2427750.78616693,2379040.57696066,-263994.151305647,-1051.64421914935,-1103.25475132839,-119.734094762116
116.4,-2427803.34195776,2378985.44506845,-264000.143463304,-1050.61910047418,-1102.05362660985,-119.954882668627
116.45,-2427855.84692816,2378930.37286185,-264006.146813394,-1049.59969247709,-1100.85697379615,-120.178660701018
116.5,-2427908.30073666,2378875.36063447,-264012.161231857,-1048.56906047443,-1099.6486231604,-120.399837949728
116.55,-2427960.70383197,2378820.40793619,-264018.186740111,-1047.57159847966,-1098.47738132026,-120.622528930551
116.6,-2428013.05629964,2378765.5146561,-264024.22328401,-1046.53978305727,-1097.26731600621,-120.841376426762
116.65,-2428065.35801597,2378710.68102333,-264030.270875376,-1045.54716482549,-1096.09803283058,-121.065328694294
116.7,-2428117.60932107,2378655.90663076,-264036.329467509,-1044.50202942187,-1094.87597787777,-121.279684199697
116.75,-2428169.81015273,2378601.19144761,-264042.3989427,-1043.50457097069,-1093.70519177497,-121.497140452944
116.8,-2428221.96075696,2378546.53514932,-264048.47930048,-1042.48487949724,-1092.51230870755,-121.712704446911
116.85,-2428274.06090372,2378491.93796031,-264054.570455558,-1041.47942805627,-1091.33206866215,-121.929272304485
116.9,-2428326.11088986,2378437.39951757,-264060.67236783,-1040.48953390482,-1090.17418618308,-122.14393192123
116.95,-2428378.11043465,2378382.92001566,-264066.78493053,-1039.49878345566,-1089.01463056097,-122.357109555352
117,-2428430.06000472,2378328.49882788,-264072.908099366,-1038.50038983744,-1087.84937098887,-122.568204671528
117.05,-2428481.95920604,2378274.13624447,-264079.04170006,-1037.49714439146,-1086.68269385451,-122.778306712032
117.1,-2428533.80841971,2378219.83179669,-264085.185768301,-1036.49230883387,-1085.51616575785,-122.985907913424
117.15,-2428585.60717681,2378165.58590053,-264091.340165829,-1035.48770400601,-1084.35131561858,-123.190887241197
117.2,-2428637.3558664,2378111.39801563,-264097.504879182,-1034.44977635635,-1083.15426877846,-123.395202285862
117.25,-2428689.0543724,2378057.26809099,-264103.679822122,-1033.46543970826,-1082.01539521928,-123.600368516918
117.3,-2428740.70287838,2378003.19584739,-264109.86489423,-1032.48017272241,-1080.87962682291,-123.802208823199
117.35,-2428792.30116042,2377949.18142569,-264116.060065442,-1031.44344936175,-1079.68992320445,-124.001064807977
117.4,-2428843.84931723,2377895.22468802,-264122.265282097,-1030.44160863969,-1078.53866131154,-124.203203540313
117.45,-2428895.34763215,2377841.32521832,-264128.480570228,-1029.47630815671,-1077.42633303128,-124.405929946568
117.5,-2428946.79592569,2377787.48312636,-264134.705798549,-1028.51311533336,-1076.31950445288,-124.608714202604
117.55,-2428998.19429924,2377733.69819991,-264140.940980441,-1027.48333369607,-1075.14294738875,-124.803900603127
117.6,-2429049.54287906,2377679.97024832,-264147.186080645,-1026.48652738646,-1074.00301966661,-125.00406063548
117.65,-2429100.84172766,2377626.29927281,-264153.44112957,-1025.46339218443,-1072.83252143823,-125.199585079069
117.7,-2429152.09090814,2377572.68509124,-264159.706096904,-1024.47210921167,-1071.69985595733,-125.396454002836
117.75,-2429203.29083525,2377519.12725097,-264165.980983065,-1023.51944580424,-1070.60657554263,-125.597948688884
117.8,-2429254.44123322,2377465.62598068,-264172.265787329,-1022.49501511622,-1069.44126197577,-125.794364182836
117.85,-2429305.54244594,2377412.18097568,-264178.560545326,-1021.51178415818,-1068.31477363052,-125.99218649509
117.9,-2429356.59463275,2377358.79210578,-264184.865246013,-1020.56522375744,-1067.22768111192,-126.194423264052
117.95,-2429407.59771493,2377305.45948054,-264191.179905333,-1019.58736130344,-1066.10880102502,-126.394415019244
118,-2429458.55217926,2377252.1825316,-264197.504554067,-1018.61465657435,-1064.99300535266,-126.595419222141
118.05,-2429509.45795431,2377198.9613578,-264203.839157041,-1017.60747908274,-1063.84349115506,-126.789155970736
118.1,-2429560.31517431,2377145.79581545,-264210.183696417,-1016.63777618489,-1062.73128766502,-126.986850916328
118.15,-2429611.12386493,2377092.68600254,-264216.538216518,-1015.67172878786,-1061.62124644654,-127.188741168476
118.2,-2429661.88456472,2377039.63135216,-264222.902745186,-1014.7417900573,-1060.5504385942,-127.391589391099
118.25,-2429712.59708904,2376986.63199824,-264229.277175957,-1013.78216976633,-1059.44718812767,-127.58811615664
118.3,-2429763.26161346,2376933.68778818,-264235.661495075,-1012.80605659928,-1058.32811392989,-127.784798162935
118.35,-2429813.87817499,2376880.79873281,-264242.055714469,-1011.83240975509,-1057.2091489556,-127.981445487756
118.4,-2429864.44701267,2376827.96454879,-264248.45982127,-1010.91003516899,-1056.14520612121,-128.182128218772
118.45,-2429914.96797675,2376775.18543418,-264254.873710799,-1009.95165585215,-1055.04614599048,-128.375069877331
118.5,-2429965.44153567,2376722.46077008,-264261.297346928,-1009.0046974374,-1053.95706889494,-128.571728816318
118.55,-2430015.8673398,2376669.79091911,-264267.730662481,-1008.05431844263,-1052.86594616543,-128.76522919991
118.6,-2430066.24573835,2376617.17553006,-264274.173620046,-1007.07022235574,-1051.73896615213,-128.951090246985
118.65,-2430116.57656647,2376564.61474472,-264280.626111823,-1006.15042018653,-1050.68045816824,-129.145499353481
118.7,-2430166.85998331,2376512.10831043,-264287.088116648,-1005.17141742781,-1049.56359129736,-129.331600059455
118.75,-2430217.09594972,2376459.65611332,-264293.559490707,-1004.24633398285,-1048.50190621374,-129.52042534579
118.8,-2430267.28463895,2376407.25798648,-264300.040194357,-1003.31028877473,-1047.43352973605,-129.707606063057
118.85,-2430317.42589599,2376354.91400075,-264306.530140899,-1002.36242552843,-1046.35250347637,-129.892268605928
118.9,-2430367.51965715,2376302.62416823,-264313.029261247,-1001.41955945943,-1045.27603852556,-130.0757463526
118.95,-2430417.56624303,2376250.38804497,-264319.537500276,-1000.45687191942,-1044.18255458205,-130.256928705727
119,-2430467.56544589,2376198.20575135,-264326.054767983,-999.524174767753,-1043.12274034291,-130.435583190571
119.05,-2430517.51746152,2376146.07695653,-264332.580993852,-998.545419451115,-1042.01767143527,-130.610587421022
119.1,-2430567.42219796,2376094.00173601,-264339.116159843,-997.634313873041,-1040.98245967057,-130.794485428412
119.15,-2430617.2796529,2376041.98003401,-264345.660212112,-996.656703147183,-1039.87796044243,-130.966935248722
119.2,-2430667.08988172,2375990.01167014,-264352.21308651,-995.713226614877,-1038.81508608769,-131.142248661513
119.25,-2430716.85321224,2375938.09622828,-264358.774756053,-994.805206893766,-1037.79018173471,-131.321327970746
119.3,-2430766.5693804,2375886.2339053,-264365.34516203,-993.878410078922,-1036.7437370544,-131.499464476357
119.35,-2430816.23852177,2375834.42449721,-264371.924352187,-992.893017042538,-1035.63764858866,-131.669731661335
119.4,-2430865.86075716,2375782.66788032,-264378.512289584,-991.972772023043,-1034.59998221731,-131.844748483471
119.45,-2430915.43621111,2375730.96390102,-264385.108964897,-991.020539172269,-1033.53215274431,-132.019191626431
119.5,-2430964.9650611,2375679.31222584,-264391.714418535,-990.134210326696,-1032.535803455,-132.200514992769
119.55,-2431014.44727709,2375627.71287242,-264398.328623937,-989.223546489073,-1031.51063062744,-132.376784471245
119.6,-2431063.88289231,2375576.16584508,-264404.951584837,-988.261267727481,-1030.43167931637,-132.547748694057
119.65,-2431113.27210236,2375524.67094447,-264411.583350775,-987.300373781528,-1029.35650704188,-132.721478770312
119.7,-2431162.61504342,2375473.22799732,-264418.22394441,-986.392846696981,-1028.336690288,-132.900585319934
119.75,-2431211.91183431,2375421.83683474,-264424.873353063,-985.454970668636,-1027.28631390273,-133.073383357506
119.8,-2431261.16277795,2375370.49713537,-264431.531627248,-984.568925177868,-1026.28884427153,-133.255306316589
119.85,-2431310.36768019,2375319.20911379,-264438.198733742,-983.620197793733,-1025.22373424229,-133.429306191061
119.9,-2431359.52684594,2375267.97257035,-264444.874739692,-982.721105687884,-1024.21246752394,-133.609250958905
119.95,-2431408.64028923,2375216.7873676,-264451.559612102,-981.813384988924,-1023.19287995202,-133.786128783904
120,-2431457.70822963,2375165.65328387,-264458.253333511,-980.920964346592,-1022.18737309603,-133.965299969584
120.05,-2431506.73088747,2375114.57011068,-264464.955931609,-980.013216985956,-1021.1676399983,-134.143290356746
120.1,-2431555.70813166,2375063.53801106,-264471.667375955,-979.074221307658,-1020.11419068608,-134.314919860824
120.15,-2431604.63998787,2375012.55694323,-264478.387636303,-978.179158111821,-1019.10683856473,-134.492129004674
120.2,-2431653.52674503,2374961.62663618,-264485.116701439,-977.26326063863,-1018.07910252259,-134.665607460548
120.25,-2431702.36861493,2374910.74679048,-264491.854541037,-976.396970823817,-1017.1017100459,-134.844460187867
120.3,-2431751.16538585,2374859.91763127,-264498.601049081,-975.466042337307,-1016.05775194146,-135.013956078915
120.35,-2431799.91733726,2374809.13882192,-264505.356197949,-974.595532744703,-1015.0769350183,-135.189097312178
120.4,-2431848.62417803,2374758.41072401,-264512.119961525,-973.702410674738,-1014.07183050618,-135.363403451825
120.45,-2431897.28631627,2374707.73285824,-264518.892247447,-972.774249548178,-1013.03409120924,-135.527708592581
120.5,-2431945.90376297,2374657.10513027,-264525.672975134,-971.912192735307,-1012.06413222158,-135.6997204381
120.55,-2431994.47639424,2374606.52756213,-264532.462079738,-970.999749043096,-1011.04618251395,-135.864053430943
120.6,-2432043.00431828,2374556.00008709,-264539.259467165,-970.106047823098,-1010.04371940728,-136.029762663101
120.65,-2432091.4875159,2374505.52271741,-264546.065095403,-969.229517457005,-1009.05940899093,-136.196300248741
120.7,-2432139.92600271,2374455.09533954,-264552.878861479,-968.336175800454,-1008.06205923428,-136.356488419334
120.75,-2432188.32006156,2374404.71751955,-264559.700731322,-967.445178760962,-1007.06857751765,-136.517551984939
120.8,-2432236.66935894,2374354.38961801,-264566.530553583,-966.520304210246,-1006.04162582548,-136.675563348549
120.85,-2432284.97424311,2374304.11120759,-264573.368374582,-965.661215276023,-1005.08116925902,-136.836929107107
120.9,-2432333.23432435,2374253.88264864,-264580.214042757,-964.770438678802,-1004.09090428396,-136.992872625234
120.95,-2432381.45002333,2374203.70345477,-264587.067536407,-963.84856930106,-1003.06838177823,-137.145971850764
121,-2432429.62132742,2374153.5735222,-264593.92880961,-962.989543656597,-1002.11495263613,-137.305855343937
121.05,-2432477.74824661,2374103.49277661,-264600.797806488,-962.073933216126,-1001.10223597128,-137.454082243819
121.1,-2432525.83076482,2374053.46122185,-264607.674487837,-961.190666590142,-1000.12349752533,-137.606895125033
121.15,-2432573.86895122,2374003.47875949,-264614.558855859,-960.336518922274,-999.174908009785,-137.766867233735
121.2,-2432621.86293232,2373953.54520648,-264621.450919697,-959.433291714061,-998.179480395064,-137.918621917205
121.25,-2432669.81270422,2373903.66045805,-264628.350604245,-958.538493743286,-997.192998725863,-138.067782062148
121.3,-2432717.71858748,2373853.82415686,-264635.257924904,-957.687650115731,-996.249374767338,-138.22281031911
121.35,-2432765.5803368,2373804.03659287,-264642.172894346,-956.808430672236,-995.280100566709,-138.379842478526
121.4,-2432813.39830511,2373754.29735659,-264649.095585242,-955.93088922904,-994.311578546539,-138.533574175834
121.45,-2432861.17229171,2373704.60662881,-264656.025963309,-955.056769335383,-993.346565488206,-138.685919111079
121.5,-2432908.90275008,2373654.96388606,-264662.964032764,-954.153301670684,-992.352670484264,-138.835966590258
121.55,-2432956.58961029,2373605.36917219,-264669.909830803,-953.298387690804,-991.410333671193,-138.994104005672
121.6,-2433004.23307394,2373555.82232007,-264676.863403702,-952.445616837548,-990.470602647741,-139.151388628269
121.65,-2433051.83300997,2373506.32341103,-264683.824723833,-951.563199801465,-989.496396833785,-139.302893128062
121.7,-2433099.38967682,2373456.87219649,-264690.793852767,-950.683168561215,-988.528982991117,-139.45880742617
121.75,-2433146.90341303,2373407.46825199,-264697.770810813,-949.853378808835,-987.61396467484,-139.619639419397
121.8,-2433194.37389798,2373358.11189605,-264704.755562931,-948.993614367871,-986.667317856232,-139.775710950367
121.85,-2433241.80161886,2373308.80262123,-264711.748198567,-948.146527741788,-985.734812969367,-139.933384435508
121.9,-2433289.18622148,2373259.54084112,-264718.748639125,-947.277115430541,-984.778206802989,-140.089700535671
121.95,-2433336.52819031,2373210.32602841,-264725.756968042,-946.39206999935,-983.804620485365,-140.242073774263
122,-2433383.82740783,2373161.15823731,-264732.773101075,-945.53944387368,-982.867831229099,-140.39839208134
122.05,-2433431.08423887,2373112.03707838,-264739.797038728,-944.716747034948,-981.961413452296,-140.556795013052
122.1,-2433478.2984804,2373062.96280488,-264746.828764118,-943.869688186269,-981.029211642678,-140.713755173575
122.15,-2433525.47012168,2373013.93537117,-264753.868248431,-943.005405465807,-980.077889147906,-140.867996147293
122.2,-2433572.59934745,2372964.95461821,-264760.915461754,-942.144962090509,-979.133693108404,-141.01803695319
122.25,-2433619.68629493,2372916.0202835,-264767.970347987,-941.299566339569,-978.205297172799,-141.17074799376
122.3,-2433666.73098916,2372867.13230828,-264775.032843449,-940.469595635431,-977.294793807759,-141.324831999222
122.35,-2433713.73352218,2372818.29060892,-264782.102922874,-939.6401589534,-976.382108630699,-141.479820453957
122.4,-2433760.6935337,2372769.495566,-264789.180466199,-938.779367071608,-975.439405855902,-141.624649713818
122.45,-2433807.61146911,2372720.7466756,-264796.265431881,-937.917386445541,-974.495292812944,-141.770335377607
122.5,-2433854.48725665,2372672.04390676,-264803.357770139,-937.074079991578,-973.57438678177,-141.919074044972
122.55,-2433901.32097264,2372623.38714356,-264810.457417784,-936.263402647318,-972.685819018044,-142.066285807772
122.6,-2433948.11257623,2372574.77640131,-264817.564295423,-935.40532780602,-971.748656655534,-142.207622596724
122.65,-2433994.86193429,2372526.21182996,-264824.678310602,-934.54878078086,-970.81370398154,-142.348269995184
122.7,-2434041.56943456,2372477.69299923,-264831.799416814,-933.735754446836,-969.924884803946,-142.495152667067
122.75,-2434088.23480688,2372429.22008201,-264838.927521069,-932.901195312267,-969.01462326269,-142.633692719463
122.8,-2434134.858425,2372380.79264629,-264846.062592094,-932.061952939648,-968.101792097189,-142.770869207889
122.85,-2434181.43991788,2372332.41105673,-264853.204537513,-931.223309713574,-967.189857797399,-142.909178798766
122.9,-2434227.97951815,2372284.07506818,-264860.353365487,-930.350169052445,-966.241258202205,-143.042551493226
122.95,-2434274.47731068,2372235.7845771,-264867.509008342,-929.533856104217,-965.351442106644,-143.180593110784
123,-2434320.93342374,2372187.53936518,-264874.671424931,-928.716060541415,-964.461749710632,-143.317192871812
123.05,-2434367.34775273,2372139.33952085,-264881.84055899,-927.851076814863,-963.525197353341,-143.447568854425
123.1,-2434413.72058083,2372091.18471358,-264889.016457107,-927.049242934579,-962.654205185758,-143.586619184808
123.15,-2434460.0516122,2372043.07525838,-264896.199025227,-926.217615699161,-961.750805333493,-143.719922692723
123.2,-2434506.34126362,2371995.01074896,-264903.388298225,-925.421103619837,-960.883666508267,-143.857948483968
123.25,-2434552.58943477,2371946.99122976,-264910.5842707,-924.562350296687,-959.954936237661,-143.988829231674
123.3,-2434598.79636221,2371899.01634087,-264917.786973239,-923.705506073002,-959.029442333429,-144.118471489839
123.35,-2434644.96208086,2371851.08612431,-264924.996353374,-922.898097460094,-958.152863256719,-144.254021967744
123.4,-2434691.08641049,2371803.20077978,-264932.212428608,-922.062907272072,-957.248866743618,-144.386560875209
123.45,-2434737.16998681,2371755.35962037,-264939.435287607,-921.242553886592,-956.360856200065,-144.523272141487
123.5,-2434783.21246833,2371707.56291955,-264946.664896389,-920.426196074357,-955.475613975021,-144.657960168823
123.55,-2434829.21426978,2371659.81022379,-264953.901268476,-919.622898688524,-954.607573376332,-144.793743609363
123.6,-2434875.17520592,2371612.10177809,-264961.144429663,-918.795867885663,-953.712074632085,-144.929402680789
123.65,-2434921.09551788,2371564.43732845,-264968.394428096,-918.011528556779,-952.860258083589,-145.070706047094
123.7,-2434966.97525737,2371516.81681785,-264975.650925984,-917.173362400664,-951.957364801416,-145.192062037901
123.75,-2435012.81474101,2371469.23965458,-264982.914103214,-916.362658054711,-951.079812820208,-145.312671864664
123.8,-2435058.61391876,2371421.70607798,-264990.183884262,-915.574068032173,-950.230778205305,-145.459671959748
123.85,-2435104.37291717,2371374.21592304,-264997.460152081,-914.764891954356,-949.355021523068,-145.590141958414
123.9,-2435150.0917327,2371326.76898498,-265004.742939992,-913.983032367879,-948.51283620177,-145.724864038517
123.95,-2435195.77041681,2371279.36546127,-265012.032374115,-913.154559302175,-947.622020433805,-145.860241294
124,-2435241.40925441,2371232.00490888,-265019.328270144,-912.373843923132,-946.771271082482,-145.97642154672
124.05,-2435287.00801403,2371184.68746073,-265026.630759984,-911.555875494283,-945.898423400679,-146.109284261611
124.1,-2435332.56707532,2371137.41291218,-265033.939521062,-910.797960829335,-945.07996355177,-146.241042007734
124.15,-2435378.0861174,2371090.18130712,-265041.254635854,-909.961241703514,-944.178964618934,-146.363370206146
124.2,-2435423.56541169,2371042.99265411,-265048.57610553,-909.20019648761,-943.358698325149,-146.503840823758
124.25,-2435469.00500582,2370995.84676753,-265055.903688894,-908.406874664641,-942.497165015674,-146.609242700924
124.3,-2435514.40489197,2370948.74358666,-265063.237577822,-907.579780349515,-941.614848678918,-146.732656861965
124.35,-2435559.76521662,2370901.68308427,-265070.577296992,-906.826603794875,-940.802542606564,-146.857973894253
124.4,-2435605.0858435,2370854.6651818,-265077.922971379,-906.006251173422,-939.919150911348,-146.970269898002
124.45,-2435650.36681049,2370807.69015421,-265085.27451735,-905.221751850222,-939.07524317261,-147.097200321333
124.5,-2435695.60852754,2370760.7574536,-265092.631711237,-904.449279017573,-938.233111056816,-147.195441950224
124.55,-2435740.81052991,2370713.86751138,-265099.994719282,-903.65701789906,-937.386049073537,-147.314872901937
124.6,-2435785.97329009,2370667.02000472,-265107.363038438,-902.849249025144,-936.515018505496,-147.421559879026
124.65,-2435831.09671213,2370620.21480874,-265114.736781722,-902.054348175152,-935.656521476647,-147.525080617002
124.7,-2435876.18066163,2370573.45237822,-265122.115905011,-901.273276422414,-934.810977051245,-147.642813915653
124.75,-2435921.22557634,2370526.73223064,-265129.500160942,-900.491624704591,-933.956202999999,-147.728362086948
124.8,-2435966.23129464,2370480.05447068,-265136.889713691,-899.735289256933,-933.144964010616,-147.841723196512
124.85,-2436011.19807808,2370433.41903846,-265144.284062542,-898.962794789381,-932.305420636738,-147.942704566267
124.9,-2436056.12575708,2370386.82590583,-265151.683333836,-898.173379689592,-931.446582057708,-148.034355152818
124.95,-2436101.01457082,2370340.27515604,-265159.087514678,-897.371485683027,-930.575006761833,-148.138292534345
125,-2436145.86475138,2370293.76659888,-265166.49641386,-896.598430835346,-929.724324409596,-148.216495399428
125.05,-2436190.67631265,2370247.30013815,-265173.910178672,-895.853129941217,-928.915545185932,-148.321433752869
125.1,-2436235.44929931,2370200.87598117,-265181.328381518,-895.065313401975,-928.053351790528,-148.412230778762
125.15,-2436280.18409986,2370154.49357977,-265188.751139705,-894.3189469489,-927.231158487659,-148.498732907088
125.2,-2436324.88044429,2370108.15357805,-265196.178456872,-893.559906319327,-926.395660230294,-148.604735118593
125.25,-2436369.5390069,2370061.8552949,-265203.610163066,-892.79624313718,-925.545927939003,-148.670771420586
125.3,-2436414.15931784,2370015.59927041,-265211.046387626,-892.038625635285,-924.711384849643,-148.769467847071
125.35,-2436458.74193706,2369969.3851863,-265218.486995255,-891.258354445088,-923.847950010785,-148.859770029534
125.4,-2436503.28689841,2369923.21293565,-265225.931914728,-890.521864153602,-923.017966951892,-148.946731626011
125.45,-2436547.79426404,2369877.08274688,-265233.381258832,-889.753014136364,-922.167213681159,-149.030436422993
125.5,-2436592.26454016,2369830.99415674,-265240.834875927,-889.040342156289,-921.361924062286,-149.116055420827
125.55,-2436636.69738971,2369784.94757554,-265248.29273318,-888.268867614223,-920.495819133994,-149.198731175115
125.6,-2436681.09337079,2369738.94254184,-265255.754785212,-887.546086858044,-919.681116902784,-149.280797436231
125.65,-2436725.45244146,2369692.97912945,-265263.220904224,-886.796463186373,-918.830573095247,-149.360411809799
125.7,-2436769.77488385,2369647.05727645,-265270.691181502,-886.092532548547,-918.032712738741,-149.451286408344
125.75,-2436814.06066601,2369601.17704525,-265278.165477008,-885.335172341903,-917.175586074557,-149.524258944124
125.8,-2436858.30999543,2369555.33832673,-265285.643729381,-884.605808479608,-916.345070614635,-149.603275249074
125.85,-2436902.52294675,2369509.54109189,-265293.125848548,-883.884985981894,-915.519970512421,-149.678544249089
125.9,-2436946.69994838,2369463.7848656,-265300.611745236,-883.160319191434,-914.686995201921,-149.755677416391
125.95,-2436990.84082379,2369418.0701359,-265308.1014171,-882.469242075598,-913.893329708297,-149.834948947129
126,-2437034.94583508,2369372.39663731,-265315.594726789,-881.718881759448,-913.036996596898,-149.896831804007
126.05,-2437079.01483812,2369326.76457422,-265323.091571899,-881.004145143217,-912.21487136139,-149.967850131515
126.1,-2437123.04822889,2369281.17350196,-265330.591635866,-880.295037186673,-911.393451495223,-150.028280841791
126.15,-2437167.04613478,2369235.62318722,-265338.09495742,-879.607986486983,-910.603700976042,-150.096553278061
126.2,-2437211.00842592,2369190.11407096,-265345.601456465,-878.902897447651,-909.779768294118,-150.168514040153
126.25,-2437254.93518818,2369144.64616315,-265353.110959189,-878.178455515761,-908.94380646193,-150.222731044405
126.3,-2437298.82653254,2369099.21937327,-265360.623417977,-877.453320737654,-908.106057494682,-150.277998876288
126.35,-2437342.68266306,2369053.83343325,-265368.138404341,-876.758759626667,-907.29416747304,-150.323358313327
126.4,-2437386.50360167,2369008.48823748,-265375.655883614,-876.073037308311,-906.502667325572,-150.375577008682
126.45,-2437430.28926917,2368963.18412557,-265383.175688036,-875.360962333962,-905.670972256646,-150.426749677931
126.5,-2437474.03994944,2368917.92073402,-265390.697610476,-874.6422482707,-904.836162422048,-150.445444370915
126.55,-2437517.75561247,2368872.69832907,-265398.221646556,-873.971018527277,-904.047369431936,-150.501128274741
126.6,-2437561.43615903,2368827.51708817,-265405.747388055,-873.279538263634,-903.232820294565,-150.54238847027
126.65,-2437605.08201616,2368782.376395,-265413.274796489,-872.58177677659,-902.409288022443,-150.571320564196
126.7,-2437648.69287618,2368737.27685604,-265420.803622958,-871.883068172023,-901.601882129181,-150.593768391812
126.75,-2437692.26920599,2368692.21788012,-265428.333621939,-871.156921748812,-900.748591568546,-150.595332561836
126.8,-2437735.81074299,2368647.19994635,-265435.86471713,-870.479501306139,-899.941730657173,-150.631641644367
126.85,-2437779.31773195,2368602.22291055,-265443.396630815,-869.807438244336,-899.146130318785,-150.652558756619
126.9,-2437822.79015051,2368557.2866754,-265450.929223162,-869.093073434434,-898.29804973979,-150.657140834747
126.95,-2437866.22831087,2368512.39126018,-265458.462263811,-868.403650825415,-897.487919532627,-150.66533874174
127,-2437909.63244386,2368467.53622066,-265465.995579481,-867.71905189761,-896.671377744635,-150.656409427389
127.05,-2437953.00212762,2368422.72232799,-265473.529034297,-867.038901959126,-895.852948396328,-150.668269731092
127.1,-2437996.3378876,2368377.94919623,-265481.062367331,-866.377127040417,-895.058584409629,-150.668002057136
127.15,-2438039.63972314,2368333.21669872,-265488.5954758,-865.683523494852,-894.221385334563,-150.657404188238
127.2,-2438082.90792648,2368288.52482711,-265496.128163117,-865.038409752247,-893.445565719563,-150.652608317617
127.25,-2438126.14246814,2368243.87346425,-265503.660231921,-864.362343490972,-892.631196340429,-150.624569998459
127.3,-2438169.34363838,2368199.26269255,-265511.191631976,-863.696930461211,-891.816015851811,-150.61784585303
127.35,-2438212.51135158,2368154.69256384,-265518.721889271,-863.040269716945,-891.019152174985,-150.596603628574
127.4,-2438255.64593855,2368110.16263834,-265526.251102971,-862.337421381541,-890.1724312318,-150.56676636201
127.45,-2438298.74752963,2368065.67328899,-265533.779245496,-861.703840962584,-889.379011148075,-150.556967589923
127.5,-2438341.81644061,2368021.22419106,-265541.305997634,-861.063256287239,-888.585123078019,-150.528912230877
127.55,-2438384.85247204,2367976.81579078,-265548.831325459,-860.406019841744,-887.778047098871,-150.494003036336
127.6,-2438427.85605651,2367932.447544,-265556.354825211,-859.733697038429,-886.950087872459,-150.447704499222
127.65,-2438470.82725945,2367888.11930391,-265563.876500043,-859.0910421679,-886.155751332908,-150.410105716184
127.7,-2438513.76616308,2367843.83131121,-265571.396219525,-858.443868571484,-885.341666172118,-150.377808519703
127.75,-2438556.67317078,2367799.58308099,-265578.913767279,-857.824813956669,-884.573979095735,-150.318842385538
127.8,-2438599.54813571,2367755.37508976,-265586.429145425,-857.155725050062,-883.735390782839,-150.278547278725
127.85,-2438642.39108938,2367711.20709666,-265593.941825888,-856.545835603935,-882.96527135434,-150.232240859021
127.9,-2438685.20227856,2367667.07884074,-265601.451945018,-855.886918637087,-882.144387293267,-150.173713609219
127.95,-2438727.98198575,2367622.99034756,-265608.959317844,-855.294460426288,-881.384097395529,-150.128898539541
128,-2438770.73016915,2367578.94143731,-265616.463660414,-854.653422321309,-880.586546912368,-150.050019201787
128.05,-2438813.44704239,2367534.93219421,-265623.965049425,-854.02857082117,-879.79439213712,-149.993967390328
128.1,-2438856.13229333,2367490.96273817,-265631.462838283,-853.411323014153,-879.014403472315,-149.925563975737
128.15,-2438898.7863488,2367447.03257856,-265638.95720018,-852.748370239689,-878.189912250715,-149.846284044371
128.2,-2438941.409151,2367403.14196969,-265646.447845107,-852.166328833235,-877.432568882349,-149.786335127652
128.25,-2438984.00091847,2367359.29036158,-265653.934467655,-851.50469334576,-876.62234908227,-149.682403923465
128.3,-2439026.56144206,2367315.47828148,-265661.4171167,-850.882115797903,-875.833507859359,-149.60507945306
128.35,-2439069.09086094,2367271.7053302,-265668.895161187,-850.239527670453,-875.026228303415,-149.513594530894
128.4,-2439111.58925953,2367227.97132716,-265676.368709044,-849.646957130886,-874.28013443714,-149.42014104879
128.45,-2439154.0564896,2367184.2765616,-265683.837421305,-849.077797627129,-873.542491072444,-149.337767346003
128.5,-2439196.49287137,2367140.62035738,-265691.301005258,-848.407438636292,-872.728716693,-149.211882930513
128.55,-2439238.89805959,2367097.00333422,-265698.759388112,-847.774576285841,-871.933922357199,-149.108529179173
128.6,-2439281.27227411,2367053.4248526,-265706.211991641,-847.19412045891,-871.197311809387,-149.001300912225
128.65,-2439323.61525322,2367009.88517727,-265713.658811271,-846.552390807889,-870.411953296531,-148.87512779856
128.7,-2439365.92744212,2366966.38419478,-265721.099711135,-845.942941153976,-869.639293825817,-148.758930468309
128.75,-2439408.20830637,2366922.92219662,-265728.534308895,-845.321899290257,-868.862804053577,-148.630215332744
128.8,-2439450.45833119,2366879.49878736,-265735.962447167,-844.669249303232,-868.062316460868,-148.492770140213
128.85,-2439492.67721463,2366836.11408456,-265743.38377037,-844.061939051831,-867.299813741543,-148.357525417653
128.9,-2439534.86505107,2366792.76802833,-265750.798013179,-843.456068850188,-866.546599091696,-148.212171133271
128.95,-2439577.02203059,2366749.46050223,-265758.205058798,-842.79680799409,-865.758505673463,-148.054114019213
129,-2439619.14838452,2366706.19054288,-265765.604494006,-842.231620080931,-865.026120685688,-147.922077004152
129.05,-2439661.24395536,2366662.95878961,-265772.996312672,-841.612191668502,-864.260987502647,-147.762550320851
129.1,-2439703.3090718,2366619.76494504,-265780.380336766,-841.013069053512,-863.510199548704,-147.59749271836
129.15,-2439745.34332211,2366576.60881221,-265787.755887645,-840.393394975696,-862.755606718195,-147.43335069996
129.2,-2439787.34717136,2366533.49050776,-265795.123201486,-839.730624834267,-861.982710977169,-147.243540215724
129.25,-2439829.32028923,2366490.40977544,-265802.481794607,-839.150100539816,-861.242617414499,-147.086501933681
129.3,-2439871.2627425,2366447.366558,-265809.83137969,-838.534374580985,-860.462255386086,-146.903024139595
129.35,-2439913.17500169,2366404.36063257,-265817.172039353,-837.964218381198,-859.745933505599,-146.725656410086
129.4,-2439955.05647541,2366361.39213896,-265824.503223689,-837.316989461042,-858.983859830587,-146.527070556884
129.45,-2439996.90791014,2366318.46087741,-265831.824988841,-836.697165117193,-858.2660478493,-146.327417212884
129.5,-2440038.72884255,2366275.56648161,-265839.136945393,-836.130709633082,-857.531314465662,-146.148724862075
129.55,-2440080.51954919,2366232.70889732,-265846.438916114,-835.505286864839,-856.758324491719,-145.937096996115
129.6,-2440122.28034235,2366189.88813628,-265853.730926921,-834.931620688139,-856.050425995373,-145.739896496876
129.65,-2440164.0108541,2366147.10395462,-265861.012532826,-834.295198659051,-855.299172069019,-145.525536475164
129.7,-2440205.71155149,2366104.35656612,-265868.283689803,-833.683204375584,-854.59523782821,-145.30926766264
129.75,-2440247.38219398,2366061.645267,-265875.544175855,-833.096642152329,-853.848133140841,-145.104963591083
129.8,-2440289.0229481,2366018.97009042,-265882.793756373,-832.535758315475,-853.141816112153,-144.886694732104
129.85,-2440330.63408558,2365976.33109748,-265890.032540375,-831.91699317152,-852.394049737957,-144.661687035408
129.9,-2440372.21525126,2365933.72803112,-265897.260093677,-831.312942929021,-851.6860607762,-144.436751972461
129.95,-2440413.76700631,2365891.16096613,-265904.476400958,-830.693172125897,-850.977653152282,-144.204642905855
130,-2440455.28899222,2365848.62928211,-265911.681271007,-830.154666184989,-850.289247574677,-143.990493259154
130.05,-2440496.7812823,2365806.13315327,-265918.8744814,-829.596682408645,-849.598452846401,-143.754322714861
130.1,-2440538.24419538,2365763.67251358,-265926.056143485,-828.979510024291,-848.862985483952,-143.515590826786
130.15,-2440579.67729122,2365721.24699621,-265933.225911933,-828.384394929097,-848.169557879406,-143.278648947393
130.2,-2440621.0811566,2365678.85682678,-265940.383741433,-827.736686688624,-847.44627984801,-143.030067280377
130.25,-2440662.45525545,2365636.50150419,-265947.529481152,-827.199446169666,-846.770389322667,-142.800719093717
130.3,-2440703.7997003,2365594.18098309,-265954.662917742,-826.599817459729,-846.048371200607,-142.54574101683
130.35,-2440745.11478118,2365551.89531471,-265961.78420701,-825.992373667167,-845.341062638916,-142.296850021392
130.4,-2440786.40014984,2365509.64397583,-265968.893093117,-825.427559283708,-844.689303078668,-142.055094254449
130.45,-2440827.65597529,2365467.42750056,-265975.989420283,-824.804953050878,-844.00968473874,-141.799689915329
130.5,-2440868.88203176,2365425.24504115,-265983.073148305,-824.265051453978,-843.348350206263,-141.558589092604
130.55,-2440910.07811142,2365383.09695101,-265990.144038808,-823.647098647131,-842.621313596311,-141.290740286855
130.6,-2440951.24480993,2365340.98300491,-265997.202308984,-823.057001395868,-841.94591159597,-141.034090041035
130.65,-2440992.38145949,2365298.90283787,-266004.247647961,-822.425034108514,-841.249655573057,-140.774398519725
130.7,-2441033.48843928,2365256.85672456,-266011.279979943,-821.825534045396,-840.606497376696,-140.515957629125
130.75,-2441074.56520127,2365214.84421388,-266018.299261973,-821.234556617397,-839.911784779948,-140.258096811156
130.8,-2441115.61179242,2365172.86536089,-266025.305276475,-820.625304481875,-839.214313557316,-139.983972401373
130.85,-2441156.62871211,2365130.91992019,-266032.29816131,-820.038453077612,-838.563134223658,-139.720231752891
130.9,-2441197.61513092,2365089.0078068,-266039.277723039,-819.416132179886,-837.892777213983,-139.454445562829
130.95,-2441238.57173527,2365047.128955,-266046.243891754,-818.813137891824,-837.266391216665,-139.190740474582
131,-2441279.49777173,2365005.28325437,-266053.196575576,-818.229091478944,-836.593821737627,-138.924441808693
131.05,-2441320.3934847,2364963.47039029,-266060.135637428,-817.630036200328,-835.926815482511,-138.643648729269
131.1,-2441361.25896001,2364921.69064042,-266067.061128207,-817.025144034744,-835.270768376348,-138.370599400431
131.15,-2441402.09394827,2364879.94341149,-266073.972934123,-816.385762749951,-834.600809995514,-138.095972276976
131.2,-2441442.89877428,2364838.22893727,-266080.870929078,-815.769242404039,-833.986545906434,-137.824723772434
131.25,-2441483.67297136,2364796.54673186,-266087.75515899,-815.164453016612,-833.302805500424,-137.548618018459
131.3,-2441524.41654974,2364754.89696639,-266094.625329912,-814.574008018142,-832.658460651191,-137.259570562537
131.35,-2441565.12993817,2364713.27947717,-266101.48160708,-813.977226177127,-832.030675671651,-136.98188329802
131.4,-2441605.81256866,2364671.69413277,-266108.323797373,-813.363757077781,-831.400076576559,-136.703446684015
131.45,-2441646.46504885,2364630.14078676,-266115.151848716,-812.699567192335,-830.744115203854,-136.421828608874
131.5,-2441687.08697313,2364588.61912005,-266121.965791482,-812.132496672456,-830.112054627157,-136.140656228603
131.55,-2441727.67831107,2364547.12924944,-266128.76533347,-811.513016868958,-829.452606018002,-135.842214223043
131.6,-2441768.23942881,2364505.67118933,-266135.550615034,-810.918471493391,-828.836888293869,-135.556983996806
131.65,-2441808.77006533,2364464.2444491,-266142.32150588,-810.322730357385,-828.230867080323,-135.275167877297
131.7,-2441849.27056618,2364422.84925216,-266149.077927927,-809.665636144533,-827.589036504911,-134.987760546137
131.75,-2441889.74057215,2364381.48519233,-266155.819975473,-809.088517611704,-826.95626383587,-134.697941026361
131.8,-2441930.18038391,2364340.15211567,-266162.547377226,-808.514014861182,-826.351026188211,-134.399983606417
131.85,-2441970.59007924,2364298.85046268,-266169.260195283,-807.907830072393,-825.730526128827,-134.107513132391
131.9,-2442010.96948711,2364257.57949963,-266175.958419735,-807.277409744516,-825.093070160389,-133.81451267423
131.95,-2442051.31911931,2364216.33943453,-266182.641915914,-806.662087614056,-824.500953925393,-133.527279166648
132,-2442091.63861195,2364175.12993506,-266189.310862516,-806.074383936823,-823.868023924666,-133.234350905431
132.05,-2442131.92796195,2364133.95104213,-266195.964961632,-805.490686289178,-823.25627976442,-132.93089803942
132.1,-2442172.18771259,2364092.80273308,-266202.604365907,-804.912521184351,-822.663082077082,-132.635239959752
132.15,-2442212.417356,2364051.68481044,-266209.228963894,-804.295189750222,-822.052484189805,-132.343077598833
132.2,-2442252.61736621,2364010.59741874,-266215.838698206,-803.661855618989,-821.441274793457,-132.050282638366
132.25,-2442292.78769054,2363969.53986342,-266222.433814809,-803.119765247851,-820.860072085463,-131.760965818554
132.3,-2442332.92813641,2363928.51244436,-266229.014045727,-802.532030895609,-820.245918462092,-131.453433959285
132.35,-2442373.0391173,2363887.51526239,-266235.57948808,-801.926871755182,-819.631994995455,-131.15398688472
132.4,-2442413.12012078,2363846.5481064,-266242.130115014,-801.314531712785,-819.027818727751,-130.860891740893
132.45,-2442453.17178997,2363805.61097011,-266248.665896928,-800.696160017597,-818.438812940925,-130.571245993792
132.5,-2442493.19377537,2363764.70335775,-266255.187056236,-800.160708802801,-817.86520706747,-130.282091364313
132.55,-2442533.18619215,2363723.82542773,-266261.693405549,-799.572216425498,-817.258507165316,-129.974808115663
132.6,-2442573.14914453,2363682.97750634,-266268.185009289,-798.981108174277,-816.665399316534,-129.679363059381
132.65,-2442613.08232253,2363642.15911494,-266274.661909516,-798.371429338048,-816.066528904884,-129.388263772354
132.7,-2442652.98615757,2363601.37049221,-266281.124037453,-797.754069707035,-815.486873348896,-129.103003879684
132.75,-2442692.8603759,2363560.61110482,-266287.571703039,-797.201427702752,-814.903730478916,-128.812920228124
132.8,-2442732.70491397,2363519.88115684,-266294.004676746,-796.590361992612,-814.278029001781,-128.505194603796
132.85,-2442772.52029442,2363479.18059287,-266300.423155921,-796.027672782659,-813.719104219258,-128.218197990698
132.9,-2442812.30567591,2363438.50946116,-266306.827095538,-795.426691901057,-813.137434711171,-127.93400843405
132.95,-2442852.0617574,2363397.86778544,-266313.216403356,-794.814305887456,-812.565458624172,-127.648455352927
133,-2442891.78822517,2363357.25508331,-266319.591388197,-794.23270856531,-811.96417199605,-127.360737805221
133.05,-2442931.48492137,2363316.67156165,-266325.951891549,-793.661361795078,-811.383735881859,-127.062870591976
133.1,-2442971.15232709,2363276.11721293,-266332.298107084,-793.051705572131,-810.787046290659,-126.774015985824
133.15,-2443010.78984186,2363235.59192677,-266338.629999733,-792.456861817578,-810.212864048645,-126.493714992414
133.2,-2443050.39795835,2363195.09582427,-266344.947502782,-791.848215631189,-809.652541241132,-126.214559922039
133.25,-2443089.97623592,2363154.62863625,-266351.250798207,-791.283911968357,-809.066315193423,-125.930109621763
133.3,-2443129.52494872,2363114.19013963,-266357.539850734,-790.695744333984,-808.479794572053,-125.63621590813
133.35,-2443169.04413672,2363073.78078958,-266363.81474257,-790.07831989575,-807.876257695207,-125.348626546373
133.4,-2443208.53352951,2363033.40010364,-266370.075541428,-789.481401455099,-807.308658696102,-125.071607428785
133.45,-2443247.99351288,2362993.04839651,-266376.322092151,-788.886650582003,-806.767771316087,-124.796085545476
133.5,-2443287.42372181,2362952.72530792,-266382.554635763,-788.294354349425,-806.15856231335,-124.51398158692
133.55,-2443326.82426213,2362912.43089064,-266388.773044612,-787.730756066063,-805.59968833899,-124.22532573391
133.6,-2443366.19550113,2362872.16515541,-266394.977531883,-787.117915632279,-805.005763148429,-123.941418910325
133.65,-2443405.53706234,2362831.92793631,-266401.168046385,-786.536635371531,-804.456713875237,-123.669200936325
133.7,-2443444.84927229,2362791.7195086,-266407.344449053,-785.906142649969,-803.880117411849,-123.394699888824
133.75,-2443484.13205018,2362751.53927863,-266413.507030049,-785.357016399354,-803.311439183058,-123.117002203571
133.8,-2443523.3851964,2362711.38762748,-266419.655553224,-784.762210646514,-802.723928711436,-122.824935531267
133.85,-2443562.60947284,2362671.26432587,-266425.790262558,-784.205856638688,-802.186173966544,-122.550417336429
133.9,-2443601.80426521,2362631.16924757,-266431.911130341,-783.64498330062,-801.655246574691,-122.281983660347
133.95,-2443640.96973867,2362591.10253173,-266438.018076859,-783.024361419443,-801.062261421419,-122.002700196094
134,-2443680.10584907,2362551.06424228,-266444.111213158,-782.442145988004,-800.49171610234,-121.725195158658
134.05,-2443719.21272126,2362511.05408672,-266450.190323147,-781.828514839349,-799.904532815753,-121.439552529804
134.1,-2443758.2903008,2362471.07215182,-266456.255705908,-781.243886815381,-799.338175432494,-121.169847684083
134.15,-2443797.33891723,2362431.11826141,-266462.307331871,-780.692066092475,-798.811064518064,-120.897334587521
134.2,-2443836.35843631,2362391.19243965,-266468.345143669,-780.088282117544,-798.221943000729,-120.618068559336
134.25,-2443875.34909779,2362351.29460084,-266474.369290417,-779.53618179768,-797.685697518562,-120.342770679365
134.3,-2443914.31076725,2362311.424858,-266480.379520063,-778.944920703424,-797.117905788089,-120.065623922389
134.35,-2443953.2437376,2362271.58286721,-266486.376131385,-778.411841700899,-796.593999968847,-119.802164366856
134.4,-2443992.14789966,2362231.76896958,-266492.359063653,-777.819072873084,-796.022624267679,-119.524123247403
134.45,-2444031.02355193,2362191.98277122,-266498.328294309,-777.23760810955,-795.455682702569,-119.250759766179
134.5,-2444069.87060939,2362152.22442942,-266504.283983248,-776.642792784347,-794.869356308358,-118.972623980251
134.55,-2444108.68919094,2362112.49388171,-266510.225930019,-776.071844419894,-794.31837452965,-118.699025047213
134.6,-2444147.47941297,2362072.79089475,-266516.154354294,-775.529948448044,-793.784451760152,-118.43682652794
134.65,-2444186.24116654,2362033.11577351,-266522.069243724,-774.938080692688,-793.212156903948,-118.160172614946
134.7,-2444224.97484458,2361993.46798112,-266527.970611095,-774.399924220243,-792.690941797948,-117.895532089558
134.75,-2444263.68009423,2361953.84783484,-266533.858588241,-773.830178967655,-792.140352991088,-117.623309695605
134.8,-2444302.35743422,2361914.25511731,-266539.732987127,-773.271515903449,-791.586506236554,-117.354147654316
134.85,-2444341.00642715,2361874.68999393,-266545.594031874,-772.687671918206,-791.011201147536,-117.085777521121
134.9,-2444379.62741958,2361835.15219283,-266551.44177924,-772.123421811666,-790.466234256947,-116.817750445957
134.95,-2444418.22039942,2361795.64177922,-266557.27622364,-771.585049561535,-789.930553713928,-116.556230606474
135,-2444456.78556733,2361756.15851799,-266563.097487618,-771.004305644924,-789.375107451964,-116.289946853654
135.05,-2444495.32267423,2361716.70281748,-266568.9055096,-770.471657716357,-788.850268445753,-116.031665098747
135.1,-2444533.83180021,2361677.27432973,-266574.700435994,-769.892610371414,-788.278250126122,-115.765590301675
135.15,-2444572.31298136,2361637.87312866,-266580.482315072,-769.32984649773,-787.734722519055,-115.503101887637
135.2,-2444610.7664973,2361598.49902401,-266586.251196378,-768.806259825292,-787.218520801585,-115.24883401059
135.25,-2444649.19205925,2361559.15204086,-266592.007163976,-768.249101719907,-786.690366104304,-114.992414890633
135.3,-2444687.58992723,2361519.83230293,-266597.750192478,-767.710601295925,-786.158537325239,-114.73541814364
135.35,-2444725.95980556,2361480.53990927,-266603.480386714,-767.118616336446,-785.572834940919,-114.480630715395
135.4,-2444764.30189392,2361441.27481475,-266609.197851729,-766.577066935373,-785.045468671319,-114.223975519022
135.45,-2444802.61635319,2361402.03669943,-266614.902591365,-765.993684689291,-784.474223065274,-113.968294548919
135.5,-2444840.90301067,2361362.82574217,-266620.594813708,-765.468984190345,-783.957072355107,-113.716865071012
135.55,-2444879.16197396,2361323.64187582,-266626.274309768,-764.884387753885,-783.391526411624,-113.461005268935
135.6,-2444917.3929976,2361284.4851429,-266631.941292123,-764.329860043766,-782.844348014388,-113.216507145553
135.65,-2444955.59642702,2361245.35544463,-266637.595818883,-763.79922462319,-782.333971921273,-112.968498880722
135.7,-2444993.77215479,2361206.25266732,-266643.237877899,-763.247484773474,-781.797938393236,-112.720384593044
135.75,-2445031.92018005,2361167.17682788,-266648.86766745,-762.718727972428,-781.280579813917,-112.474483159983
135.8,-2445070.04052839,2361128.127928,-266654.484991455,-762.139662083649,-780.721317811272,-112.222518230001
135.85,-2445108.13314407,2361089.10588434,-266660.090032826,-761.561399183912,-780.150921986524,-111.97844805012
135.9,-2445146.19800846,2361050.1108255,-266665.68277218,-761.005081785468,-779.619245025822,-111.730612179309
135.95,-2445184.23557739,2361011.14247596,-266671.263246225,-760.473973664853,-779.113105534056,-111.491169475984
136,-2445222.24566456,2360972.20075446,-266676.831631551,-759.927359916874,-778.560179234018,-111.244445388803
136.05,-2445260.22825732,2360933.28570276,-266682.387797765,-759.367828190755,-778.013605330118,-111.000438259801
136.1,-2445298.1837722,2360894.39727252,-266687.931797144,-758.84180384715,-777.508782308244,-110.759080057566
136.15,-2445336.11161644,2360855.53563187,-266693.463576537,-758.273661506837,-776.95114839071,-110.508915655404
136.2,-2445374.01245651,2360816.70037941,-266698.983240406,-757.74721499665,-776.452951748245,-110.272436395126
136.25,-2445411.88601731,2360777.89169397,-266704.490848824,-757.185142429123,-775.892104502175,-110.029880617986
136.3,-2445449.73240659,2360739.10922052,-266709.986295371,-756.666171160222,-775.382284119207,-109.786901768147
136.35,-2445487.55177015,2360700.35338075,-266715.469696254,-756.142351881753,-774.856135285955,-109.544830072018
136.4,-2445525.34403009,2360661.62362063,-266720.941044587,-755.58431452223,-774.341207052497,-109.303648510277
136.45,-2445563.10943752,2360622.92048971,-266726.400272448,-755.02130821968,-773.823439890357,-109.071379404263
136.5,-2445600.84784588,2360584.24328464,-266731.847567435,-754.500877450577,-773.280919588984,-108.831681403451
136.55,-2445638.55937739,2360545.5921533,-266737.282807361,-753.959165478341,-772.74034400989,-108.579534110283
136.6,-2445676.24435064,2360506.96726745,-266742.706079798,-753.443266260795,-772.24862243913,-108.342835268663
136.65,-2445713.90220094,2360468.3685796,-266748.1172513,-752.896713265914,-771.713119935039,-108.102282821204
136.7,-2445751.53368531,2360429.79586754,-266753.516389081,-752.365032730699,-771.209356131399,-107.86231025524
136.75,-2445789.13842559,2360391.24927665,-266758.903558845,-751.832642525699,-770.670990122346,-107.625179131481
136.8,-2445826.71660689,2360352.72848732,-266764.278731631,-751.313498150164,-770.159351734851,-107.383736559978
136.85,-2445864.26873362,2360314.23358034,-266769.642055642,-750.791766754895,-769.642646093072,-107.146464661762
136.9,-2445901.7940781,2360275.76466342,-266774.993419652,-750.256559734841,-769.132368524084,-106.90697930559
136.95,-2445939.29342521,2360237.32172847,-266780.332871614,-749.691767557306,-768.606311905688,-106.672570595458
137,-2445976.76642599,2360198.90443683,-266785.660555976,-749.197455444217,-768.088536359664,-106.441696161347
137.05,-2446014.21328858,2360160.51276006,-266790.976403829,-748.691689374311,-767.577732684043,-106.197767073158
137.1,-2446051.63417701,2360122.14702497,-266796.280561234,-748.166939880472,-767.067107946659,-105.964277535952
137.15,-2446089.02882237,2360083.8070177,-266801.572918572,-747.620431886095,-766.524299279553,-105.725884532623
137.2,-2446126.39774373,2360045.49281068,-266806.853544626,-747.089909685881,-766.034643629449,-105.49774864738
137.25,-2446163.74060365,2360007.20419204,-266812.12266521,-746.583946829111,-765.502953139553,-105.270833015993
137.3,-2446201.05761345,2359968.94111193,-266817.380181024,-746.098289970822,-765.008221768076,-105.034832460531
137.35,-2446238.34894732,2359930.70380108,-266822.626305313,-745.576189494691,-764.500504830528,-104.805589648923
137.4,-2446275.61426049,2359892.49212953,-266827.860903803,-745.052142833804,-763.975224736266,-104.576700999053
137.45,-2446312.8540674,2359854.30625097,-266833.084104127,-744.474167250321,-763.432303528747,-104.346913159837
137.5,-2446350.06817038,2359816.14573255,-266838.296142515,-744.021365714906,-762.952962229768,-104.13355466441
137.55,-2446387.25656336,2359778.01078909,-266843.496941801,-743.554578608419,-762.470306073427,-103.907673232406
137.6,-2446424.41953163,2359739.90153685,-266848.686746107,-743.000511263792,-761.925876447513,-103.680799945607
137.65,-2446461.55661672,2359701.817973,-266853.865416893,-742.477602447923,-761.399991506896,-103.461471310502
137.7,-2446498.66857122,2359663.75996428,-266859.033197967,-741.968191326611,-760.922971361239,-103.248158389458
137.75,-2446535.75467794,2359625.72762389,-266864.190205589,-741.478729976604,-760.403297361095,-103.03903769823
137.8,-2446572.81546643,2359587.72065969,-266869.336453302,-740.987411068246,-759.895018129282,-102.819190956322
137.85,-2446609.85084676,2359549.73953377,-266874.472197052,-740.465389804076,-759.380794541486,-102.608029840773
137.9,-2446646.86060869,2359511.78383918,-266879.597366157,-739.934346354052,-758.84481209264,-102.396788426439
137.95,-2446683.84521942,2359473.85395188,-266884.7120881,-739.403766255165,-758.339817444809,-102.188344541552
138,-2446720.80440788,2359435.94941815,-266889.816594587,-738.937097202053,-757.841333483311,-101.992819981656
138.05,-2446757.73815193,2359398.07053624,-266894.910820854,-738.428283940722,-757.308398028046,-101.781162234026
138.1,-2446794.64685728,2359360.21735195,-266899.995138807,-737.914770251324,-756.786450761512,-101.582051653252
138.15,-2446831.53019548,2359322.38953483,-266905.069511118,-737.41631005112,-756.296616878557,-101.387903413149
138.2,-2446868.3884879,2359284.58757842,-266910.134016126,-736.899616941843,-755.805115489145,-101.194176135612
138.25,-2446905.22151989,2359246.81093569,-266915.188867488,-736.420585560574,-755.28561422563,-101.00641553309
138.3,-2446942.02916484,2359209.0600636,-266920.233969375,-735.923436233698,-754.760446575906,-100.806424718233
138.35,-2446978.81204385,2359171.33479115,-266925.269730531,-735.400028152815,-754.225868768178,-100.616727456822
138.4,-2447015.56963321,2359133.63496092,-266930.296113998,-734.893689809158,-753.72652606775,-100.433210946661
138.45,-2447052.3025444,2359095.9607833,-266935.313263049,-734.393130875237,-753.247234175856,-100.251277181874
138.5,-2447089.01025998,2359058.31212059,-266940.321303498,-733.893594236601,-752.703985429622,-100.072586363498
138.55,-2447125.69310733,2359020.68885793,-266945.320198549,-733.426887859938,-752.214735345246,-99.8866084999077
138.6,-2447162.35072046,2358983.09098771,-266950.31008592,-732.915367629544,-751.718641962045,-99.7017555673322
138.65,-2447198.98346762,2358945.51826055,-266955.291164752,-732.387123376475,-751.181846594294,-99.5359749808016
138.7,-2447235.59119032,2358907.97085389,-266960.263359262,-731.921211932379,-750.701503388816,-99.357992125923
138.75,-2447272.17421243,2358870.4485241,-266965.226912784,-731.387962820062,-750.177083850185,-99.1783214974203
138.8,-2447308.73219636,2358832.95179922,-266970.181819092,-730.90963044652,-749.677634834028,-99.0119387580357
138.85,-2447345.26542628,2358795.48017498,-266975.128078434,-730.434617487646,-749.192935240243,-98.8421754295213
138.9,-2447381.77401962,2358758.0335948,-266980.066015331,-729.930709593801,-748.683143809027,-98.6764115689645
138.95,-2447418.25796979,2358720.612414,-266984.995474864,-729.426345923514,-748.15482958663,-98.5081261826489
139,-2447454.71739588,2358683.2161996,-266989.916654892,-728.92007656914,-747.656842523913,-98.3340724449464
139.05,-2447491.1524241,2358645.84535163,-266994.829594884,-728.465765906472,-747.174544483617,-98.1768209849308
139.1,-2447527.5628406,2358608.4996858,-266999.734181036,-727.986445607057,-746.682917695002,-98.0137752195274
139.15,-2447563.94901814,2358571.1789166,-267004.63073703,-727.511130155022,-746.196936430916,-97.8535586878763
139.2,-2447600.3108439,2358533.88349448,-267009.519161464,-727.005007422484,-745.657906922068,-97.6927826851012
139.25,-2447636.64866177,2358496.61280784,-267014.39955542,-726.517541341784,-745.175802517922,-97.5238726935254
139.3,-2447672.96230509,2358459.36750352,-267019.271988677,-726.014177980168,-744.637851819983,-97.3653402943909
139.35,-2447709.25178528,2358422.14714258,-267024.136291202,-725.566734722746,-744.17447211857,-97.2101324496539
139.4,-2447745.51733869,2358384.95165783,-267028.992829845,-725.050177036621,-743.6403371641,-97.049326746874
139.45,-2447781.75888517,2358347.78136617,-267033.841463762,-724.589115738176,-743.139206726884,-96.8969462050974
139.5,-2447817.97677346,2358310.63569615,-267038.682263478,-724.092916599856,-742.645510122835,-96.7302434738754
139.55,-2447854.17097945,2358273.51512231,-267043.515381118,-723.650594845496,-742.168262910571,-96.5831564032485
139.6,-2447890.34121693,2358236.41941983,-267048.340577824,-723.208882037717,-741.707401658832,-96.4339650438763
139.65,-2447926.48778888,2358199.34856815,-267053.158142495,-722.699827809524,-741.174487826806,-96.2745547816225
139.7,-2447962.61072357,2358162.30264132,-267057.967990566,-722.216696925858,-740.649945049226,-96.1231821814691
139.75,-2447998.71024815,2358125.28117365,-267062.770212921,-721.733091559983,-740.166195449199,-95.9615291404109
139.8,-2448034.78619871,2358088.28478164,-267067.564918317,-721.267002310545,-739.665018538763,-95.8145210532576
139.85,-2448070.83866751,2358051.31291644,-267072.351899981,-720.830831003444,-739.204463066888,-95.667611520859
139.9,-2448106.86762644,2358014.36581246,-267077.1314096,-720.324745674283,-738.676533680843,-95.5138235686419
139.95,-2448142.87323415,2357977.44345222,-267081.903457439,-719.883614842296,-738.19448675349,-95.3717502720695
140,-2448178.85548854,2357940.54551175,-267086.668017644,-719.413740191832,-737.72356016119,-95.2131509870267
140.05,-2448214.81455756,2357903.67225179,-267091.425309464,-718.954038701721,-737.224702383775,-95.0695886525157
140.1,-2448250.74998442,2357866.8236349,-267096.174971662,-718.497616538306,-736.743275272606,-94.9239297317801
140.15,-2448286.66229635,2357829.99936719,-267100.917443819,-718.014963458217,-736.243366468694,-94.7763353875899
140.2,-2448322.55114011,2357793.1999553,-267105.652554106,-717.563198670828,-735.752847531725,-94.6350789958152
140.25,-2448358.41691709,2357756.42455865,-267110.380411588,-717.064074706926,-735.250036628821,-94.4789769578511
140.3,-2448394.25935586,2357719.6739065,-267115.101165042,-716.604761733225,-734.754678933082,-94.3398762818989
140.35,-2448430.07858876,2357682.94741897,-267119.814587659,-716.145204017581,-734.275931938899,-94.1975102633046
140.4,-2448465.87446341,2357646.24530767,-267124.520953087,-715.679021037898,-733.793309008918,-94.055568944993
140.45,-2448501.64701609,2357609.56783856,-267129.220191673,-715.216983181452,-733.290128804818,-93.9180416822743
140.5,-2448537.3965431,2357572.91419065,-267133.912348273,-714.752281604769,-732.827096518095,-93.7682676594904
140.55,-2448573.12280129,2357536.28506325,-267138.597648974,-714.274509244167,-732.320071102312,-93.6324027572752
140.6,-2448608.82580493,2357499.67996299,-267143.275814087,-713.846825951333,-731.873303875761,-93.4979243094974
140.65,-2448644.50544718,2357463.09915235,-267147.947128878,-713.364416332867,-731.380913681673,-93.3580985680317
140.7,-2448680.16182919,2357426.54262238,-267152.611526717,-712.891669169488,-730.871309788623,-93.2225417693709
140.75,-2448715.79512658,2357390.0098811,-267157.26903417,-712.437227062797,-730.421794695239,-93.0778102062991
140.8,-2448751.40518119,2357353.50142352,-267161.919874277,-711.95174733116,-729.912149460165,-92.9455590909418
140.85,-2448786.99191603,2357317.01685243,-267166.563766552,-711.509472311416,-729.455879999253,-92.8144092379374
140.9,-2448822.55548296,2357280.55613416,-267171.201040647,-711.04191427021,-728.978888070965,-92.6778636578099
140.95,-2448858.09564817,2357244.1197148,-267175.831530251,-710.59254776417,-728.497211563059,-92.5490202790222
141,-2448893.61278606,2357207.70687861,-267180.4553028,-710.088702400449,-728.003046351654,-92.4025033771558
141.05,-2448929.10673779,2357171.31803381,-267185.072549816,-709.641980058236,-727.531638227918,-92.2778718486144
141.1,-2448964.57750033,2357134.95337408,-267189.683106743,-709.175037299587,-727.037945190665,-92.1471915666175
141.15,-2449000.02516109,2357098.61290167,-267194.287125193,-708.718003860368,-726.566086983558,-92.012341841153
141.2,-2449035.4497575,2357062.29646015,-267198.88455111,-708.268298074743,-726.093562362357,-91.8851797793875
141.25,-2449070.85121374,2357026.0040633,-267203.47537498,-707.795874499983,-725.605047525806,-91.7508502839194
141.3,-2449106.22961642,2356989.73568179,-267208.059687165,-707.321976891301,-725.114982736554,-91.6189629885997
141.35,-2449141.58514309,2356953.49102942,-267212.637497159,-706.888306795135,-724.662975929265,-91.4920507739954
141.4,-2449176.91760138,2356917.27033757,-267217.208767749,-706.449419287896,-724.206276964465,-91.364324209824
141.45,-2449212.22715433,2356881.0735113,-267221.773499965,-705.94783211805,-723.685459371495,-91.2274719257225
141.5,-2449247.51370456,2356844.90061384,-267226.331697187,-705.490021566928,-723.209345494153,-91.097390631083
141.55,-2449282.77748584,2356808.75139951,-267230.883390363,-705.034625569287,-722.735256657605,-90.9676429702938
141.6,-2449318.01843991,2356772.62583045,-267235.428641331,-704.58192121225,-722.26132930989,-90.8394907706648
141.65,-2449353.23677544,2356736.52377413,-267239.967418654,-704.173973661301,-721.837989663303,-90.7142456320476
141.7,-2449388.43227568,2356700.4455312,-267244.499669798,-703.694481504442,-721.341995703003,-90.5811156660018
141.75,-2449423.60512548,2356664.3909041,-267249.025460487,-703.214308063179,-720.841044890129,-90.4475884908537
141.8,-2449458.75528853,2356628.3598678,-267253.544689728,-702.775030820921,-720.381002020631,-90.3199646084489
141.85,-2449493.88318182,2356592.3521793,-267258.057511568,-702.320441273377,-719.90493070453,-90.1904666174588
141.9,-2449528.9886417,2356556.36778206,-267262.563897615,-701.894562355823,-719.460938942339,-90.0667080078584
141.95,-2449564.0717372,2356520.40693984,-267267.063808448,-701.42056986605,-718.972569396151,-89.9281836648068
142,-2449599.13260262,2356484.46923592,-267271.557177949,-700.990324958302,-718.513859161455,-89.8042430316917
142.05,-2449634.17116278,2356448.55506137,-267276.044120996,-700.530725943694,-718.033540719921,-89.6722960025717
142.1,-2449669.18772725,2356412.66394175,-267280.524619989,-700.120135827459,-717.594442188231,-89.545341780802
142.15,-2449704.1819449,2356376.79609259,-267284.99857321,-699.674709922088,-717.136052176806,-89.4163686294549
142.2,-2449739.15421125,2356340.95132485,-267289.466136636,-699.217900627839,-716.664544149491,-89.2826816291944
142.25,-2449774.10430483,2356305.12975118,-267293.927151596,-698.772821929701,-716.198154937549,-89.1540723715066
142.3,-2449809.03244463,2356269.33117613,-267298.381627478,-698.352837821671,-715.747432514878,-89.0271478843899
142.35,-2449843.9385448,2356233.55569426,-267302.829686138,-697.917342643101,-715.285368209201,-88.8987399817189
142.4,-2449878.82282499,2356197.80294497,-267307.271183931,-697.475778928308,-714.832568003665,-88.7688812191057
142.45,-2449913.68510428,2356162.07331565,-267311.706246946,-697.032777962831,-714.378278458716,-88.6335847625212
142.5,-2449948.5254895,2356126.36643475,-267316.134810871,-696.570495805297,-713.889091276865,-88.5054044014217
142.55,-2449983.3439316,2356090.68263331,-267320.55680737,-696.156544824435,-713.455688488393,-88.3763325262542
142.6,-2450018.14059772,2356055.02167709,-267324.972306931,-695.697748547537,-712.975389439654,-88.2426237006552
142.65,-2450052.9153187,2356019.38342731,-267329.381302413,-695.273875489593,-712.536282044794,-88.1148895818412
142.7,-2450087.66821099,2355983.76785482,-267333.783792682,-694.821356282138,-712.068292328592,-87.981724811537
142.75,-2450122.39904297,2355948.17519981,-267338.179778656,-694.38544993116,-711.612454353712,-87.8505928223203
142.8,-2450157.10790548,2355912.60543907,-267342.569163391,-693.947053671574,-711.156426081991,-87.7222071334248
142.85,-2450191.79494461,2355877.05817641,-267346.952109017,-693.506684878521,-710.703871806861,-87.5925968899804
142.9,-2450226.45988468,2355841.53367525,-267351.328545437,-693.067021407457,-710.250935435197,-87.4632899861448
142.95,-2450261.10306958,2355806.03164558,-267355.698560219,-692.650856418599,-709.823369175916,-87.3359611351215
143,-2450295.72413704,2355770.55242147,-267360.06213249,-692.210554437945,-709.366785207399,-87.2062374646894
143.05,-2450330.32335106,2355735.09573301,-267364.419196518,-691.769443350586,-708.91607624013,-87.0773794947401
143.1,-2450364.90043988,2355699.66162513,-267368.769929219,-691.327326923094,-708.462510221448,-86.9516054761063
143.15,-2450399.4555539,2355664.25002215,-267373.114295405,-690.869546859917,-707.994106105271,-86.8240612226376
143.2,-2450433.98875074,2355628.86080878,-267377.452358387,-690.439645166686,-707.560433160565,-86.6977379079001
143.25,-2450468.49995336,2355593.49397681,-267381.784176955,-690.01149251173,-707.120277985264,-86.5725016300041
143.3,-2450502.98899621,2355558.14970727,-267386.109631097,-689.545703580925,-706.646582029425,-86.4453241113332
143.35,-2450537.45605201,2355522.82772336,-267390.428909638,-689.104796027786,-706.200993268085,-86.3227208606955
143.4,-2450571.9011438,2355487.52805082,-267394.742059862,-688.690559551319,-705.780552762275,-86.2041195711564
143.45,-2450606.32425398,2355452.25055838,-267399.049076952,-688.272380363045,-705.360881007659,-86.0824895349909
143.5,-2450640.72518704,2355416.99544891,-267403.35004507,-687.808640049385,-704.887195935475,-85.9576770824358
143.55,-2450675.10409226,2355381.76260592,-267407.644883757,-687.364117978227,-704.44428126705,-85.837197587964
143.6,-2450709.460967,2355346.55188259,-267411.93378213,-686.900419081222,-703.976468084295,-85.7166770036654
143.65,-2450743.79568442,2355311.3634578,-267416.216727311,-686.464685362968,-703.536297566306,-85.6002261521423
143.7,-2450778.10861923,2355276.19687407,-267420.493795682,-686.045206391749,-703.119099198107,-85.4825604094684
143.75,-2450812.39934679,2355241.05250214,-267424.765066101,-685.578013920392,-702.647893456341,-85.3638565091422
143.8,-2450846.66817039,2355205.93018669,-267429.030466878,-685.163153298747,-702.233703484898,-85.2513238341186
143.85,-2450880.91491748,2355170.82996926,-267433.290127554,-684.725040729088,-701.794221924678,-85.1353890758007
143.9,-2450915.1398074,2355135.75168371,-267437.544066566,-684.266422824431,-701.332234678252,-85.0209431702778
143.95,-2450949.34289322,2355100.69522527,-267441.792384991,-683.850499616563,-700.918636317719,-84.9100316864282
144,-2450983.52409658,2355065.66067762,-267446.035043434,-683.392253185432,-700.458884214665,-84.7948618928461
144.05,-2451017.68346178,2355030.64808846,-267450.272096823,-682.96004981143,-700.020140576344,-84.6848887426006
144.1,-2451051.82107666,2354995.65732731,-267454.503597622,-682.524139937587,-699.584388942498,-84.573832657401
144.15,-2451085.93685995,2354960.68847287,-267458.729602387,-682.088675918004,-699.150156208008,-84.4645785558946
144.2,-2451120.03117802,2354925.74118192,-267462.950168454,-681.680028139614,-698.738971639834,-84.3577852026911
144.25,-2451154.10381318,2354890.81568852,-267467.165278791,-681.234885653359,-698.289004197813,-84.2479928341642
144.3,-2451188.15482937,2354855.91199865,-267471.374956038,-680.791669243839,-697.842340854519,-84.1379024492755
144.35,-2451222.18446342,2354821.02994007,-267475.579218326,-680.385449314781,-697.433473197197,-84.0319426108707
144.4,-2451256.19253953,2354786.16967909,-267479.778117769,-679.958917694329,-697.001065603301,-83.9262536532177
144.45,-2451290.17952093,2354751.33073641,-267483.971725909,-679.533824899987,-696.569998671307,-83.819068698463
144.5,-2451324.14507187,2354716.51353324,-267488.16001902,-679.10877212449,-696.138528426807,-83.7141984504017
144.55,-2451358.08949075,2354681.71782954,-267492.3429818,-678.661645616454,-695.684186047962,-83.6022018683664
144.6,-2451392.01259079,2354646.94354957,-267496.520666422,-678.257334533369,-695.268394981646,-83.5088105641782
144.65,-2451425.91451432,2354612.19091338,-267500.693177106,-677.813130151934,-694.828128449903,-83.3947996923815
144.7,-2451459.79541842,2354577.45947507,-267504.860377108,-677.392293657425,-694.403536994516,-83.2916335142196
144.75,-2451493.65536572,2354542.7493927,-267509.022546898,-676.996759121866,-693.996076352374,-83.1921855049229
144.8,-2451527.49424825,2354508.06070473,-267513.179374496,-676.58824997873,-693.576830073565,-83.0873898761606
144.85,-2451561.31236183,2354473.39339697,-267517.331018545,-676.182729644538,-693.164325977286,-82.9816741852782
144.9,-2451595.10955974,2354438.74749566,-267521.477405033,-675.74590306733,-692.717927648914,-82.87610896182
144.95,-2451628.88611238,2354404.12270103,-267525.618596083,-675.309245926075,-692.268664594997,-82.7711490682262
145,-2451662.64203025,2354369.51920805,-267529.754644569,-674.909175235113,-691.854658973059,-82.6679602432989
145.05,-2451696.37733338,2354334.93695545,-267533.885498212,-674.508618812176,-691.440295411801,-82.5674070472779
145.1,-2451730.0919683,2354300.37596111,-267538.011174818,-674.084297255302,-691.003827098301,-82.4609807431098
145.15,-2451763.78589266,2354265.83625858,-267542.131669129,-673.661722461922,-690.569715858566,-82.3584335528285
145.2,-2451797.45949503,2354231.31744775,-267546.247018564,-673.254031932985,-690.151450101372,-82.2556812996075
145.25,-2451831.11242729,2354196.81985623,-267550.35722378,-672.841213216999,-689.72692837888,-82.1510244658153
145.3,-2451864.74497534,2354162.34323984,-267554.462297587,-672.454608699956,-689.330454609632,-82.0510556965222
145.35,-2451898.35688572,2354127.88787986,-267558.562195236,-672.021921144438,-688.886124959353,-81.9457223155487
145.4,-2451931.94830632,2354093.45356416,-267562.656946825,-671.613824225798,-688.464295752436,-81.8433741768107
145.45,-2451965.519362,2354059.0401525,-267566.746636625,-671.222938477863,-688.06477146121,-81.7431634011152
145.5,-2451999.07004639,2354024.64757546,-267570.831249415,-670.81608913968,-687.649757627792,-81.64082706133
145.55,-2452032.60015771,2353990.27605961,-267574.910744845,-670.407203252716,-687.229426922769,-81.540059011479
145.6,-2452066.10984773,2353955.92546731,-267578.985160415,-669.975161537524,-686.788581426082,-81.4358779694806
145.65,-2452099.59897888,2353921.5958798,-267583.054469869,-669.574971414593,-686.379802110705,-81.3352447534163
145.7,-2452133.06771962,2353887.28706071,-267587.118760777,-669.15813669958,-685.955569143311,-81.234123728324
145.75,-2452166.51614094,2353852.99887374,-267591.178052085,-668.771069733623,-685.563117487828,-81.1369058407287
145.8,-2452199.94395271,2353818.73158715,-267595.232351377,-668.339095111342,-685.12352292999,-81.0359187763064
145.85,-2452233.35137289,2353784.4850465,-267599.281645324,-667.939861849057,-684.718445083778,-80.9349957710155
145.9,-2452266.73814315,2353750.25943794,-267603.325913952,-667.539884412316,-684.314995687936,-80.8375300018713
145.95,-2452300.10459425,2353716.05434442,-267607.365295654,-667.130602492692,-683.903249527008,-80.7394442151289
146,-2452333.45037826,2353681.86997761,-267611.399771762,-666.719417916283,-683.490650149253,-80.6415392127825
146.05,-2452366.77571134,2353647.70623275,-267615.42938625,-666.297465664817,-683.065423580841,-80.5435733654445
146.1,-2452400.0804284,2353613.56319555,-267619.454113241,-665.886254456366,-682.650534049553,-80.4460761547275
146.15,-2452433.36462323,2353579.44078602,-267623.474010567,-665.486179043038,-682.251340430002,-80.3509527647429
146.2,-2452466.62816981,2353545.33898627,-267627.489132153,-665.074848046697,-681.841303075362,-80.2565158649826
146.25,-2452499.87134031,2353511.25750832,-267631.499522109,-664.663766739119,-681.431289168842,-80.1604582583528
146.3,-2452533.09376433,2353477.19668133,-267635.505193708,-664.249495848537,-681.019184686165,-80.0670644281838
146.35,-2452566.29567066,2353443.15630386,-267639.506179716,-663.817246171967,-680.587367869197,-79.9716134126322
146.4,-2452599.47686093,2353409.13651533,-267643.502500213,-663.416347102882,-680.190400184022,-79.8805197209196
146.45,-2452632.63757154,2353375.13701487,-267647.494240073,-663.015831949087,-679.794099339233,-79.789690614043
146.5,-2452665.77764545,2353341.15790557,-267651.481439487,-662.594745320703,-679.376517544863,-79.6991607700081
146.55,-2452698.89717293,2353307.19915582,-267655.464136441,-662.173880904959,-678.959995617395,-79.6081917864379
146.6,-2452731.9962274,2353273.26062891,-267659.44237737,-661.76138623273,-678.553131127454,-79.5179170881715
146.65,-2452765.07459504,2353239.34258577,-267663.416135718,-661.3738191137,-678.169581922881,-79.4327073343205
146.7,-2452798.13243889,2353205.44478385,-267667.385531736,-660.949228661826,-677.750889576231,-79.344803295195
146.75,-2452831.16973109,2353171.56718742,-267671.350609352,-660.530269545611,-677.339887826461,-79.2583750579075
146.8,-2452864.1866436,2353137.70965044,-267675.311408117,-660.139668688345,-676.956196926611,-79.1737727073099
146.85,-2452897.18294831,2353103.87243834,-267679.267926616,-659.731083879316,-676.552333464304,-79.090089396699
146.9,-2452930.15888274,2353070.05531862,-267683.220235294,-659.322747431238,-676.149084518141,-79.004988080432
146.95,-2452963.11427588,2353036.2584537,-267687.168348937,-658.914556010944,-675.74734488058,-78.921385242317
147,-2452996.04939446,2353002.48152121,-267691.112388072,-658.484697003159,-675.32413858611,-78.8382439683095
147.05,-2453028.96417376,2352968.72460542,-267695.052359093,-658.091453761028,-674.935190116517,-78.7583986019385
147.1,-2453061.85867321,2352934.98769375,-267698.988251371,-657.695864576541,-674.545183946834,-78.6795030769765
147.15,-2453094.73283109,2352901.27086767,-267702.92013289,-657.276098664118,-674.131666430344,-78.5973920008297
147.2,-2453127.58675726,2352867.57403409,-267706.84802954,-656.864739601648,-673.724002290044,-78.5162491600351
147.25,-2453160.42064694,2352833.89700511,-267710.771979157,-656.47339037729,-673.338870785659,-78.43992607043
147.3,-2453193.2343854,2352800.23985184,-267714.692072157,-656.083526835489,-672.952965247347,-78.3650581690157
147.35,-2453226.02813693,2352766.60248608,-267718.608345464,-655.689803170298,-672.564361676484,-78.2882246439261
147.4,-2453258.80166156,2352732.98520867,-267722.520727241,-655.279329136826,-672.157066039596,-78.2097572007753
147.45,-2453291.55531785,2352699.38764222,-267726.429306098,-654.860888509779,-671.738118261826,-78.1337303861814
147.5,-2453324.28899228,2352665.80985423,-267730.334120012,-654.462290890443,-671.346674090153,-78.058425432028
147.55,-2453357.00296153,2352632.25160355,-267734.235241147,-654.087684362239,-670.975914422251,-77.985383025264
147.6,-2453389.69699895,2352598.71321644,-267738.132626335,-653.669742449156,-670.555904197608,-77.9088736575012
147.65,-2453422.3713225,2352565.19450972,-267742.026290731,-653.29702026008,-670.184788392428,-77.8376076908624
147.7,-2453455.02584411,2352531.69556335,-267745.916275452,-652.902274180768,-669.793169300716,-77.7631265764838
147.75,-2453487.66075696,2352498.21613472,-267749.802619884,-652.489937038966,-669.382561742934,-77.6887783455575
147.8,-2453520.27607585,2352464.75622806,-267753.685362489,-652.119043792814,-669.010682930466,-77.6192901248771
147.85,-2453552.87183153,2352431.31587701,-267757.564495884,-651.707474530859,-668.599831396589,-77.5450931555124
147.9,-2453585.44791831,2352397.89518105,-267761.439981075,-651.316401576341,-668.207864036028,-77.472761667845
147.95,-2453618.00457658,2352364.49395941,-267765.311881131,-650.926165296563,-667.818129353824,-77.4023551080165
148,-2453650.54179227,2352331.11216561,-267769.180213755,-650.565793981961,-667.458225254234,-77.3343246969725
148.05,-2453683.05950137,2352297.74987283,-267773.045024067,-650.169240904977,-667.06143821993,-77.260931665346
148.1,-2453715.55781491,2352264.40696149,-267776.906255386,-649.768752739891,-666.661837111242,-77.1878857334173
148.15,-2453748.03666095,2352231.08357449,-267780.763905426,-649.371174931028,-666.261437600968,-77.1176484957626
148.2,-2453780.49625528,2352197.77946718,-267784.618068238,-649.003551886422,-665.892545245432,-77.048626234745
148.25,-2453812.93642908,2352164.49480928,-267788.468702292,-648.619061916125,-665.510515018237,-76.9793602341711
148.3,-2453845.35740869,2352131.22924522,-267792.315853158,-648.23223413459,-665.127010414086,-76.907968577154
148.35,-2453877.7589446,2352097.98309333,-267796.159469903,-647.846072917706,-664.738753503574,-76.8388384211799
148.4,-2453910.1411513,2352064.75628009,-267799.999592401,-647.4385222109,-664.329737211385,-76.7668213104033
148.45,-2453942.50405387,2352031.54872282,-267803.83621616,-647.062635065547,-663.956643057701,-76.6958440688987
148.5,-2453974.84768729,2351998.36032653,-267807.669345685,-646.68668231478,-663.585107780747,-76.6284526618109
148.55,-2454007.1720054,2351965.19111322,-267811.499003443,-646.280711348747,-663.180000105533,-76.5581460001629
148.6,-2454039.47714999,2351932.04092985,-267815.325206484,-645.916826293789,-662.819505067666,-76.4904980634148
148.65,-2454071.76283116,2351898.9100593,-267819.147928814,-645.529902254709,-662.435266389024,-76.4192081473871
148.7,-2454104.0292593,2351865.79826884,-267822.967155446,-645.164492293957,-662.076380429158,-76.3521743434951
148.75,-2454136.27631803,2351832.70561124,-267826.782928342,-644.758359955473,-661.671363017472,-76.2829617532948
148.8,-2454168.50408906,2351799.63189787,-267830.595291522,-644.350333690182,-661.27026947343,-76.2117261264947
148.85,-2454200.71255899,2351766.57718277,-267834.404219993,-643.970422320331,-660.899381655427,-76.1438011524723
148.9,-2454232.90155481,2351733.54157806,-267838.209711625,-643.574254618923,-660.508547485394,-76.074079128283
148.95,-2454265.07134053,2351700.52485818,-267842.011793949,-643.210216145989,-660.150861556483,-76.0088874896285
149,-2454297.22165183,2351667.52720605,-267845.810459949,-642.799654081986,-659.751699168935,-75.9391816959636
149.05,-2454329.35267964,2351634.5482548,-267849.605747634,-642.423348207081,-659.386556059056,-75.870999429222
149.1,-2454361.46418291,2351601.5882955,-267853.397673188,-642.026098029857,-659.00019300572,-75.8028988067641
149.15,-2454393.5563906,2351568.64709419,-267857.186240655,-641.659975890729,-658.644860202493,-75.7393048494882
149.2,-2454425.6290131,2351535.72490733,-267860.97145549,-641.247462849834,-658.245633039732,-75.6696848727622
149.25,-2454457.68223811,2351502.8214827,-267864.753340782,-640.859273401218,-657.871035455838,-75.6038569464503
149.3,-2454489.71608071,2351469.93673785,-267868.53197896,-640.479522267246,-657.505179964631,-75.5400275801815
149.35,-2454521.73045402,2351437.07068737,-267872.307341654,-640.080195742877,-657.119464730463,-75.4744679466722
149.4,-2454553.72539467,2351404.22336384,-267876.079464782,-639.711772928307,-656.767835119341,-75.4109096325597
149.45,-2454585.70084432,2351371.39472652,-267879.848329726,-639.30036222897,-656.371640414809,-75.3450341888473
149.5,-2454617.65677944,2351338.58486373,-267883.614001187,-638.922330134236,-656.009632732203,-75.2820368434222
149.55,-2454649.59326939,2351305.79356177,-267887.376507738,-638.522039399778,-655.626636600696,-75.2171244410554
149.6,-2454681.51042379,2351273.02064726,-267891.135886636,-638.155511793596,-655.280748801952,-75.1571463142544
149.65,-2454713.40799783,2351240.266454,-267894.89215761,-637.744579096504,-654.888050536154,-75.0939684245172
149.7,-2454745.28627322,2351207.53064162,-267898.645383269,-637.376021906756,-654.533993635079,-75.0349772850989
149.75,-2454777.14496722,2351174.8135006,-267902.395520138,-636.989259098725,-654.167813163871,-74.9734268453112
149.8,-2454808.98431932,2351142.11472733,-267906.142682722,-636.577949421473,-653.778807097307,-74.9115716655158
149.85,-2454840.80433454,2351109.43427745,-267909.886862851,-636.214304642441,-653.433153097782,-74.8551942598809
149.9,-2454872.6048986,2351076.77229764,-267913.628108484,-635.813863744319,-653.051830914564,-74.7964939818743
149.95,-2454904.38611102,2351044.12871883,-267917.366445504,-635.41818747499,-652.675234851968,-74.7364633144823
150,-2454936.1481082,2351011.50338632,-267921.101919548,-635.053169977148,-652.33031872434,-74.6811372557287
150.05,-2454967.8906864,2350978.89647622,-267924.834542455,-634.66865952303,-651.966875389962,-74.6256684783906
150.1,-2454999.61417476,2350946.30759865,-267928.56442189,-634.285390266962,-651.602257048112,-74.571136406993
150.15,-2455031.31830014,2350913.73710196,-267932.291515539,-633.889427436687,-651.227248866815,-74.5144512653242
150.2,-2455063.00330319,2350881.1847468,-267936.015892856,-633.493950685062,-650.852051949065,-74.45845531958
150.25,-2455094.66910438,2350848.65064413,-267939.737575419,-633.123530275841,-650.496687262071,-74.4073716699981
150.3,-2455126.31589226,2350816.13463241,-267943.456627507,-632.753501747149,-650.148132798401,-74.356073319787
150.35,-2455157.94357156,2350783.63671232,-267947.173074647,-632.361501019966,-649.775542493222,-74.3027197906326
150.4,-2455189.55218003,2350751.15688147,-267950.886936246,-631.973137263083,-649.406969024838,-74.2507343923528
150.45,-2455221.14195171,2350718.69487998,-267954.598212395,-631.592247395532,-649.04736702186,-74.2012553343886
150.5,-2455252.71242504,2350686.25109792,-267958.307026163,-631.213784189483,-648.683559839974,-74.1513264016509
150.55,-2455284.26420727,2350653.82512329,-267962.013287032,-630.850152959347,-648.347651815235,-74.0985101419768
150.6,-2455315.79688553,2350621.41703266,-267965.717059935,-630.452163838342,-647.968994474433,-74.0537203500686
150.65,-2455347.31075876,2350589.02671652,-267969.418459343,-630.096020617207,-647.63576849803,-74.0051677714417
150.7,-2455378.80575587,2350556.65432765,-267973.11740326,-629.719321378794,-647.279806998885,-73.9568239379462
150.75,-2455410.28191683,2350524.29962283,-267976.814008957,-629.344931428023,-646.918371766569,-73.9096860225945
150.8,-2455441.7392469,2350491.96291856,-267980.508186945,-628.969127503251,-646.566267294717,-73.858725771023
150.85,-2455473.17787633,2350459.64376022,-267984.199976122,-628.571212691446,-646.19146577745,-73.8144795752974
150.9,-2455504.5977143,2350427.34236802,-267987.889497328,-628.207219691785,-645.849244079114,-73.7666609359578
150.95,-2455535.99901151,2350395.05857137,-267991.576672228,-627.844587394521,-645.511400310535,-73.7196933202713
151,-2455567.38153589,2350362.79237135,-267995.26148028,-627.47178925318,-645.156034880013,-73.6700717258768
151.05,-2455598.74547734,2350330.54397639,-267998.943968723,-627.078392585474,-644.779813083204,-73.6260183488117
151.1,-2455630.09085482,2350298.31296916,-268002.624094502,-626.719682994678,-644.442583240728,-73.580380761273
151.15,-2455661.41758825,2350266.09938195,-268006.301939428,-626.336062117279,-644.083712103539,-73.529527387046
151.2,-2455692.72581819,2350233.90330088,-268009.977468026,-625.991814376825,-643.754566953163,-73.4923325591882
151.25,-2455724.01536257,2350201.72471283,-268013.65070395,-625.610486046377,-643.407199722495,-73.4408091937053
151.3,-2455755.28636123,2350169.56371738,-268017.321628419,-625.233064831665,-643.04341868644,-73.3948022345846
151.35,-2455786.53882036,2350137.42011242,-268020.990170741,-624.855460616336,-642.68804717133,-73.3532312467593
151.4,-2455817.77283676,2350105.29373535,-268024.656534095,-624.497982941249,-642.359952668588,-73.3030646142887
151.45,-2455848.98824328,2350073.18482951,-268028.320498494,-624.135694755986,-642.014259287577,-73.2570106427733
151.5,-2455880.18526464,2350041.09311342,-268031.982177999,-623.760347659602,-641.663730514645,-73.2107705532003
151.55,-2455911.36357236,2350009.01903664,-268035.641572649,-623.382155399966,-641.309867140249,-73.1648594630186
151.6,-2455942.52334799,2349976.96222126,-268039.298579789,-622.99592413079,-640.948716207781,-73.119483735986
151.65,-2455973.66453535,2349944.92268249,-268042.953326118,-622.638088919727,-640.619038900989,-73.0721710231026
151.7,-2456004.78724265,2349912.90037053,-268046.605719846,-622.258809969489,-640.263528594513,-73.0261233576713
151.75,-2456035.89124452,2349880.89530931,-268050.255855647,-621.897885578547,-639.924133222972,-72.981244225477
151.8,-2456066.97680175,2349848.90755676,-268053.903580305,-621.517549605143,-639.570541578049,-72.9291786301272
151.85,-2456098.04362915,2349816.93704198,-268057.548944532,-621.139285196943,-639.22492028607,-72.8872931769219
151.9,-2456129.09186532,2349784.98369302,-268061.192019567,-620.788193618934,-638.904973348529,-72.838101958942
151.95,-2456160.12159908,2349753.04743646,-268064.832697835,-620.406420857808,-638.552263351949,-72.791543383751
152,-2456191.13251494,2349721.12833437,-268068.471037456,-620.022399723745,-638.193464264714,-72.7430428657463
152.05,-2456222.12502048,2349689.22634099,-268072.106945728,-619.671480605002,-637.875338033723,-72.6936683583332
152.1,-2456253.09866791,2349657.34152759,-268075.740383027,-619.296353172865,-637.533500659964,-72.6508203333113
152.15,-2456284.05376155,2349625.47365077,-268079.371457072,-618.922139066881,-637.195445128331,-72.5957661120913
152.2,-2456314.99022691,2349593.62282254,-268083.00006082,-618.551234970281,-636.856928915824,-72.549941980105
152.25,-2456345.90792706,2349561.7888961,-268086.626278877,-618.154723472903,-636.488705406087,-72.4997086805823
152.3,-2456376.80705491,2349529.97205217,-268090.250002271,-617.794504625731,-636.165043993804,-72.4473924810916
152.35,-2456407.68747591,2349498.17208978,-268093.871233327,-617.427878579314,-635.836761368086,-72.4049631522871
152.4,-2456438.54909828,2349466.38912879,-268097.490029377,-617.03436516249,-635.480446706339,-72.3483387375936
152.45,-2456469.39222539,2349434.62291538,-268101.106330898,-616.658142490961,-635.143494122695,-72.3012393394416
152.5,-2456500.21657263,2349402.87339979,-268104.72019224,-616.309447128927,-634.823587571106,-72.2548542298837
152.55,-2456531.02234039,2349371.14087202,-268108.331539726,-615.95582064593,-634.510733778128,-72.202999045755
152.6,-2456561.80941834,2349339.42531355,-268111.940430185,-615.563569262212,-634.153077886588,-72.1530466663721
152.65,-2456592.57788383,2349307.72653874,-268115.546842738,-615.171270017972,-633.79508583194,-72.1016412087266
152.7,-2456623.32783963,2349276.04448385,-268119.150799549,-614.800639798894,-633.460961562933,-72.0525651803076
152.75,-2456654.0591897,2349244.37921356,-268122.752273785,-614.430109650682,-633.126721208739,-72.003168230906
152.8,-2456684.77208554,2349212.73059369,-268126.351257766,-614.077273573753,-632.811200867221,-71.954408436121
152.85,-2456715.46631735,2349181.09887629,-268129.947739529,-613.686093012815,-632.455107353327,-71.9026608440648
152.9,-2456746.14208828,2349149.48376797,-268133.541745759,-613.339026701561,-632.143595175916,-71.856905667711
152.95,-2456776.79932877,2349117.88534333,-268137.133309655,-612.952523603263,-631.792798429119,-71.8064696122685
153,-2456807.43819885,2349086.30345869,-268140.722417778,-612.582153798029,-631.45910760786,-71.7567706284667
153.05,-2456838.05865931,2349054.73821256,-268144.309070229,-612.233294549746,-631.148790071759,-71.7083865734859
153.1,-2456868.6606372,2349023.18967912,-268147.89327062,-611.841317535174,-630.789929496727,-71.6581081602888
153.15,-2456899.24430087,2348991.65770904,-268151.475049606,-611.48882045947,-630.47254783536,-71.6121743385716
153.2,-2456929.80971728,2348960.14217345,-268155.05445066,-611.113400746268,-630.133035749421,-71.5631966805034
153.25,-2456960.35689982,2348928.64308112,-268158.631481366,-610.768705822712,-629.823713998538,-71.516706685229
153.3,-2456990.88585089,2348897.16053084,-268162.206134929,-610.385257735888,-629.471613672315,-71.4682507690192
153.35,-2457021.39658917,2348865.6945372,-268165.778407635,-610.030794843282,-629.153627252436,-71.4229277175437
153.4,-2457051.88912996,2348834.24504343,-268169.348334241,-609.660016873634,-628.815913514304,-71.3742289189473
153.45,-2457082.36382006,2348802.81170942,-268172.91599329,-609.319574697731,-628.510276586288,-71.3313730276225
153.5,-2457112.82048147,2348771.39478093,-268176.481368804,-608.983106345932,-628.204111846266,-71.2884653320054
153.55,-2457143.25916709,2348739.99421294,-268180.044472316,-608.602690773777,-627.856391692801,-71.2386077338296
153.6,-2457173.67970606,2348708.60996234,-268183.605250233,-608.237293287348,-627.530162402238,-71.1940243233262
153.65,-2457204.08239553,2348677.24200658,-268187.16377116,-607.862330662182,-627.185880754148,-71.1440233349168
153.7,-2457234.46734663,2348645.8902038,-268190.720143392,-607.528392315413,-626.884071185977,-71.1046086551985
153.75,-2457264.83459179,2348614.55458949,-268194.274351801,-607.155156817521,-626.539326534338,-71.0606062595519
153.8,-2457295.18404522,2348583.23523718,-268197.826365837,-606.799904426117,-626.212841905101,-71.0169340219238
153.85,-2457325.51594788,2348551.93195699,-268201.376220307,-606.46909588687,-625.910484454529,-70.9764597816498
153.9,-2457355.83005395,2348520.6450431,-268204.923948255,-606.116357599068,-625.586771596563,-70.9350978849213
153.95,-2457386.12676575,2348489.37401526,-268208.469520757,-605.764135593081,-625.264542963709,-70.891912106808
154,-2457416.40584301,2348458.11912573,-268212.013002548,-605.416049196977,-624.947544151514,-70.8492449886018
154.05,-2457446.66749035,2348426.88019571,-268215.554395698,-605.045221202772,-624.604049544736,-70.8054484666312
154.1,-2457476.91162397,2348395.65739428,-268219.093725226,-604.697477620153,-624.284890077539,-70.7654246953688
154.15,-2457507.13829529,2348364.45064972,-268222.630957148,-604.366298228309,-623.983205529332,-70.7245237709706
154.2,-2457537.34757993,2348333.25978852,-268226.166156265,-604.001545509381,-623.647509189461,-70.6820398537042
154.25,-2457567.53944418,2348302.08487176,-268229.699283233,-603.655415401238,-623.329798318101,-70.6412368853045
154.3,-2457597.71406391,2348270.9256934,-268233.230388372,-603.316662000907,-623.021948530316,-70.6018289233417
154.35,-2457627.87117872,2348239.78261009,-268236.759438139,-602.956939996477,-622.691348971685,-70.5587739384313
154.4,-2457658.01105156,2348208.65535985,-268240.286402558,-602.630898969932,-622.394830919903,-70.5197346971437
154.45,-2457688.13352264,2348177.5439792,-268243.811343549,-602.264078234562,-622.056620936763,-70.4772950554808
154.5,-2457718.23879985,2348146.44828073,-268247.334270364,-601.94010348497,-621.76271483354,-70.4389451624499
154.55,-2457748.32664461,2348115.36847724,-268250.855163314,-601.591708803079,-621.447794447893,-70.3982965887113
154.6,-2457778.39731963,2348084.30428576,-268254.374005568,-601.244335024076,-621.130493281246,-70.3569826135103
154.65,-2457808.45048193,2348053.25610844,-268257.890761053,-600.899748802778,-620.815438888702,-70.3161504562104
154.7,-2457838.48642983,2348022.22354427,-268261.405473275,-600.533590785016,-620.480837195407,-70.2733941368196
154.75,-2457868.50506234,2347991.20661782,-268264.918116426,-600.197036282797,-620.180962498041,-70.2314440874562
154.8,-2457898.50636559,2347960.20537949,-268268.428703131,-599.839314294522,-619.853880888664,-70.1895322675178
154.85,-2457928.49044357,2347929.21970938,-268271.937208081,-599.514890912118,-619.563549041745,-70.1498338526249
154.9,-2457958.45700104,2347898.24988541,-268275.443583214,-599.147071929721,-619.22815437409,-70.104470889449
154.95,-2457988.40628683,2347867.29558891,-268278.947841029,-598.809615496168,-618.928593789783,-70.0629565397182
155,-2458018.33822134,2347836.35683173,-268282.449967408,-598.450027824636,-618.604472642802,-70.0204307789778
155.05,-2458048.25279912,2347805.4335958,-268285.949982844,-598.104917163191,-618.297204908329,-69.9777980117264
155.1,-2458078.14995844,2347774.52591311,-268289.447818901,-597.775759345612,-618.005792136929,-69.9362403935771
155.15,-2458108.02962164,2347743.63388463,-268292.943448768,-597.417728510789,-617.682734416778,-69.8897307976583
155.2,-2458137.89185068,2347712.75736493,-268296.436888234,-597.059435071728,-617.363413123891,-69.845254418192
155.25,-2458167.7367208,2347681.89620023,-268299.928134206,-596.730867306451,-617.076717919456,-69.8044606900607
155.3,-2458197.56404923,2347651.05051863,-268303.417150837,-596.379789776867,-616.769576744091,-69.7583233100645
155.35,-2458227.37400205,2347620.22016694,-268306.903907169,-596.030641958756,-616.459047016041,-69.7129805247033
155.4,-2458257.16629403,2347589.40545273,-268310.388378716,-595.671267670919,-616.140665818001,-69.6663677880952
155.45,-2458286.94111413,2347558.60607594,-268313.870540971,-595.309049558809,-615.821758985937,-69.6183009295008
155.5,-2458316.69840345,2347527.82202269,-268317.350396267,-594.960845895621,-615.518512291105,-69.5741177545912
155.55,-2458346.4382329,2347497.0531987,-268320.827947401,-594.631668618343,-615.233327973458,-69.529216130658
155.6,-2458376.16044149,2347466.29975835,-268324.303142366,-594.259202463417,-614.905905900102,-69.4797803058313
155.65,-2458405.86507775,2347435.56167588,-268327.775971318,-593.884006815576,-614.576483647735,-69.4301398677928
155.7,-2458435.55221987,2347404.83882108,-268331.246441816,-593.553259263209,-614.291908077384,-69.3833899948822
155.75,-2458465.22178467,2347374.13117196,-268334.714495721,-593.223597003378,-614.008316698168,-69.3387991468907
155.8,-2458494.8737629,2347343.43874933,-268338.180173734,-592.86243938339,-613.694551822183,-69.2902933371327
155.85,-2458524.50816315,2347312.76151833,-268341.643432984,-592.50003251249,-613.380139603066,-69.2389601164512
155.9,-2458554.12502689,2347282.09944035,-268345.104248955,-592.168214002058,-613.097580365554,-69.1923701742977
155.95,-2458583.72423252,2347251.45265889,-268348.562619733,-591.818027012029,-612.792362199414,-69.1436434203807
156,-2458613.30604766,2347220.82085787,-268352.018550061,-591.468296981374,-612.491675933911,-69.0950364937964
156.05,-2458642.87020967,2347190.20418658,-268355.47202107,-591.115893979433,-612.192338294277,-69.0453214191491
156.1,-2458672.41688994,2347159.602558,-268358.923051097,-590.746317163522,-611.868303748712,-68.9950354559291
156.15,-2458701.94601576,2347129.0160798,-268362.371583493,-590.406435795454,-611.576720022022,-68.9453462398411
156.2,-2458731.45768287,2347098.44463029,-268365.817645495,-590.066507850152,-611.286360828707,-68.8976304109993
156.25,-2458760.95182765,2347067.88825596,-268369.261240681,-589.695812257523,-610.966740650526,-68.8450210580232
156.3,-2458790.4285724,2347037.34676185,-268372.702347789,-589.349342614051,-610.66841874207,-68.7969688979306
156.35,-2458819.88797238,2347006.82017948,-268376.141024791,-589.011555687753,-610.379094750173,-68.747656568276
156.4,-2458849.3298712,2346976.30865999,-268379.577191843,-588.653659766987,-610.067586686219,-68.6978626983258
156.45,-2458878.75449787,2346945.81206545,-268383.010914428,-588.324944357563,-609.791030330985,-68.6494849003047
156.5,-2458908.16173396,2346915.33041479,-268386.442167179,-587.958644982352,-609.469424756407,-68.5993632721557
156.55,-2458937.55170317,2346884.8635844,-268389.870977695,-587.616461168687,-609.175576052294,-68.5515992385298
156.6,-2458966.92442976,2346854.41162375,-268393.297359877,-587.271534874463,-608.88037786792,-68.5024264358195
156.65,-2458996.27999893,2346823.97443656,-268396.721321407,-586.945106622795,-608.602616477905,-68.4547908256861
156.7,-2459025.6182967,2346793.55222611,-268400.142822288,-586.584360755781,-608.284247251897,-68.4058332127497
156.75,-2459054.93961524,2346763.14466392,-268403.561935107,-586.243970211741,-607.990932281703,-68.3577453146
156.8,-2459084.24369723,2346732.75197656,-268406.978645028,-585.902222098756,-607.697651835422,-68.3093304812989
156.85,-2459113.53079521,2346702.37392793,-268410.392970531,-585.561428121759,-607.403774848482,-68.261489728763
156.9,-2459142.80089982,2346672.01058743,-268413.804942379,-585.24229016491,-607.128984752437,-68.2171404193278
156.95,-2459172.05407705,2346641.66198553,-268417.214564322,-584.901170583897,-606.831468691484,-68.1697226854952
157,-2459201.29024352,2346611.32815956,-268420.621825868,-584.553775686111,-606.529636724481,-68.1220476185276
157.05,-2459230.50960506,2346581.00889256,-268424.026790692,-584.207236496187,-606.227605977109,-68.0752744452745
157.1,-2459259.71216164,2346550.70420493,-268427.429470395,-583.881266030359,-605.944896755006,-68.0305224784438
157.15,-2459288.89791622,2346520.41410802,-268430.829869997,-583.552071424786,-605.662070140481,-67.986027781276
157.2,-2459318.06691653,2346490.13861802,-268434.227975998,-583.209108363938,-605.361559842832,-67.9393263192488
157.25,-2459347.21912905,2346459.87775712,-268437.623834269,-582.866083248168,-605.060471580388,-67.8942834241406
157.3,-2459376.35484207,2346429.63124361,-268441.017491935,-582.555179720935,-604.791517844099,-67.8512305568389
157.35,-2459405.47382152,2346399.39928122,-268444.408898071,-582.219520960015,-604.501069839836,-67.807235844209
157.4,-2459434.57627571,2346369.18166933,-268447.798148332,-581.889610790617,-604.215347571474,-67.7630038818226
157.45,-2459463.66205212,2346338.9786399,-268451.185169542,-581.558066623785,-603.924244113328,-67.7200144869135
157.5,-2459492.73131515,2346308.79003802,-268454.57003815,-581.209213327462,-603.615444141476,-67.6756006386919
157.55,-2459521.78409216,2346278.61576815,-268457.952738081,-580.886315186092,-603.338236056504,-67.6320240687103
157.6,-2459550.82046905,2346248.45570907,-268461.333294643,-580.569942899587,-603.06503272955,-67.5907711507073
157.65,-2459579.84027645,2346218.31010356,-268464.711732561,-580.223336472356,-602.758764246216,-67.547444812631
157.7,-2459608.84381076,2346188.17870659,-268468.088027331,-579.912863495254,-602.490347432695,-67.5068298296126
157.75,-2459637.83078088,2346158.06177307,-268471.462202825,-579.58235621243,-602.204695446869,-67.4621459262174
157.8,-2459666.80144249,2346127.95896482,-268474.83429552,-579.275807594569,-601.941513896161,-67.4225818559019
157.85,-2459695.75565574,2346097.87039668,-268478.204317001,-578.930353575205,-601.637669741753,-67.3805889494856
157.9,-2459724.69352188,2346067.79597529,-268481.572250757,-578.581357442148,-601.333399871306,-67.3363476906569
157.95,-2459753.61496282,2346037.73582031,-268484.938092702,-578.264055917586,-601.058672248709,-67.2951608688473
158,-2459782.51997783,2346007.68993671,-268488.301826088,-577.925314159257,-600.765221072093,-67.2533639619168
158.05,-2459811.40878495,2345977.65800766,-268491.663497477,-577.602310841657,-600.485417358846,-67.2123334700999
158.1,-2459840.28107702,2345947.64029976,-268495.023112313,-577.27469757228,-600.204008118045,-67.1712357613059
158.15,-2459869.13706807,2345917.63659464,-268498.380646369,-576.946528098318,-599.923575236187,-67.128350889206
158.2,-2459897.97667171,2345887.64700554,-268501.736097519,-576.643805657347,-599.665179222724,-67.0885687973114
158.25,-2459926.79991612,2345857.67150853,-268505.089474499,-576.308788457986,-599.376803086287,-67.0482970448497
158.3,-2459955.60667064,2345827.71011748,-268508.440747628,-575.961206180281,-599.076320500589,-67.0041305559104
158.35,-2459984.39717042,2345797.76258779,-268511.789969376,-575.651373160893,-598.817270578129,-66.9629052669722
158.4,-2460013.17108655,2345767.82918865,-268515.13707137,-575.324830507965,-598.537813696074,-66.922615077846
158.45,-2460041.92864866,2345737.90972673,-268518.482102328,-574.97466154926,-598.237638569228,-66.8784076916374
158.5,-2460070.6697672,2345708.00425739,-268521.825009509,-574.66483227759,-597.977762886221,-66.8377171261811
158.55,-2460099.39440824,2345678.11274902,-268525.165770785,-574.316085328757,-597.679326663714,-66.7926758367352
158.6,-2460128.10252666,2345648.23517,-268528.504423686,-573.987721345554,-597.401235366684,-66.7519897827764
158.65,-2460156.79418955,2345618.37146052,-268531.84095559,-573.657444418259,-597.123782929714,-66.7097518805411
158.7,-2460185.46944251,2345588.52154245,-268535.175322461,-573.343660634626,-596.866360886985,-66.6662375854834
158.75,-2460214.12803193,2345558.68565986,-268538.507503709,-572.994539274565,-596.567322358143,-66.6213525737684
158.8,-2460242.77013273,2345528.86360401,-268541.837514084,-572.674832231371,-596.300121714314,-66.5780318834985
158.85,-2460271.39566845,2345499.05537103,-268545.165326836,-572.353321749095,-596.035455478884,-66.5342245636455
158.9,-2460300.0046503,2345469.26086979,-268548.490923765,-572.001942924464,-595.740829426643,-66.4895934046643
158.95,-2460328.59709838,2345439.48014047,-268551.814328044,-571.690167825849,-595.48444540921,-66.4459613816476
159,-2460357.17293356,2345409.7132808,-268555.135459293,-571.34878360114,-595.197079635034,-66.3999182134258
159.05,-2460385.73207945,2345379.96024362,-268558.454325734,-571.003852416187,-594.911193273284,-66.3529099230939
159.1,-2460414.27474164,2345350.22081041,-268561.770941332,-570.692749056422,-594.659551008202,-66.3088383845657
159.15,-2460442.8006637,2345320.49514179,-268565.085249803,-570.362084439695,-594.386981693159,-66.2648636838078
159.2,-2460471.31014571,2345290.78298569,-268568.397304293,-570.029486881365,-594.111528063888,-66.2177773006362
159.25,-2460499.80282843,2345261.08474681,-268571.707012707,-569.685827230665,-593.82680672208,-66.170595592491
159.3,-2460528.2789186,2345231.40012641,-268575.014373225,-569.345181146099,-593.545890696967,-66.1225776943196
159.35,-2460556.73837955,2345201.72910258,-268578.319415976,-569.014275536325,-593.276144376513,-66.0775731748254
159.4,-2460585.18124711,2345172.07161487,-268581.622109052,-568.701777462458,-593.024255904758,-66.0306626631503
159.45,-2460613.60746242,2345142.42777232,-268584.922443672,-568.349001239581,-592.732049150308,-65.9808133459485
159.5,-2460642.01707298,2345112.79752163,-268588.220391576,-568.016573591925,-592.459750572382,-65.9342548186323
159.55,-2460670.41014341,2345083.18077755,-268591.515943467,-567.682988560906,-592.185395409961,-65.8871029338267
159.6,-2460698.7865113,2345053.57770241,-268594.809084398,-567.352171013794,-591.91667450734,-65.8376679893272
159.65,-2460727.14642092,2345023.98795293,-268598.099840074,-567.03923047681,-591.666980392946,-65.7905363195939
159.7,-2460755.48970083,2344994.411773,-268601.388173536,-566.687899195349,-591.375324189452,-65.7414568315493
159.75,-2460783.81653047,2344964.8490139,-268604.674078718,-566.376748098537,-591.125994027079,-65.6950250136582
159.8,-2460812.12664994,2344935.29988778,-268607.957532558,-566.046537516178,-590.858106246716,-65.6453776059118
159.85,-2460840.42041838,2344905.76403478,-268611.238547694,-565.715790846104,-590.590073120116,-65.5970537299353
159.9,-2460868.69757033,2344876.24169342,-268614.517114776,-565.385751351376,-590.319674801799,-65.5478757527548
159.95,-2460896.9584004,2344846.73265501,-268617.793269411,-565.040382575215,-590.035402007418,-65.4978612048228
160,-2460925.20278813,2344817.23703692,-268621.066988373,-564.721115801709,-589.776897971171,-65.4490802722955
160.05,-2460953.43080506,2344787.75479345,-268624.338258879,-564.404015248758,-589.518231920745,-65.4011989949737
160.1,-2460981.64239512,2344758.28594907,-268627.607053636,-564.084080355929,-589.25948792568,-65.3530210385019
160.15,-2461009.83766426,2344728.830409,-268630.873438789,-563.732412440016,-588.967585163914,-65.3031615167991
160.2,-2461038.01678539,2344699.38801735,-268634.137413725,-563.416447359159,-588.712988478688,-65.2552510723991
160.25,-2461066.17957543,2344669.95897883,-268637.398934567,-563.081519451466,-588.435706409602,-65.2058105013846
160.3,-2461094.32617758,2344640.54325295,-268640.65801821,-562.778354908675,-588.188222388859,-65.1594894080725
160.35,-2461122.45657719,2344611.14081645,-268643.914685133,-562.454884661368,-587.9247680575,-65.1097805454251
160.4,-2461150.57083307,2344581.75157453,-268647.168969809,-562.122463238103,-587.653321968751,-65.0604017851222
160.45,-2461178.66898457,2344552.37546884,-268650.420842111,-561.79335843043,-587.379639418139,-65.0125881857326
160.5,-2461206.75122348,2344523.01244414,-268653.670337927,-561.491067523694,-587.133408985028,-64.9675611655045
160.55,-2461234.81726369,2344493.66278705,-268656.9174178,-561.16890258939,-586.869629203195,-64.9172912199824
160.6,-2461262.86751079,2344464.32613438,-268660.162136979,-560.834487241165,-586.591220656627,-64.8688805357562
160.65,-2461290.90165484,2344435.00273647,-268663.404481195,-560.526734949838,-586.340043541022,-64.8234207667878
160.7,-2461318.91999276,2344405.69227195,-268666.644513879,-560.199550443356,-586.069866892003,-64.7761890597709
160.75,-2461346.92250218,2344376.39484565,-268669.882217677,-559.897355720685,-585.823797792739,-64.73062092124
160.8,-2461374.90912104,2344347.11057967,-268673.11758995,-559.564943637936,-585.544444106556,-64.6835329691851
160.85,-2461402.87997802,2344317.83932524,-268676.350651916,-559.2665243772,-585.303138661739,-64.6388024833153
160.9,-2461430.83504352,2344288.58103059,-268679.581427683,-558.9335526962,-585.025171231143,-64.5921505200815
160.95,-2461458.7744184,2344259.3356771,-268682.809947839,-558.628437535786,-584.776164292597,-64.5474862967599
161,-2461486.69813398,2344230.10325232,-268686.036197699,-558.324097949569,-584.525390694137,-64.5017066323791
161.05,-2461514.6061539,2344200.88382646,-268689.260159894,-558.00255837646,-584.2569675616,-64.4582523092849
161.1,-2461542.49847189,2344171.67739284,-268692.481854474,-557.680143128399,-583.989832230333,-64.4107257291505
161.15,-2461570.37528422,2344142.48370111,-268695.701337544,-557.386722090664,-583.753432758126,-64.3684547815104
161.2,-2461598.23641801,2344113.30289057,-268698.918628541,-557.075253508243,-583.496539468221,-64.3243557252336
161.25,-2461626.0821275,2344084.13480159,-268702.133740051,-556.765968982835,-583.237557962924,-64.2808391134975
161.3,-2461653.91211553,2344054.9797808,-268705.346625729,-556.453661517274,-582.980926787562,-64.2365438020119
161.35,-2461681.72661966,2344025.83751432,-268708.557309178,-556.12230077805,-582.705453022337,-64.1907469562394
161.4,-2461709.52552614,2343996.70805496,-268711.765823104,-555.821387280417,-582.461606998659,-64.148724610495
161.45,-2461737.30903827,2343967.59119673,-268714.972217835,-555.5214272546,-582.217271237103,-64.1075005016339
161.5,-2461765.07698356,2343938.48710025,-268718.17644687,-555.193349900698,-581.942310784169,-64.0622162278788
161.55,-2461792.82949474,2343909.39573259,-268721.37850383,-554.901833969365,-581.706221237298,-64.0201739532983
161.6,-2461820.56646041,2343880.31715642,-268724.578437188,-554.599015468216,-581.46006544462,-63.9789505438735
161.65,-2461848.28785197,2343851.25131364,-268727.776242392,-554.283124323476,-581.199779580107,-63.9358476435815
161.7,-2461875.99389415,2343822.19793013,-268730.971953869,-553.971166676756,-580.949143751247,-63.894425566205
161.75,-2461903.68442654,2343793.1572048,-268734.165529709,-553.643603134322,-580.675927556222,-63.8483981660646
161.8,-2461931.35940889,2343764.12920823,-268737.356975134,-553.341220444716,-580.427956740894,-63.8073555757463
161.85,-2461959.01884049,2343735.11392198,-268740.54629433,-553.024641642041,-580.168672194307,-63.7642329402211
161.9,-2461986.66283872,2343706.11109007,-268743.733503856,-552.732844544797,-579.940672234201,-63.7233448132733
161.95,-2462014.29128436,2343677.12081438,-268746.91861984,-552.406160616907,-579.671908941976,-63.680415691337
162,-2462041.9043033,2343648.14300884,-268750.101628764,-552.104320489028,-579.430362236611,-63.6385262412613
162.05,-2462069.50171635,2343619.1778225,-268753.282518291,-551.782816793873,-579.167234164969,-63.5949679972339
162.1,-2462097.08354646,2343590.22522949,-268756.46125531,-551.470567671172,-578.917945122153,-63.5531538606829
162.15,-2462124.64981134,2343561.28513302,-268759.637904292,-551.177697732441,-578.686364490315,-63.5126747042063
162.2,-2462152.20058415,2343532.3574016,-268762.812437888,-550.849073011612,-578.418193807336,-63.4681359754499
162.25,-2462179.73575753,2343503.44213285,-268765.984839133,-550.552146389654,-578.185218981909,-63.4265089504682
162.3,-2462207.25530232,2343474.53934527,-268769.15509244,-550.221593114028,-577.918372382512,-63.3815580129478
162.35,-2462234.75923289,2343445.64904384,-268772.323190235,-549.929723777111,-577.689120742129,-63.3416891421088
162.4,-2462262.2474786,2343416.77120177,-268775.489143711,-549.599473656829,-577.422697315576,-63.2976362506829
162.45,-2462289.72010965,2343387.90568058,-268778.652963266,-549.293167890054,-577.184369620645,-63.2543136999345
162.5,-2462317.17710683,2343359.05248422,-268781.814622746,-548.972761978111,-576.928829097877,-63.2097356043067
162.55,-2462344.61849637,2343330.21161393,-268784.974107175,-548.676498943071,-576.69928562359,-63.1674625632659
162.6,-2462372.04414425,2343301.38316564,-268788.13135812,-548.382565222778,-576.471338590381,-63.1261367962073
162.65,-2462399.45406675,2343272.56712534,-268791.286420196,-548.055700677267,-576.214507285788,-63.0804658156019
162.7,-2462426.8483222,2343243.76331588,-268794.439313001,-547.734919150345,-575.962905911967,-63.0349948049641
162.75,-2462454.22688381,2343214.97167275,-268797.58997163,-547.403175302947,-575.698044332221,-62.9894437663513
162.8,-2462481.58973289,2343186.19233206,-268800.738406671,-547.107716643563,-575.470479860467,-62.9474755989571
162.85,-2462508.93683215,2343157.42533505,-268803.884580183,-546.7828040736,-575.215818106787,-62.9016078720938
162.9,-2462536.26808517,2343128.67069947,-268807.028484341,-546.457991879208,-574.961856181494,-62.8550535768453
162.95,-2462563.58380888,2343099.92803839,-268810.170153873,-546.163308287143,-574.737172208641,-62.8111205823653
163,-2462590.88368214,2343071.19766282,-268813.309562594,-545.848248226649,-574.494671285907,-62.7655202349226
163.05,-2462618.16794675,2343042.47934895,-268816.446663494,-545.53354348242,-574.250043854069,-62.7197977777415
163.1,-2462645.43629241,2343013.7734399,-268819.581451472,-545.217077703229,-574.005374179473,-62.6733467770867
163.15,-2462672.68896011,2342985.07966466,-268822.713924856,-544.886730789222,-573.742049408423,-62.6257822788296
163.2,-2462699.92596024,2342956.39796401,-268825.844092755,-544.572325609092,-573.504812935436,-62.5795399982317
163.25,-2462727.14726902,2342927.72826354,-268828.97193191,-544.277701094046,-573.283008634601,-62.5337007593933
163.3,-2462754.35281235,2342899.07073606,-268832.097411483,-543.951655709091,-573.027096539128,-62.485803277096
163.35,-2462781.54263996,2342870.42539154,-268835.220514276,-543.631367963442,-572.77562118019,-62.4369852599342
163.4,-2462808.7168318,2342841.792112,-268838.34125525,-543.323421051314,-572.543229855242,-62.39076376118
163.45,-2462835.8752922,2342813.17089193,-268841.459629918,-543.002189395647,-572.294535209672,-62.3427282331493
163.5,-2462863.01823412,2342784.56152248,-268844.575669071,-542.708666579324,-572.073795743171,-62.2975110880667
163.55,-2462890.14542992,2342755.96432794,-268847.689285453,-542.378161449155,-571.812748193574,-62.247836961926
163.6,-2462917.25712323,2342727.37907565,-268850.800512336,-542.08247601478,-571.589888377043,-62.20064888324
163.65,-2462944.35307603,2342698.80603285,-268853.909311012,-541.771629838424,-571.350434971639,-62.1526292815161
163.7,-2462971.43355331,2342670.24486082,-268857.015722217,-541.443277380278,-571.092573654279,-62.1043624269329
163.75,-2462998.49849884,2342641.69559272,-268860.119743277,-541.151296856464,-570.873531472805,-62.0564231729076
163.8,-2463025.54794706,2342613.15827717,-268863.221325086,-540.821949135578,-570.615263780284,-62.0054189170669
163.85,-2463052.58186596,2342584.63299123,-268866.320496746,-540.52224038849,-570.384263752299,-61.9579711766102
163.9,-2463079.60032074,2342556.11967511,-268869.417243622,-540.222315967066,-570.154764059615,-61.9117702331963
163.95,-2463106.60335016,2342527.61825453,-268872.511576331,-539.914502049551,-569.91747128503,-61.8628684503609
164,-2463133.59100025,2342499.12867698,-268875.603532229,-539.588641877319,-569.662807344787,-61.8136477839371
164.05,-2463160.56336717,2342470.65090568,-268878.693063205,-539.29173608661,-569.434118500508,-61.7659761895034
164.1,-2463187.52035795,2342442.18508223,-268881.780189648,-538.976610294913,-569.184716090498,-61.7181150056629
164.15,-2463214.46199209,2342413.73124251,-268884.864880404,-538.677263168685,-568.956946420399,-61.6689281365945
164.2,-2463241.38845446,2342385.28908659,-268887.947173783,-538.38254438979,-568.732179476086,-61.622773805907
164.25,-2463268.29966342,2342356.85873012,-268891.027096014,-538.071062567971,-568.48763954994,-61.5752198349061
164.3,-2463295.19568205,2342328.4401871,-268894.10463583,-537.759033913781,-568.24205684696,-61.5258320193555
164.35,-2463322.07662578,2342300.03336087,-268897.179770686,-537.469926204544,-568.022657492145,-61.4792967645925
164.4,-2463348.942269,2342271.6385167,-268900.252511504,-537.169056529465,-567.788152242119,-61.4311279309793
164.45,-2463375.79297743,2342243.2552589,-268903.322892387,-536.872572697783,-567.555667948899,-61.3843948028232
164.5,-2463402.62857399,2342214.88376025,-268906.390920861,-536.562502300719,-567.314571889824,-61.33653904716
164.55,-2463429.4491716,2342186.52392121,-268909.456600529,-536.252399719231,-567.071065568606,-61.2904699960427
164.6,-2463456.25475584,2342158.17581609,-268912.519933726,-535.953786510553,-566.835072427165,-61.2418877418881
164.65,-2463483.04536061,2342129.83946913,-268915.580915346,-535.672288645833,-566.618154708056,-61.1972639652533
164.7,-2463509.82099889,2342101.51483041,-268918.639575133,-535.355964027012,-566.369266037828,-61.1495636097463
164.75,-2463536.58177745,2342073.20171299,-268921.695906078,-535.037938581557,-566.118572985265,-61.1019343111898
164.8,-2463563.32774616,2342044.90010745,-268924.74998695,-534.774139988572,-565.919452209328,-61.0584658136507
164.85,-2463590.05882233,2342016.6101757,-268927.801751339,-534.479117598388,-565.687761341074,-61.013907185643
164.9,-2463616.77492823,2341988.33197634,-268930.85124405,-534.173407818891,-565.446539212534,-60.9664046447249
164.95,-2463643.47625802,2341960.0653546,-268933.898450776,-533.867147022966,-565.206752152526,-60.9200149284361
165,-2463670.1628953,2341931.81013557,-268936.943429015,-533.589489923141,-564.993982654225,-60.8767566428643
165.05,-2463696.83467045,2341903.56649087,-268939.986162655,-533.295224153694,-564.765520386389,-60.8325651206903
165.1,-2463723.49173755,2341875.33429529,-268943.026649592,-532.99864680666,-564.534867080375,-60.7877922298912
165.15,-2463750.13389065,2341847.11382,-268946.064896393,-532.705129470477,-564.304882867326,-60.74334236204
165.2,-2463776.76140445,2341818.90474697,-268949.100936224,-532.399676691913,-564.061948298462,-60.6996547793873
165.25,-2463803.37419147,2341790.70710374,-268952.134774709,-532.10839688048,-563.838212298486,-60.655719181833
165.3,-2463829.97231357,2341762.52079707,-268955.1664614,-531.822094655471,-563.618237341862,-60.6116914019744
165.35,-2463856.55564379,2341734.34599443,-268958.195944656,-531.50913118242,-563.371775213445,-60.5667836606026
165.4,-2463883.12428883,2341706.18261772,-268961.223234606,-531.23305085507,-563.160756546606,-60.5248739637629
165.45,-2463909.67812832,2341678.03074568,-268964.248352142,-530.929258064891,-562.92249730716,-60.4806209813122
165.5,-2463936.21734636,2341649.89016728,-268967.271336134,-530.625885317261,-562.687238471015,-60.4359935932198
165.55,-2463962.741886,2341621.76085552,-268970.29220231,-530.350312593945,-562.48079173112,-60.3960141173112
165.6,-2463989.25169612,2341593.64292276,-268973.310912533,-530.038396593546,-562.232411858007,-60.3519399863937
165.65,-2464015.74670826,2341565.53645996,-268976.327461815,-529.75234655472,-562.014262006426,-60.3087803575659
165.7,-2464042.2269926,2341537.44134028,-268979.341874977,-529.448037166765,-561.779675131435,-60.2647605819595
165.75,-2464068.69264606,2341509.3573688,-268982.354173837,-529.171426350305,-561.573965669269,-60.2249085946478
165.8,-2464095.14349632,2341481.28472648,-268985.364335209,-528.879473717566,-561.349745720376,-60.1834038646213
165.85,-2464121.57969522,2341453.22323409,-268988.372367155,-528.580949715437,-561.122943002662,-60.1402442236048
165.9,-2464148.0009501,2341425.17322019,-268991.378264714,-528.269659029061,-560.879410204508,-60.0955422630022
165.95,-2464174.40753483,2341397.13439576,-268994.382055846,-527.974159317237,-560.654200823991,-60.0537194310417
166,-2464200.7993573,2341369.10673821,-268997.38374457,-527.697338204773,-560.450096993572,-60.0134351003837
166.05,-2464227.17639553,2341341.09020772,-269000.383328004,-527.38084949364,-560.208239321734,-59.9690512942231
166.1,-2464253.53860387,2341313.08486302,-269003.380778635,-527.103030582795,-560.001641226051,-59.9295509060594
166.15,-2464279.88596919,2341285.09079053,-269006.376107678,-526.788985797825,-559.758052794408,-59.883725761999
166.2,-2464306.21850636,2341257.1078898,-269009.369316213,-526.500522137266,-559.544609420859,-59.8435294529737
166.25,-2464332.53623844,2341229.13606142,-269012.360411623,-526.213053967715,-559.334077371795,-59.8011250818111
166.3,-2464358.83912385,2341201.17529231,-269015.349377545,-525.907120796194,-559.104267441147,-59.7580414776288
166.35,-2464385.12709741,2341173.22564937,-269018.336205651,-525.602058999157,-558.871615070224,-59.7148753325897
166.4,-2464411.40027875,2341145.28703296,-269021.320905306,-525.320499168223,-558.666896305075,-59.6736547731732
166.45,-2464437.65850177,2341117.35959693,-269024.303443646,-525.039370893238,-558.46371397312,-59.6310941256339
166.5,-2464463.9018451,2341089.44320332,-269027.283834155,-524.725357834105,-558.225385449866,-59.5867604259044
166.55,-2464490.13024941,2341061.53785497,-269030.262083909,-524.427998832996,-558.00548549159,-59.5449992478806
166.6,-2464516.34380849,2341033.64340178,-269033.238163671,-524.110702160218,-557.768582440565,-59.4984110314433
166.65,-2464542.54234659,2341005.76006071,-269036.212059445,-523.811972449663,-557.54684605994,-59.4542983742308
166.7,-2464568.72605258,2340977.88764001,-269039.183772575,-523.528519558704,-557.343403203027,-59.4129698407094
166.75,-2464594.89474868,2340950.02632649,-269042.153288965,-523.216062415699,-557.108115755059,-59.3678591936166
166.8,-2464621.04866588,2340922.17575874,-269045.12062133,-522.93525645924,-556.90868798419,-59.3251311586898
166.85,-2464647.18750545,2340894.33622144,-269048.085738668,-522.634857491079,-556.689640322915,-59.2803801117231
166.9,-2464673.3114671,2340866.50755352,-269051.048655909,-522.335965990761,-556.468381723195,-59.2365379799865
166.95,-2464699.42040805,2340838.68993808,-269054.009310741,-522.036996680949,-556.251996022402,-59.191738552437
167,-2464725.51443686,2340810.88315509,-269056.967722867,-521.720974717838,-556.016091968332,-59.1449787216897
167.05,-2464751.59356261,2340783.08721715,-269059.923920853,-521.431130682411,-555.808648819232,-59.1012176986824
167.1,-2464777.65779142,2340755.30205534,-269062.877849587,-521.144496198583,-555.604569517518,-59.0568658661199
167.15,-2464803.70704418,2340727.52784565,-269065.829520034,-520.828183128219,-555.366867748735,-59.0104949421936
167.2,-2464829.74135086,2340699.76451742,-269068.778888747,-520.529278000822,-555.149405674861,-58.9640731432002
167.25,-2464855.76079151,2340672.01197584,-269071.72596156,-520.240726727467,-554.94323107143,-58.9182005013098
167.3,-2464881.7653496,2340644.27020613,-269074.670751802,-519.95144489863,-554.73803096437,-58.8748534586122
167.35,-2464907.75510876,2340616.53908362,-269077.613257964,-519.652616346697,-554.520325378686,-58.8280680323773
167.4,-2464933.72988176,2340588.81890396,-269080.553429907,-519.336306293198,-554.286602612488,-58.7793940761222
167.45,-2464959.68986984,2340561.10940209,-269083.491254606,-519.058667168697,-554.087457530285,-58.733312260426
167.5,-2464985.63498028,2340533.41077492,-269086.426752235,-518.76155487266,-553.872319647238,-58.6878264464096
167.55,-2465011.56531053,2340505.72280137,-269089.359933146,-518.446382738106,-553.641249565535,-58.6392397587847
167.6,-2465037.48090181,2340478.04544324,-269092.290779071,-518.170078352903,-553.448532168925,-58.5941606979136
167.65,-2465063.38169966,2340450.37880274,-269095.219262823,-517.859437818042,-553.21353408911,-58.5460819119682
167.7,-2465089.26770724,2340422.72298877,-269098.145390376,-517.563146692722,-552.999704902685,-58.4977529024756
167.75,-2465115.13908723,2340395.07778137,-269101.069148637,-517.286291022146,-552.803701806977,-58.4521997538869
167.8,-2465140.99572089,2340367.44325391,-269103.990536363,-516.993518961342,-552.592202511913,-58.4050302995258
167.85,-2465166.83777129,2340339.81928283,-269106.909589293,-516.701619672918,-552.380259255179,-58.3579640583434
167.9,-2465192.66506929,2340312.20607226,-269109.826232232,-516.398911359784,-552.157200089962,-58.308453732465
167.95,-2465218.47779225,2340284.60343644,-269112.740461953,-516.098473052332,-551.934048916111,-58.2587542850195
168,-2465244.27591537,2340257.01153896,-269115.65231639,-515.806763538834,-551.72188918121,-58.2135997866329
168.05,-2465270.05954535,2340229.43015822,-269118.561806795,-515.535055574514,-551.52872542685,-58.1669566772507
168.1,-2465295.82863062,2340201.85934272,-269121.468923742,-515.235589727137,-551.309375319725,-58.1191286155039
168.15,-2465321.58316611,2340174.29915056,-269124.373655552,-514.936026923186,-551.088134826809,-58.0696744178008
168.2,-2465347.32334462,2340146.7494509,-269127.275988323,-514.665210773379,-550.89559776744,-58.0235188189963
168.25,-2465373.0489901,2340119.21043783,-269130.175930166,-514.377235348806,-550.682306133082,-57.9763311580195
168.3,-2465398.76033588,2340091.68186023,-269133.073514571,-514.089489719505,-550.472101581142,-57.9281890969165
168.35,-2465424.45723062,2340064.16383263,-269135.968727187,-513.801378643287,-550.263961719342,-57.8812328928226
168.4,-2465450.1397859,2340036.65630426,-269138.861586036,-513.496943073543,-550.032345111702,-57.8323437413203
168.45,-2465475.80802062,2340009.15930844,-269141.752020757,-513.214750390213,-549.825336670087,-57.7848706113093
168.5,-2465501.46189124,2339981.67277706,-269144.640123593,-512.944237411381,-549.635897116539,-57.7409516692416
168.55,-2465527.10143234,2339954.19680182,-269147.525903114,-512.64031009574,-549.406724550342,-57.6895459207787
168.6,-2465552.7267598,2339926.73119143,-269150.409353733,-512.354355059361,-549.195545086113,-57.6453879002453
168.65,-2465578.33787584,2339899.27587067,-269153.290522941,-512.068513897718,-548.989943015973,-57.6011997417484
168.7,-2465603.9346956,2339871.83113873,-269156.169361919,-511.78513746274,-548.779775285048,-57.5514668617582
168.75,-2465629.51731886,2339844.3967656,-269159.045927673,-511.518025854771,-548.589335122641,-57.5095517216932
168.8,-2465655.08569044,2339816.97288813,-269161.920178219,-511.215322553259,-548.362942426984,-57.4620682489065
168.85,-2465680.63996096,2339789.55922233,-269164.792193145,-510.947552753119,-548.174723585829,-57.4182112084791
168.9,-2465706.17993874,2339762.15600343,-269167.661945056,-510.66655184058,-547.969149247787,-57.3760550792207
168.95,-2465731.70589559,2339734.76299665,-269170.529468491,-510.3840761581,-547.761682210105,-57.3273547233954
169,-2465757.21761559,2339707.38049281,-269173.394747859,-510.1009145546,-547.553971200575,-57.2837193727442
169.05,-2465782.71526339,2339680.00829844,-269176.257800117,-509.799393793255,-547.331308487896,-57.2364584349339
169.1,-2465808.19880038,2339652.64635249,-269179.11862105,-509.529295492224,-547.136120445271,-57.1952195123129
169.15,-2465833.66827094,2339625.29461878,-269181.977315829,-509.257543315007,-546.938842322249,-57.1529504594364
169.2,-2465859.12360483,2339597.95318328,-269184.833831132,-508.973701872751,-546.733872492429,-57.1088154086333
169.25,-2465884.56485792,2339570.62200864,-269187.688157325,-508.672188871845,-546.507608989449,-57.0638444076615
169.3,-2465909.99202844,2339543.30108851,-269190.540338748,-508.399326044996,-546.313371515772,-57.0218733014573
169.35,-2465935.40505608,2339515.99036724,-269193.390413829,-508.109951711962,-546.098814764813,-56.9803474538866
169.4,-2465960.80393714,2339488.68978556,-269196.238398825,-507.841821542802,-545.916838223678,-56.9421305128017
169.45,-2465986.18868223,2339461.39940597,-269199.084329781,-507.540376805883,-545.693295838696,-56.8951981962795
169.5,-2466011.55933796,2339434.1192076,-269201.928172802,-507.268566035834,-545.501482413949,-56.8549571373209
169.55,-2466036.91578393,2339406.84927494,-269204.769935186,-506.979310467866,-545.288058498884,-56.8134510221167
169.6,-2466062.25826334,2339379.58931889,-269207.609646942,-506.714555455221,-545.105156785497,-56.7737225768157
169.65,-2466087.58648419,2339352.33951744,-269210.447313324,-506.432262087827,-544.903203491119,-56.7338497631967
169.7,-2466112.9007359,2339325.09968317,-269213.282998996,-506.15049139087,-544.70017163449,-56.6948649364901
169.75,-2466138.20068878,2339297.87012998,-269216.116644222,-505.859966756956,-544.490327847055,-56.6535889674974
169.8,-2466163.48656328,2339270.65063612,-269218.948271417,-505.567082018434,-544.281596209887,-56.6109584320274
169.85,-2466188.75830251,2339243.44113866,-269221.777921766,-505.301943578486,-544.099445876354,-56.5730871986379
169.9,-2466214.01584685,2339216.24165467,-269224.605569934,-505.001316652532,-543.880062734829,-56.5334877595668
169.95,-2466239.25919542,2339189.05216484,-269227.431248521,-504.719230559913,-543.682489902571,-56.4934781090374
170,-2466264.48849877,2339161.87263204,-269230.25492869,-504.433640836066,-543.479979934441,-56.4532500447328
170.05,-2466289.703498,2339134.70327898,-269233.076631989,-504.155760591662,-543.286059097569,-56.4127810647031
170.1,-2466314.90434637,2339107.54384908,-269235.896351245,-503.880588239188,-543.093631420252,-56.3765525725504
170.15,-2466340.09099976,2339080.39436991,-269238.714146419,-503.590674558481,-542.890391922147,-56.3366909753432
170.2,-2466365.26343934,2339053.25482,-269241.530001327,-503.296926885584,-542.682334353082,-56.2962210002638
170.25,-2466390.42176933,2339026.12512026,-269244.343870997,-503.02933732706,-542.499556236939,-56.2573666736917
170.3,-2466415.56571424,2338999.00554918,-269247.155749986,-502.745024817719,-542.300030845747,-56.2184989557978
170.35,-2466440.69558009,2338971.89577901,-269249.965697542,-502.460563197439,-542.101757086192,-56.1809227715221
170.4,-2466465.8111173,2338944.79604435,-269252.773677657,-502.176086940148,-541.906178721298,-56.1414168453192
170.45,-2466490.9125201,2338917.70602601,-269255.579705656,-501.875623274236,-541.690837929091,-56.0997354571604
170.5,-2466515.99962387,2338890.62595833,-269258.383750361,-501.590596893022,-541.491684430431,-56.0604471220303
170.55,-2466541.07261854,2338863.55572424,-269261.185851203,-501.323687988968,-541.312511766452,-56.0229460528211
170.6,-2466566.13127922,2338836.49544622,-269263.985958151,-501.020423364889,-541.098498240701,-55.9823023566506
170.65,-2466591.17581656,2338809.44485544,-269266.784093031,-500.75581896702,-540.920692742172,-55.9440740071902
170.7,-2466616.20609073,2338782.40412913,-269269.580251575,-500.472197328964,-540.724008264019,-55.9032037394781
170.75,-2466641.2221854,2338755.37322049,-269272.374420664,-500.185492416892,-540.527289624007,-55.8634720079097
170.8,-2466666.22410826,2338728.35211241,-269275.166575688,-499.901642182767,-540.330863640386,-55.8230360666556
170.85,-2466691.21176182,2338701.34085009,-269277.956700671,-499.602562320355,-540.116300039185,-55.7821055879444
170.9,-2466716.18525061,2338674.33939454,-269280.744811975,-499.328165297132,-539.932126207827,-55.7426841109151
170.95,-2466741.14457525,2338647.34761434,-269283.53090662,-499.033007964785,-539.726722777439,-55.7000556718062
171,-2466766.0898194,2338620.36548672,-269286.314987924,-498.767836503153,-539.551978822978,-55.6616897174307
171.05,-2466791.02078397,2338593.39327153,-269289.097001743,-498.469283262145,-539.33732063146,-55.6197148398882
171.1,-2466815.93766962,2338566.43071221,-269291.876970832,-498.196127047906,-539.152477011947,-55.5791606505291
171.15,-2466840.84038442,2338539.47794403,-269294.654868919,-497.91937624593,-538.967060318237,-55.5370168205336
171.2,-2466865.72901308,2338512.53476704,-269297.430699758,-497.624289328177,-538.758621498138,-55.4957058402195
171.25,-2466890.60360618,2338485.60124354,-269300.204459904,-497.35809416155,-538.581873759644,-55.4559698045028
171.3,-2466915.46406666,2338458.67745512,-269302.976120082,-497.061207858076,-538.369069261631,-55.4109727363148
171.35,-2466940.31041521,2338431.76344994,-269305.745659525,-496.784882120347,-538.181487097259,-55.3695383647056
171.4,-2466965.14274296,2338404.85906959,-269308.513072096,-496.497104178513,-537.981533534647,-55.3256968732815
171.45,-2466989.96108609,2338377.96423841,-269311.278372455,-496.233353021648,-537.807100221963,-55.2851251439151
171.5,-2467014.76542988,2338351.07902899,-269314.041563347,-495.93744250948,-537.596948090819,-55.2417998763748
171.55,-2467039.55569885,2338324.20359319,-269316.802580101,-495.656331646567,-537.402498794028,-55.1988399798376
171.6,-2467064.33205431,2338297.33779013,-269319.561451055,-495.375444533582,-537.206475662874,-55.154312687377
171.65,-2467089.09448338,2338270.48153197,-269322.31816371,-495.115859781059,-537.03585356119,-55.1130937509166
171.7,-2467113.84302507,2338243.63478734,-269325.072725886,-494.85526509649,-536.863956627559,-55.0715881040454
171.75,-2467138.57761189,2338216.79770912,-269327.825113367,-494.560963205137,-536.65395044889,-55.0268553074038
171.8,-2467163.29834075,2338189.97018894,-269330.575314345,-494.264842268798,-536.44099093155,-54.9816893043995
171.85,-2467188.00519407,2338163.15235156,-269333.32333771,-493.989356426809,-536.249815674491,-54.9381289452144
171.9,-2467212.69821099,2338136.34405164,-269336.069148297,-493.728695465816,-536.0787071538,-54.8959144159549
171.95,-2467237.37746291,2338109.5452206,-269338.812804485,-493.444889729897,-535.879897340076,-54.8516421310787
172,-2467262.0429009,2338082.75593445,-269341.554293328,-493.159852478101,-535.678295381083,-54.806901464939
172.05,-2467286.69465807,2338055.97611259,-269344.293568393,-492.903696594815,-535.507130069101,-54.7645321559685
172.1,-2467311.33256888,2338029.20595346,-269347.030641714,-492.627795627468,-535.316412169439,-54.7199606083614
172.15,-2467335.95684449,2338002.44524281,-269349.7655254,-492.353999250601,-535.12691415394,-54.6767244637236
172.2,-2467360.56737361,2337975.6940402,-269352.498215952,-492.081985349878,-534.93761479723,-54.6320681081323
172.25,-2467385.16429633,2337948.95221326,-269355.228728767,-491.792330237285,-534.730233863998,-54.5882332242489
172.3,-2467409.74754307,2337922.21991362,-269357.957061035,-491.527304993045,-534.550425020392,-54.5442760113773
172.35,-2467434.31714793,2337895.49714202,-269360.683193748,-491.246611779428,-534.351514130062,-54.5004018587899
172.4,-2467458.87315786,2337868.78381668,-269363.407169613,-490.985494806957,-534.173308857538,-54.4583474869463
172.45,-2467483.41559782,2337842.07984223,-269366.128958545,-490.70388217815,-533.974971919919,-54.4132317412241
172.5,-2467507.9445655,2337815.38515405,-269368.848591235,-490.44145021081,-533.798556525964,-54.3708371279777
172.55,-2467532.45984532,2337788.70001651,-269371.566054758,-490.162995821219,-533.600755111699,-54.326816901685
172.6,-2467556.96165161,2337762.02425319,-269374.28134861,-489.901249566997,-533.420054143368,-54.2844157715839
172.65,-2467581.44984674,2337735.35798575,-269376.994491175,-489.635708409266,-533.238881183238,-54.2417390959787
172.7,-2467605.92468579,2337708.70090519,-269379.705495485,-489.367909027257,-533.054856076817,-54.1986964069513
172.75,-2467630.38586367,2337682.05322238,-269382.41444262,-489.09738179288,-532.870205884753,-54.1603294632796
172.8,-2467654.83360442,2337655.41481735,-269385.12131432,-488.809910855578,-532.663793641466,-54.1157019070965
172.85,-2467679.26788055,2337628.78579056,-269387.826098146,-488.556779645625,-532.493811836862,-54.0734946446562
172.9,-2467703.68865297,2337602.16615189,-269390.528798738,-488.269564274155,-532.289911536117,-54.0311255251543
172.95,-2467728.09599807,2337575.55572365,-269393.22943096,-488.012129035634,-532.114832366535,-53.9933962523141
173,-2467752.48996718,2337548.95447308,-269395.928028991,-487.752027877641,-531.939083203956,-53.9516942040663
173.05,-2467776.87043264,2337522.36256555,-269398.624595011,-487.482078405383,-531.754931359862,-53.9120803384114
173.1,-2467801.23747739,2337495.77990431,-269401.319122614,-487.197466858679,-531.549426470929,-53.8695470344037
173.15,-2467825.59108772,2337469.20652744,-269404.011656254,-486.935641011887,-531.37383502819,-53.8306513465576
173.2,-2467849.93127329,2337442.64234443,-269406.702228456,-486.660872576533,-531.181196348755,-53.7915269652693
173.25,-2467874.25807985,2337416.08727744,-269409.39084685,-486.39940482514,-531.007271233728,-53.7525259144869
173.3,-2467898.57146353,2337389.54136501,-269412.077522235,-486.139628200881,-530.832607078678,-53.7149920424929
173.35,-2467922.87142555,2337363.00471395,-269414.762265097,-485.862714455959,-530.638800880468,-53.6748265973876
173.4,-2467947.15783394,2337336.47739467,-269417.445048015,-485.585242135023,-530.44703222575,-53.6356368968158
173.45,-2467971.43097177,2337309.95902997,-269420.125962872,-485.333128967275,-530.281787405941,-53.5999654056688
173.5,-2467995.69054988,2337283.4498839,-269422.805001427,-485.064129352197,-530.097931407141,-53.5627160606322
173.55,-2468019.93684263,2337256.94969332,-269425.482192729,-484.796025102844,-529.917001915088,-53.52562031984
173.6,-2468044.16955306,2337230.45881027,-269428.157501877,-484.525637622429,-529.734510293159,-53.4881696465181
173.65,-2468068.38880912,2337203.97705937,-269430.830965925,-484.241283015095,-529.535065733693,-53.4503640601794
173.7,-2468092.59464148,2337177.50435218,-269433.502603012,-483.9814103546,-529.362522646283,-53.4150735920739
173.75,-2468116.78706412,2337151.04062857,-269436.172459515,-483.721617920023,-529.192830393299,-53.3793845218629
173.8,-2468140.96597632,2337124.58593681,-269438.840519713,-483.435025173032,-528.996145458656,-53.3425471489971
173.85,-2468165.13148381,2337098.14025584,-269441.506820925,-483.166698664875,-528.812662152463,-53.3088602450668
173.9,-2468189.28337124,2337071.70381991,-269444.171329772,-482.904019871869,-528.639597382573,-53.2722781401573
173.95,-2468213.42192477,2337045.2762786,-269446.834101883,-482.644026573054,-528.469832241703,-53.2389498370816
174,-2468237.54692845,2337018.8577432,-269449.495144336,-482.36259461864,-528.279118400137,-53.2024475396983
174.05,-2468261.65841088,2336992.44818716,-269452.154476311,-482.087565422759,-528.091841375403,-53.1687586721043
174.1,-2468285.75649929,2336966.04756741,-269454.812107747,-481.825498403646,-527.919851760015,-53.1355097887431
174.15,-2468309.84095596,2336939.65607772,-269457.468004707,-481.543742023493,-527.729198108747,-53.0999991765737
174.2,-2468333.91199271,2336913.2734193,-269460.122195518,-481.291777934202,-527.569890500758,-53.0666205531049
174.25,-2468357.96943439,2336886.89974553,-269462.774698298,-481.022063220817,-527.393603808886,-53.0342600828395
174.3,-2468382.01341889,2336860.53488103,-269465.425545696,-480.744207554108,-527.207578532111,-53.0005138633742
174.35,-2468406.04386149,2336834.17896176,-269468.074726465,-480.469638935824,-527.026509931397,-52.9667302555905
174.4,-2468430.06078174,2336807.83200791,-269470.722224851,-480.209093346956,-526.858356725053,-52.9330483863371
174.45,-2468454.06410602,2336781.49400807,-269473.368026591,-479.939896315159,-526.6803185027,-52.9007624939787
174.5,-2468478.054046,2336755.16469215,-269476.012183532,-479.66921122501,-526.503377847217,-52.8680609576953
174.55,-2468502.03035031,2336728.84425363,-269478.654697679,-479.396687798761,-526.326839661572,-52.8333514577877
174.6,-2468525.99317954,2336702.53262579,-269481.295550347,-479.11111644813,-526.13360731809,-52.7979289213862
174.65,-2468549.94241664,2336676.22992713,-269483.934745098,-478.856330520641,-525.971676836122,-52.7686965408433
174.7,-2468573.87814261,2336649.93605053,-269486.572274701,-478.570653159199,-525.779078708022,-52.733250807184
174.75,-2468597.800353,2336623.65096598,-269489.208132738,-478.308757850051,-525.613709576845,-52.7010016332847
174.8,-2468621.70904577,2336597.37462093,-269491.84234966,-478.029408199872,-525.428843380735,-52.6678058153293
174.85,-2468645.604266,2336571.10698391,-269494.474917582,-477.775127306099,-525.270987982826,-52.6346005660707
174.9,-2468669.48583465,2336544.84833155,-269497.105824257,-477.503993576204,-525.094153280595,-52.601759229523
174.95,-2468693.35401047,2336518.59832654,-269499.735027796,-477.224670229227,-524.910533333716,-52.569028613844
175,-2468717.20861582,2336492.35709184,-269502.362548132,-476.963655614834,-524.745630764087,-52.5336990846235
175.05,-2468741.04977295,2336466.12451401,-269504.98842062,-476.681421036379,-524.555846027398,-52.5003513094916
175.1,-2468764.87746224,2336439.90064333,-269507.612632714,-476.42626755328,-524.396520584504,-52.4679963283516
175.15,-2468788.69155186,2336413.68561854,-269510.235125435,-476.140157124497,-524.205296900521,-52.4323273524114
175.2,-2468812.49219067,2336387.47934652,-269512.855915667,-475.87668939859,-524.038549900735,-52.3988843498642
175.25,-2468836.27944398,2336361.28166182,-269515.475032711,-475.60270585663,-523.857765020544,-52.3656421850008
175.3,-2468860.05314946,2336335.09274114,-269518.092436647,-475.332064450338,-523.684899898371,-52.3299460802219
175.35,-2468883.81353078,2336308.91233149,-269520.708114464,-475.078192780755,-523.525853793568,-52.2972604115609
175.4,-2468907.56033043,2336282.74082697,-269523.322096926,-474.794850212359,-523.333553577532,-52.2625162155305
175.45,-2468931.29375562,2336256.57798674,-269525.934338527,-474.526011935432,-523.159772528769,-52.2272414117469
175.5,-2468955.01386703,2336230.4236765,-269528.544838385,-474.272955603554,-523.006556962798,-52.1923496619241
175.55,-2468978.72058335,2336204.27798587,-269531.153570929,-474.02307708674,-522.85157227708,-52.1586813929502
175.6,-2469002.41388559,2336178.14098214,-269533.760551453,-473.739029053445,-522.661960509412,-52.1229052706187
175.65,-2469026.09381391,2336152.01268157,-269536.365762782,-473.471590381527,-522.487376329561,-52.0869756511049
175.7,-2469049.76042212,2336125.8930226,-269538.969180851,-473.191112238985,-522.296794903231,-52.0490755425578
175.75,-2469073.41367155,2336099.78200009,-269541.570790778,-472.924782567161,-522.12640929148,-52.0140194258043
175.8,-2469097.05378074,2336073.67942068,-269544.170627182,-472.674887737025,-521.972239960214,-51.9788755720802
175.85,-2469120.68052297,2336047.5855267,-269546.768679749,-472.393105182819,-521.782077742677,-51.9417803033574
175.9,-2469144.29403004,2336021.50020505,-269549.36492701,-472.143538169344,-521.627078436705,-51.9060326376833
175.95,-2469167.89423921,2335995.42355864,-269551.95931601,-471.879235326036,-521.453307588424,-51.8704787779689
176,-2469191.48131913,2335969.35540087,-269554.551914613,-471.614772754019,-521.282792185817,-51.8343252817201
176.05,-2469215.05507633,2335943.29589087,-269557.142647739,-471.350425351409,-521.111474022886,-51.7965003191979
176.1,-2469238.6157584,2335917.24479749,-269559.731564069,-471.072740029331,-520.925553703342,-51.7588125511181
176.15,-2469262.16320571,2335891.20238352,-269562.318633899,-470.81667100431,-520.76263012988,-51.7225069295584
176.2,-2469285.69756089,2335865.16851161,-269564.903845358,-470.562068320007,-520.598551787788,-51.6852995696043
176.25,-2469309.21877499,2335839.1432042,-269567.487175077,-470.305635065328,-520.435535749121,-51.6497228035457
176.3,-2469332.7269054,2335813.1263644,-269570.068665234,-470.022534381482,-520.242283292661,-51.6095441659044
176.35,-2469356.22199132,2335787.11794506,-269572.64830886,-469.771086395157,-520.081361356485,-51.5745458748358
176.4,-2469379.70399395,2335761.11807787,-269575.226108734,-469.517651747669,-519.921117972537,-51.536624615339
176.45,-2469403.17295709,2335735.12671798,-269577.802012647,-469.248413484943,-519.742126212283,-51.4998481649078
176.5,-2469426.62886793,2335709.14389446,-269580.376051319,-468.980442199182,-519.565008237727,-51.4617252640498
176.55,-2469450.07181487,2335683.16948582,-269582.948227101,-468.722632367437,-519.395774922345,-51.4258332344434
176.6,-2469473.50176665,2335657.20352522,-269585.518553957,-468.461917931456,-519.227281702137,-51.3875998374425
176.65,-2469496.91881658,2335631.24595544,-269588.087021441,-468.202383089203,-519.057879967669,-51.3495758931823
176.7,-2469520.32287564,2335605.29691051,-269590.653609974,-467.955771050097,-518.901690739885,-51.313333623422
176.75,-2469543.71397507,2335579.35636601,-269593.2183354,-467.685282093966,-518.716756414475,-51.2764721749028
176.8,-2469567.09214905,2335553.42421286,-269595.781208681,-467.426696705228,-518.550682982567,-51.2381780946534
176.85,-2469590.45750983,2335527.50031173,-269598.342253703,-467.18204005892,-518.400479902426,-51.2027322809891
176.9,-2469613.80991798,2335501.58493,-269600.90145453,-466.93272465486,-518.237969274742,-51.1661164194008
176.95,-2469637.14949746,2335475.67793416,-269603.458791444,-466.684635563847,-518.07902917968,-51.1301075570467
177,-2469660.47612418,2335449.77939603,-269606.014282993,-466.410939395612,-517.89586441806,-51.0916262086231
177.05,-2469683.78994711,2335423.88916351,-269608.56798425,-466.139049020699,-517.713384498796,-51.0552742957185
177.1,-2469707.09095142,2335398.00720418,-269611.119862845,-465.888751007753,-517.553441522206,-51.0191131094651
177.15,-2469730.37914004,2335372.13361189,-269613.669958555,-465.642161501176,-517.396432243049,-50.9845185262207
177.2,-2469753.65446888,2335346.2684104,-269616.218223058,-465.377005458871,-517.21878685469,-50.9477223091177
177.25,-2469776.91695413,2335320.41157132,-269618.764704307,-465.114354783489,-517.044436918551,-50.9105632688453
177.3,-2469800.16674806,2335294.56292426,-269621.309428209,-464.873922809578,-516.89602220525,-50.8774872813576
177.35,-2469823.40364316,2335268.72261875,-269623.852381398,-464.617461210366,-516.732304438924,-50.8421647213746
177.4,-2469846.62783002,2335242.89045915,-269626.39359071,-464.361206941992,-516.566199169846,-50.8072054154524
177.45,-2469869.83915651,2335217.06675284,-269628.933065439,-464.105022244469,-516.398793313557,-50.7724443539575
177.5,-2469893.03769551,2335191.25129338,-269631.470804432,-463.834517059819,-516.217594130041,-50.7376990454338
177.55,-2469916.22346525,2335165.44404438,-269634.006816577,-463.587478220687,-516.062294567397,-50.704527410078
177.6,-2469939.39653803,2335139.64493537,-269636.541174454,-463.338568531716,-515.907414448481,-50.6709448731532
177.65,-2469962.55672616,2335113.85411424,-269639.07382189,-463.067656930706,-515.725613477144,-50.6352252912956
177.7,-2469985.7042367,2335088.0714066,-269641.604805774,-462.829220109288,-515.575669834482,-50.6038163843217
177.75,-2470008.83891371,2335062.29704958,-269644.134125721,-462.57237981054,-515.412196112214,-50.5702858492427
177.8,-2470031.96077549,2335036.53085891,-269646.661805873,-462.303051288861,-515.234280343018,-50.5372019989291
177.85,-2470055.06991599,2335010.77273089,-269649.1878538,-462.056066613242,-515.081799581423,-50.5060419635134
177.9,-2470078.16625432,2334985.02278903,-269651.712325262,-461.792291749867,-514.908457874982,-50.4728973963541
177.95,-2470101.24979067,2334959.28100508,-269654.235189268,-461.534027869351,-514.744058538922,-50.4396180606403
178,-2470124.32049082,2334933.5474651,-269656.756425858,-461.278883581334,-514.582734467717,-50.4089968862321
178.05,-2470147.37856497,2334907.82184449,-269659.276137929,-461.037140936547,-514.436110051597,-50.3788278161152
178.1,-2470170.42371068,2334882.10443328,-269661.794280873,-460.781998506596,-514.275641611597,-50.3487406367711
178.15,-2470193.45607192,2334856.39506955,-269664.310892377,-460.518535809502,-514.105363567637,-50.3171702952594
178.2,-2470216.47561607,2334830.69382347,-269666.825980172,-460.26180914874,-513.943469852601,-50.2866400927583
178.25,-2470239.482413,2334805.0006316,-269669.339551861,-460.013293355598,-513.788645847034,-50.255828138808
178.3,-2470262.47628781,2334779.31559606,-269671.851595238,-459.757216019073,-513.628575727806,-50.2269364944137
178.35,-2470285.45746187,2334753.6384156,-269674.362178779,-459.499434664234,-513.470708999801,-50.1964332719252
178.4,-2470308.42571524,2334727.96933884,-269676.871283311,-459.236308274909,-513.301970892964,-50.1681896565482
178.45,-2470331.38119331,2334702.30822043,-269679.37893743,-458.971791556434,-513.131373250949,-50.1377104478356
178.5,-2470354.32381615,2334676.65517688,-269681.88513315,-458.730793782665,-512.987688170696,-50.1091916086342
178.55,-2470377.25357034,2334651.01011884,-269684.389861207,-458.457396152323,-512.811759434804,-50.0797594201319
178.6,-2470400.17049587,2334625.37302768,-269686.893187339,-458.206600946662,-512.660409319984,-50.0519892185297
178.65,-2470423.07453553,2334599.74389273,-269689.395078785,-457.945546155997,-512.495250954586,-50.0246275809207
178.7,-2470445.96584081,2334574.12255332,-269691.895570301,-457.701816108567,-512.35287583376,-49.9957112320947
178.75,-2470468.84423515,2334548.50929844,-269694.394643353,-457.45980102164,-512.208398008997,-49.9696214706996
178.8,-2470491.70971999,2334522.90401184,-269696.892300053,-457.186602599889,-512.03302064106,-49.9393389900488
178.85,-2470514.56231236,2334497.30664769,-269699.388570694,-456.932191504916,-511.876947325882,-49.9135058586169
178.9,-2470537.40207348,2334471.71708478,-269701.883452476,-456.657877586545,-511.703717575324,-49.883658278097
178.95,-2470560.22894925,2334446.13543839,-269704.376976664,-456.399694807312,-511.545108823569,-49.8551203989175
179,-2470583.0430334,2334420.56160457,-269706.869119386,-456.15764643726,-511.403209055102,-49.8301190839994
179.05,-2470605.84411011,2334394.99580527,-269709.359868475,-455.884826065409,-511.228994497258,-49.8014546988402
179.1,-2470628.6324673,2334369.43768953,-269711.849244735,-455.629462925245,-511.075403534697,-49.7734903442403
179.15,-2470651.40779829,2334343.88749178,-269714.337258584,-455.373039217454,-510.918627081374,-49.7461842230549
179.2,-2470674.17040251,2334318.34499643,-269716.823911781,-455.129725013943,-510.77861862227,-49.7199694845809
179.25,-2470696.92002913,2334292.81048191,-269719.309186909,-454.855543233885,-510.603813992001,-49.690712663666
179.3,-2470719.65681128,2334267.28380222,-269721.793087045,-454.599831820012,-510.447974862329,-49.6647642728848
179.35,-2470742.38077723,2334241.76483958,-269724.275636474,-454.355588985527,-510.307498554167,-49.6375169700538
179.4,-2470765.09181667,2334216.25372327,-269726.756805057,-454.099914141861,-510.152656737521,-49.6109210026386
179.45,-2470787.79010244,2334190.75024187,-269729.23662789,-453.848340703641,-510.003024190072,-49.583263863189
179.5,-2470810.47538061,2334165.25472554,-269731.715043675,-453.583448135776,-509.839884075676,-49.554756142399
179.55,-2470833.14785918,2334139.76694023,-269734.192084834,-453.312403261759,-509.66848020593,-49.5276516051275
179.6,-2470855.80747708,2334114.28694587,-269736.667765534,-453.058083417784,-509.51350683117,-49.4986909845192
179.65,-2470878.45435732,2334088.81456518,-269739.142045213,-452.812253009825,-509.376361719354,-49.4721856529659
179.7,-2470901.0883299,2334063.34997256,-269741.614926431,-452.54322712523,-509.205207634798,-49.4427233345295
179.75,-2470923.70956356,2334037.8930842,-269744.086428415,-452.301646660434,-509.063933597119,-49.4166579883342
179.8,-2470946.31786942,2334012.44410847,-269746.556509823,-452.045972050138,-508.910712003299,-49.3875875246177
179.85,-2470968.91344623,2333987.00273544,-269749.025180364,-451.773867111936,-508.741620558754,-49.3590113445294
179.9,-2470991.49622508,2333961.56902068,-269751.492446461,-451.534765627465,-508.604968068595,-49.3315530996041
179.95,-2471014.06626917,2333936.14296452,-269753.958291569,-451.264966557392,-508.433120097139,-49.30273295056
180,-2471036.62352247,2333910.72466955,-269756.422714282,-451.016372587625,-508.286983730338,-49.2745266849632
180.05,-2471059.168046,2333885.31408471,-269758.885711763,-450.767760110891,-508.141144248421,-49.2454385876893
180.1,-2471081.69978155,2333859.91121765,-269761.347217253,-450.514126777271,-507.988136904848,-49.21706579335
180.15,-2471104.21878146,2333834.51600635,-269763.807316171,-450.246465927535,-507.819656508176,-49.1878572141726
180.2,-2471126.72518003,2333809.12835795,-269766.26595603,-450.000391584398,-507.674234931052,-49.1574868167741
180.25,-2471149.21885662,2333783.7484045,-269768.723113358,-449.737560066941,-507.511614009816,-49.1269349974874
180.3,-2471171.69978631,2333758.37622355,-269771.178791023,-449.489607354491,-507.363944720787,-49.0991216285949
180.35,-2471194.16811297,2333733.0116749,-269773.632987444,-449.247082387519,-507.221074364089,-49.0706756988236
180.4,-2471216.62376553,2333707.65476345,-269776.085686937,-448.979350458125,-507.054796584729,-49.0379867046158
180.45,-2471239.06677821,2333682.3054447,-269778.536913643,-448.727832506233,-506.902229909014,-49.0083800317396
180.5,-2471261.49727444,2333656.96370692,-269780.986633408,-448.490260892016,-506.763466160484,-48.9791934992622
180.55,-2471283.91509615,2333631.62974303,-269783.434828202,-448.223728429831,-506.594854266761,-48.9484279315675
180.6,-2471306.32041323,2333606.30331577,-269785.881508715,-447.971762353526,-506.443902761361,-48.9185009638177
180.65,-2471328.71307311,2333580.98458188,-269788.326661665,-447.72299156168,-506.292066393016,-48.8868310712958
180.7,-2471351.0933189,2333555.67328557,-269790.770284744,-447.484593729674,-506.155369917692,-48.8571157983904
180.75,-2471373.46099125,2333530.36968586,-269793.212387584,-447.233912829493,-506.003550727202,-48.8265823107862
180.8,-2471395.81612606,2333505.0737209,-269795.652914641,-446.998064961911,-505.866583864149,-48.7956569648118
180.85,-2471418.15874749,2333479.78542155,-269798.091900949,-446.734133022563,-505.698356458956,-48.7650370160087
180.9,-2471440.48892596,2333454.50463415,-269800.529344176,-446.472451528639,-505.530776780263,-48.7329483660923
180.95,-2471462.80669804,2333429.23138002,-269802.965257241,-446.222580372776,-505.380370517016,-48.70327909246
181,-2471485.11206383,2333403.96563154,-269805.39961699,-445.987840117435,-505.243887205976,-48.6716335979717
181.05,-2471507.40493217,2333378.70758229,-269807.832404451,-445.739646134147,-505.092717711616,-48.6394333918839
181.1,-2471529.68540269,2333353.45711566,-269810.263627838,-445.477589225031,-504.923798490247,-48.6086037275413
181.15,-2471551.95355677,2333328.21410398,-269812.693288767,-445.243741227095,-504.788973646317,-48.5781408641503
181.2,-2471574.20928055,2333302.97863032,-269815.121394872,-444.997638763181,-504.641633532693,-48.546871486548
181.25,-2471596.45278105,2333277.75057284,-269817.547979377,-444.750850333244,-504.491513565168,-48.5160123771991
181.3,-2471618.68380501,2333252.53021129,-269819.972965519,-444.50434863895,-504.338898670523,-48.4857293106414
181.35,-2471640.90252066,2333227.31741223,-269822.396400374,-444.241615091883,-504.168867999923,-48.4522714547393
181.4,-2471663.10891993,2333202.11207231,-269824.818266197,-444.004998451086,-504.03221695594,-48.421429220142
181.45,-2471685.30311448,2333176.91410092,-269827.238597041,-443.765837071412,-503.892401184777,-48.392551522537
181.5,-2471707.48496163,2333151.72369024,-269829.657382549,-443.514523639782,-503.732101347555,-48.3612275725624
181.55,-2471729.65463691,2333126.54069487,-269832.074630681,-443.276066923702,-503.588924344737,-48.3296986908303
181.6,-2471751.81196362,2333101.36531096,-269834.490326649,-443.029856808359,-503.440095466934,-48.2996164305008
181.65,-2471773.95696222,2333076.19742854,-269836.904490327,-442.785467989762,-503.293256195266,-48.2691671941157
181.7,-2471796.0898673,2333051.0367805,-269839.317153522,-442.541667856471,-503.144483283889,-48.2379538843847
181.75,-2471818.21050994,2333025.88360215,-269841.728263464,-442.281618367614,-502.978180431099,-48.2064793725062
181.8,-2471840.31890643,2333000.73795764,-269844.137868495,-442.037459032956,-502.829147538931,-48.1748865651555
181.85,-2471862.41502867,2332975.59978364,-269846.545973181,-441.795066851339,-502.681784852322,-48.1471935885655
181.9,-2471884.49903251,2332950.46891814,-269848.952568477,-441.552298749049,-502.535986912009,-48.116240750033
181.95,-2471906.5708191,2332925.34545119,-269851.357663448,-441.308087699467,-502.389094848345,-48.0871380728887
182,-2471928.6305195,2332900.2292223,-269853.761303645,-441.069850226897,-502.247022614728,-48.0571428050653
182.05,-2471950.67787162,2332875.12056767,-269856.163472782,-440.824182881746,-502.097799367815,-48.0288344259259
182.1,-2471972.71310182,2332850.01928567,-269858.564200008,-440.587572873625,-501.958733996613,-48.0008735824259
182.15,-2471994.73606179,2332824.92539499,-269860.963441899,-440.3443884442,-501.813321231516,-47.9711821638874
182.2,-2472016.74696709,2332799.83867191,-269863.361269916,-440.101358229366,-501.667515711049,-47.9414990722771
182.25,-2472038.74562943,2332774.75934152,-269865.757677068,-439.851427326125,-501.511722422134,-47.9142626457798
182.3,-2472060.73209053,2332749.68736024,-269868.152658967,-439.59824987068,-501.356599536827,-47.884719018787
182.35,-2472082.70633811,2332724.62278901,-269870.546248057,-439.360953349659,-501.217849587997,-47.8578643342579
182.4,-2472104.66841862,2332699.56546818,-269872.938433198,-439.125920647511,-501.079993945254,-47.8312163794159
182.45,-2472126.61834737,2332674.5153982,-269875.329257756,-438.875337213778,-500.927599087299,-47.8038882266597
182.5,-2472148.55604506,2332649.47264637,-269877.718702367,-438.624323099934,-500.773965869975,-47.7753559901273
182.55,-2472170.48166289,2332624.43707672,-269880.10681718,-438.394604104562,-500.644860230707,-47.7485939763284
182.6,-2472192.39500946,2332599.40889353,-269882.493554059,-438.16562449576,-500.512145398636,-47.723942280454
182.65,-2472214.29612092,2332574.38801708,-269884.878965505,-437.908018672624,-500.3537480896,-47.6958387243616
182.7,-2472236.18504484,2332549.37433083,-269887.263076126,-437.661793512206,-500.210571409435,-47.6690483167007
182.75,-2472258.06181022,2332524.36779002,-269889.645875242,-437.404083285059,-500.048597648782,-47.6424709686785
182.8,-2472279.9262897,2332499.36855897,-269892.027358964,-437.159272530751,-499.903841003269,-47.6166730519373
182.85,-2472301.7786545,2332474.37646311,-269894.407582038,-436.928585339949,-499.772511116497,-47.5929441317624
182.9,-2472323.61868075,2332449.3917308,-269896.786520104,-436.670450445529,-499.615065841,-47.5639263201079
182.95,-2472345.44663144,2332424.41398072,-269899.164216554,-436.441649143124,-499.490415065996,-47.5418769524228
183,-2472367.26226221,2332399.44345809,-269901.540661785,-436.19861188203,-499.347568321923,-47.5184826340882
183.05,-2472389.06574695,2332374.47999746,-269903.915873637,-435.950083497255,-499.200714192159,-47.4910126436383
183.1,-2472410.8568906,2332349.52387535,-269906.289829073,-435.693896156459,-499.042981711912,-47.4663895867117
183.15,-2472432.63578171,2332324.57490738,-269908.662581965,-435.44852824881,-498.901709322411,-47.4419820354324
183.2,-2472454.40244924,2332299.63298381,-269911.034128018,-435.205837975604,-498.76216808793,-47.4192899401712
183.25,-2472476.15688417,2332274.69811907,-269913.404478257,-434.946334855141,-498.603133746831,-47.3933960745903
183.3,-2472497.89911835,2332249.77030818,-269915.773628844,-434.713376438476,-498.475503563873,-47.3701181118919
183.35,-2472519.62902338,2332224.849713,-269918.141590672,-434.481714575525,-498.34767955834,-47.3485108525606
183.4,-2472541.34663785,2332199.93626307,-269920.508391942,-434.230044363532,-498.197890937262,-47.3259181328539
183.45,-2472563.05199043,2332175.02983198,-269922.874007922,-433.976047810759,-498.050624680691,-47.3000205626791
183.5,-2472584.74514848,2332150.13032559,-269925.238484077,-433.745320471248,-497.925868904223,-47.2791086604346
183.55,-2472606.42596664,2332125.23795446,-269927.601809783,-433.50036053563,-497.782888505283,-47.2558795413301
183.6,-2472628.09458143,2332100.35257083,-269929.963974022,-433.253174969112,-497.64170636588,-47.2327178957962
183.65,-2472649.75075637,2332075.47439996,-269932.32498779,-433.007913149285,-497.502170735568,-47.2089512282505
183.7,-2472671.39473582,2332050.60314122,-269934.684865371,-432.74717153069,-497.344566618439,-47.1852820654774
183.75,-2472693.02646178,2332025.73880371,-269937.043617863,-432.518630147118,-497.222498487405,-47.1637621495684
183.8,-2472714.64588668,2332000.88147905,-269939.401236082,-432.257378136839,-497.066283111154,-47.1400188933731
183.85,-2472736.25300222,2331976.03122473,-269941.757707362,-432.016855870728,-496.933473535635,-47.1177418198355
183.9,-2472757.84775684,2331951.18804415,-269944.113046568,-431.763048010829,-496.78430292733,-47.0944817392612
183.95,-2472779.4303422,2331926.35169268,-269946.467248038,-431.53409168178,-496.663897935703,-47.0743042953747
184,-2472801.00057783,2331901.5223062,-269948.820334192,-431.287770287283,-496.525181427078,-47.0508401027456
184.05,-2472822.55859754,2331876.69979394,-269951.172301981,-431.035346637405,-496.379024005601,-47.028589872093
184.1,-2472844.10431955,2331851.88429289,-269953.523126614,-430.78356599527,-496.23125066679,-47.0054170741057
184.15,-2472865.63768242,2331827.07583544,-269955.872811934,-430.53738722464,-496.092203786645,-46.9816297390739
184.2,-2472887.1588282,2331802.27422144,-269958.221342235,-430.304916675483,-495.96968919204,-46.9589132801314
184.25,-2472908.66771203,2331777.47946014,-269960.568766329,-430.054176434211,-495.826438282535,-46.9367465956291
184.3,-2472930.16432207,2331752.69160231,-269962.915063015,-429.801850048414,-495.679164195514,-46.9132390516838
184.35,-2472951.64872053,2331727.91062826,-269965.260203748,-429.571438111662,-495.555322423743,-46.8913694499097
184.4,-2472973.12075194,2331703.13671075,-269967.604189946,-429.325303631099,-495.417597816041,-46.8682728962131
184.45,-2472994.58066038,2331678.3695257,-269969.947037453,-429.081291882483,-495.280840779966,-46.844995051446
184.5,-2473016.02826441,2331653.60930599,-269972.28872982,-428.824181079797,-495.130688180552,-46.8231630192428
184.55,-2473037.46370892,2331628.85585218,-269974.629294677,-428.578223850311,-494.990923148385,-46.7977331245604
184.6,-2473058.88688827,2331604.10932591,-269976.968686966,-428.334910365549,-494.854727372042,-46.7751798516078
184.65,-2473080.29785972,2331579.36974565,-269979.306874894,-428.105408453077,-494.730906635044,-46.7521480293541
184.7,-2473101.69658563,2331554.6370491,-269981.643899122,-427.84827975498,-494.579076755042,-46.7285317263935
184.75,-2473123.08324294,2331529.91103625,-269983.979755006,-427.602812362003,-494.44271771521,-46.7046998410064
184.8,-2473144.45767294,2331505.19190594,-269986.314442722,-427.359080743327,-494.305001573869,-46.6815290816143
184.85,-2473165.81991988,2331480.47964903,-269988.647925908,-427.116775274546,-494.167401756714,-46.6573121403965
184.9,-2473187.1700731,2331455.77425613,-269990.980207718,-426.887967873615,-494.044601827398,-46.6344803329276
184.95,-2473208.50801366,2331431.07576653,-269993.311300634,-426.630497253222,-493.893285334633,-46.6092707190754
185,-2473229.83391271,2331406.38394388,-269995.641154476,-426.401228186631,-493.775110140568,-46.5852038348784
185.05,-2473251.147642,2331381.69898736,-269997.969791589,-426.159860304762,-493.63890346137,-46.5609651254321
185.1,-2473272.44938423,2331357.02073589,-270000.297233119,-425.918892173787,-493.50128276251,-46.5362910448626
185.15,-2473293.73891058,2331332.34952596,-270002.623442083,-425.675671491581,-493.364254059033,-46.5118842376515
185.2,-2473315.0164129,2331307.6850843,-270004.948397478,-425.420911434324,-493.212405436048,-46.4862232011297
185.25,-2473336.28190266,2331283.02735157,-270007.27213337,-425.18883848589,-493.085434283443,-46.4615230783252
185.3,-2473357.53542747,2331258.37631915,-270009.594642904,-424.956064697672,-492.958720150516,-46.4382551965943
185.35,-2473378.77685797,2331233.73218762,-270011.915892892,-424.714765882942,-492.822589829872,-46.4126256998993
185.4,-2473400.00627563,2331209.09488519,-270014.235857668,-424.459639958382,-492.668341221154,-46.3862343309545
185.45,-2473421.22378407,2331184.46429636,-270016.554558681,-424.229475579118,-492.541970688522,-46.3618016250942
185.5,-2473442.42928035,2331159.84048526,-270018.871998988,-423.983214738978,-492.400250063717,-46.334918615189
185.55,-2473463.62285733,2331135.22336081,-270021.18815717,-423.750088989216,-492.273984185062,-46.3098861399044
185.6,-2473484.80452169,2331110.6129809,-270023.50303701,-423.516822016991,-492.144704600143,-46.2856600133846
185.65,-2473505.9742027,2331086.00946222,-270025.816618167,-423.273562164792,-492.001570736827,-46.2598838837594
185.7,-2473527.13194811,2331061.41275537,-270028.128913028,-423.028767858752,-491.858377674101,-46.2317601263933
185.75,-2473548.27792924,2331036.82265118,-270030.439930789,-422.805942501572,-491.741360899068,-46.2079288826547
185.8,-2473569.41196021,2331012.23936952,-270032.749680093,-422.569025466148,-491.605828019247,-46.1832407715161
185.85,-2473590.53425817,2330987.66268338,-270035.058156222,-422.320977260559,-491.457102455078,-46.1566931853951
185.9,-2473611.64456074,2330963.09292331,-270037.36530185,-422.082925025237,-491.320570461805,-46.1292579511578
185.95,-2473632.74307052,2330938.52989036,-270039.671146356,-421.846267943797,-491.186146115234,-46.1024612446296
186,-2473653.82976259,2330913.97357505,-270041.975688726,-421.610872600499,-491.052866332638,-46.0772947137741
186.05,-2473674.90480433,2330889.42373712,-270044.27895556,-421.386974698185,-490.93420437893,-46.0526134087182
186.1,-2473695.96791699,2330864.88078603,-270046.580916919,-421.152262177964,-490.799828188854,-46.0266171159857
186.15,-2473717.01927203,2330840.34453882,-270048.881570128,-420.901272523467,-490.648551708258,-45.9991328980092
186.2,-2473738.05884743,2330815.81505741,-270051.180934412,-420.673856037529,-490.522496502149,-45.9751453066713
186.25,-2473759.08671911,2330791.29221995,-270053.478996336,-420.444189718316,-490.3952947806,-45.9494642988799
186.3,-2473780.10286751,2330766.77600143,-270055.775776288,-420.204615129771,-490.256486564489,-45.9213605346251
186.35,-2473801.1072381,2330742.26650622,-270058.071262235,-419.963498110798,-490.115097006094,-45.8960612978283
186.4,-2473822.09996397,2330717.76361241,-270060.36546529,-419.743757894651,-489.996787393893,-45.8724798833137
186.45,-2473843.08090265,2330693.26751486,-270062.658389209,-419.50607626283,-489.861949929791,-45.8456665505819
186.5,-2473864.05022502,2330668.77794584,-270064.95002587,-419.275105781825,-489.73190670241,-45.8202240547466
186.55,-2473885.00779538,2330644.29503522,-270067.240408101,-419.040285249646,-489.599309748714,-45.7948275591047
186.6,-2473905.95375005,2330619.81866658,-270069.52952631,-418.794318436029,-489.452519538171,-45.7696373589079
186.65,-2473926.88795764,2330595.34903487,-270071.817392237,-418.56000068553,-489.318846624184,-45.7445351800289
186.7,-2473947.81061736,2330570.88592395,-270074.104013936,-418.34014338169,-489.202467870762,-45.7196021560538
186.75,-2473968.72152682,2330546.42953239,-270076.389363297,-418.094380662469,-489.054520255716,-45.6938903925838
186.8,-2473989.62087853,2330521.97957835,-270078.673519419,-417.876151757492,-488.939527715105,-45.6717609447405
186.85,-2474010.50852439,2330497.53624256,-270080.956433274,-417.6418660777,-488.807928012366,-45.6452449886658
186.9,-2474031.38448322,2330473.09951845,-270083.238113548,-417.408072723921,-488.676018522632,-45.6226458161014
186.95,-2474052.24884411,2330448.66937587,-270085.518567907,-417.176832278144,-488.541864102297,-45.5975703253966
187,-2474073.10155457,2330424.24586845,-270087.797828165,-416.929639759034,-488.395989092323,-45.5730545242305
187.05,-2474093.94260557,2330399.82883867,-270090.07587885,-416.703813135855,-488.274816992815,-45.5489956671517
187.1,-2474114.77199998,2330375.41836271,-270092.352769273,-416.463142836299,-488.134893952784,-45.525863598066
187.15,-2474135.58987167,2330351.01432067,-270094.628497147,-416.234553970179,-488.005805436511,-45.5031108985547
187.2,-2474156.39596773,2330326.61699504,-270096.903027656,-416.000682375675,-487.87388450803,-45.4788814936372
187.25,-2474177.19049876,2330302.22613729,-270099.176420045,-415.767467746984,-487.745123677692,-45.4550917414896
187.3,-2474197.97335895,2330277.8418058,-270101.448683483,-415.5322709528,-487.613573327895,-45.4326481096128
187.35,-2474218.74464764,2330253.46385702,-270103.719807588,-415.315686838063,-487.501496854431,-45.4118662980546
187.4,-2474239.50421519,2330229.09245402,-270105.989799685,-415.095595514907,-487.386044481586,-45.3899380309988
187.45,-2474260.25214541,2330204.7276233,-270108.258690188,-414.848530418583,-487.237617035227,-45.3657968890814
187.5,-2474280.98833942,2330180.36938846,-270110.526444177,-414.613860542394,-487.107435736599,-45.344395622998
187.55,-2474301.71293341,2330156.01754298,-270112.793095979,-414.367623608091,-486.964308689844,-45.3230666589339
187.6,-2474322.42587218,2330131.67206935,-270115.058691073,-414.141335194619,-486.844443778499,-45.3017294425695
187.65,-2474343.12714846,2330107.3330241,-270117.323234969,-413.913976010215,-486.722254729604,-45.2795140150258
187.7,-2474363.81670574,2330083.00052166,-270119.586675052,-413.667547004026,-486.577652229788,-45.2574742171022
187.75,-2474384.49462778,2330058.67446397,-270121.849077145,-413.434924149562,-486.448571367752,-45.2370835181468
187.8,-2474405.16092361,2330034.35476666,-270124.110449805,-413.213997670808,-486.336494804276,-45.2173237894899
187.85,-2474425.8155235,2330010.04141671,-270126.370752138,-412.992962041581,-486.22448232887,-45.1970584176849
187.9,-2474446.45835436,2329985.73455366,-270128.630037043,-412.747170296908,-486.081804831493,-45.1757735391712
187.95,-2474467.08956108,2329961.43402873,-270130.888329658,-412.498678860971,-485.935794403798,-45.1551317669859
188,-2474487.70905288,2329937.13996489,-270133.145617935,-412.26479179696,-485.809456890882,-45.1346014282089
188.05,-2474508.31679721,2329912.85227527,-270135.401898842,-412.031246349812,-485.681904941784,-45.1158995901401
188.1,-2474528.91294024,2329888.57084614,-270137.657198033,-411.811715933966,-485.570159449923,-45.0971805589499
188.15,-2474549.49731612,2329864.29578164,-270139.911540762,-411.562132345305,-485.428545387152,-45.0765758956827
188.2,-2474570.07005539,2329840.02700324,-270142.164909725,-411.341052617145,-485.318081326012,-45.0578901925922
188.25,-2474590.63095852,2329815.76474514,-270144.417280426,-411.10660150466,-485.189005802236,-45.0382201173048
188.3,-2474611.18023922,2329791.50868909,-270146.668690803,-410.87278680749,-485.062643825016,-45.019377827175
188.35,-2474631.71766733,2329767.25902277,-270148.919153,-410.637511536352,-484.938249372165,-45.0002087463852
188.4,-2474652.24341527,2329743.01559358,-270151.168652071,-410.389922178409,-484.798020920374,-44.9807032770195
188.45,-2474672.75743213,2329718.77843842,-270153.41723695,-410.162575966713,-484.679548591228,-44.9629855761422
188.5,-2474693.25966389,2329694.547707,-270155.664871239,-409.920741383466,-484.542513276875,-44.943366419369
188.55,-2474713.75022261,2329670.32319443,-270157.911565068,-409.691851505784,-484.424984836083,-44.9243471353734
188.6,-2474734.22906267,2329646.1048774,-270160.157327106,-409.451122125122,-484.295145986305,-44.9060418695012
188.65,-2474754.69605751,2329621.89287259,-270162.402189877,-409.218149694673,-484.171098226218,-44.8879599503603
188.7,-2474775.15131243,2329597.68710047,-270164.646114556,-408.983571777226,-484.045081276771,-44.8694710786623
188.75,-2474795.59487469,2329573.48757561,-270166.889118854,-408.754151237251,-483.927138217421,-44.8503905993824
188.8,-2474816.02662418,2329549.29437864,-270169.131183293,-408.510616000991,-483.793500431113,-44.8321118842863
188.85,-2474836.44671284,2329525.10729161,-270171.372338629,-408.29044230026,-483.686020372102,-44.8147790963976
188.9,-2474856.85493522,2329500.92649556,-270173.612587665,-408.055144812456,-483.562142184597,-44.7981346722605
188.95,-2474877.25152163,2329476.7518228,-270175.851944371,-407.807058035788,-483.422613235298,-44.7762781780957
189,-2474897.63634342,2329452.58340394,-270178.090347985,-407.582223572293,-483.309556891502,-44.7594771833196
189.05,-2474918.0093584,2329428.42126251,-270180.327821236,-407.336434720524,-483.172287648192,-44.7402854526909
189.1,-2474938.3706447,2329404.2653119,-270182.564406521,-407.109257403121,-483.057468700048,-44.7226529833891
189.15,-2474958.72023603,2329380.11544272,-270184.800075001,-406.878881875502,-482.941817645187,-44.704522477474
189.2,-2474979.05805619,2329355.97180594,-270187.034834251,-406.645116370531,-482.819046506629,-44.6859413035487
189.25,-2474999.38416613,2329331.83435033,-270189.268658158,-406.396826233337,-482.677612261519,-44.6662677185012
189.3,-2475019.69855931,2329307.70310568,-270191.501577775,-406.168759663355,-482.561153254636,-44.6497631498179
189.35,-2475040.00120301,2329283.57804699,-270193.733554752,-405.92814717759,-482.430643469872,-44.630115634068
189.4,-2475060.29214234,2329259.45915031,-270195.96459393,-405.701275082999,-482.315443446212,-44.611631261347
189.45,-2475080.57141733,2329235.34628987,-270198.194711504,-405.474279950092,-482.201935464859,-44.5946161897757
189.5,-2475100.83895704,2329211.23966542,-270200.423905359,-405.231400073034,-482.070131606207,-44.5748139970396
189.55,-2475121.09472312,2329187.13927993,-270202.652131572,-404.991673144868,-481.937847781752,-44.5538680095253
189.6,-2475141.3389253,2329163.04493878,-270204.879424784,-404.771612605677,-481.832040925668,-44.536824826896
189.65,-2475161.57136515,2329138.95682399,-270207.105757241,-404.537281602432,-481.708478371357,-44.5185144314723
189.7,-2475181.79226286,2329114.87461093,-270209.331159062,-404.305601615255,-481.587303643377,-44.498975549184
189.75,-2475202.00138851,2329090.7986656,-270211.555579667,-404.073198499649,-481.463915946839,-44.4792787572059
189.8,-2475222.19890437,2329066.72891695,-270213.779032897,-403.826397146457,-481.324285444845,-44.4593294920908
189.85,-2475242.38482208,2329042.66526541,-270216.001518773,-403.606797274719,-481.217209057417,-44.440373245833
189.9,-2475262.55904044,2329018.60774916,-270218.223045317,-403.37614907957,-481.099552587644,-44.4206006636842
189.95,-2475282.7217008,2328994.55628124,-270220.44359474,-403.130824310344,-480.962215172577,-44.4006326673886
190,-2475302.87284499,2328970.51083921,-270222.663156606,-402.900799804305,-480.837978794831,-44.3812311963465
190.05,-2475323.01228722,2328946.47168386,-270224.881709105,-402.668140126485,-480.714968427447,-44.3597289038558
190.1,-2475343.14018485,2328922.43859115,-270227.099254806,-402.449425889246,-480.609525659381,-44.341693241837
190.15,-2475363.2565214,2328898.41159836,-270229.315793918,-402.213299175151,-480.481250810912,-44.3206384879054
190.2,-2475383.36130264,2328874.39065053,-270231.531346521,-401.974424910945,-480.349531331475,-44.3003217366656
190.25,-2475403.45465695,2328850.37568488,-270233.745880146,-401.75704858384,-480.242491036075,-44.2813973800567
190.3,-2475423.53636686,2328826.36700887,-270235.959417207,-401.525190517412,-480.120579457465,-44.2600529721027
190.35,-2475443.60665424,2328802.36431315,-270238.171909879,-401.294952063568,-479.998156565929,-44.2396425648818
190.4,-2475463.66535096,2328778.36781926,-270240.383376307,-401.066764734035,-479.878295418743,-44.2197615321198
190.45,-2475483.7126934,2328754.37721474,-270242.593811341,-400.82489784917,-479.743476680318,-44.1981111000971
190.5,-2475503.74851102,2328730.39273404,-270244.803215312,-400.600773048111,-479.626479222959,-44.1779133776469
190.55,-2475523.77292656,2328706.41431142,-270247.011585378,-400.379860546366,-479.512709975333,-44.1578673062566
190.6,-2475543.78585209,2328682.44206454,-270249.218873121,-400.142955037818,-479.383950549536,-44.1365116485795
190.65,-2475563.78738049,2328658.47581362,-270251.425167555,-399.921961560844,-479.272007707659,-44.1163353694408
190.7,-2475583.77750466,2328634.51557825,-270253.63040857,-399.700000591416,-479.157561132539,-44.0957841486191
190.75,-2475603.75623622,2328610.56136353,-270255.83460734,-399.468109476,-479.031411146696,-44.0744152635701
190.8,-2475623.72368517,2328586.61316383,-270258.037739498,-399.239138595422,-478.908298286822,-44.0521954522201
190.85,-2475643.67970831,2328562.67109108,-270260.23980267,-398.999574630049,-478.772591248487,-44.0299309627137
190.9,-2475663.62435843,2328538.73505272,-270262.440804872,-398.780056591829,-478.65950092071,-44.0092560300911
190.95,-2475683.55769751,2328514.80502265,-270264.640794559,-398.547309112313,-478.533022390412,-43.9888822468847
191,-2475703.47982503,2328490.88087381,-270266.83972701,-398.33344322108,-478.427980401348,-43.9675707467511
191.05,-2475723.39054372,2328466.96287665,-270269.0375517,-398.107968087262,-478.307106106312,-43.9461732109803
191.1,-2475743.29004846,2328443.05086885,-270271.234323294,-397.874773067783,-478.177282288355,-43.9256792504566
191.15,-2475763.17823477,2328419.14492891,-270273.430031569,-397.644499883303,-478.051467449534,-43.9037206994998
191.2,-2475783.05516214,2328395.24493405,-270275.624703974,-397.417932677951,-477.932566341286,-43.8827608653106
191.25,-2475802.92083032,2328371.35086819,-270277.818358018,-397.207609221217,-477.828752083142,-43.8627987450349
191.3,-2475822.77522612,2328347.46285685,-270280.010918783,-396.970248757676,-477.692187046871,-43.8406721784212
191.35,-2475842.61838144,2328323.58089059,-270282.202409164,-396.756150864454,-477.584890268786,-43.8193175241211
191.4,-2475862.45025755,2328299.7049459,-270284.392844813,-396.521352776073,-477.453362952353,-43.7971832591825
191.45,-2475882.27096822,2328275.83492106,-270286.582265706,-396.296631281599,-477.335148451749,-43.7787233232889
191.5,-2475902.08055599,2328251.97071231,-270288.770658208,-396.087011084739,-477.232088026601,-43.7589296240006
191.55,-2475921.8788573,2328228.11260951,-270290.957986502,-395.847691232584,-477.092960826956,-43.7351248190525
191.6,-2475941.66597172,2328204.2605083,-270293.144256499,-395.62192076573,-476.973600586742,-43.7139939075334
191.65,-2475961.44187508,2328180.41432037,-270295.329512269,-395.411747986003,-476.871847310194,-43.6952909248534
191.7,-2475981.20663983,2328156.57399926,-270297.513744651,-395.202434611442,-476.768922482043,-43.6763463590252
191.75,-2476000.96017936,2328132.73965637,-270299.696967787,-394.965777210647,-476.635765716697,-43.6539610086017
191.8,-2476020.70257425,2328108.91123474,-270301.879171363,-394.741791999904,-476.514659736023,-43.633661586743
191.85,-2476040.43379648,2328085.08879921,-270304.060372728,-394.506074744963,-476.381737533454,-43.6138849143289
191.9,-2476060.15378922,2328061.27232733,-270306.240549702,-394.28275873921,-476.263956840852,-43.5927147481458
191.95,-2476079.86275822,2328037.46157486,-270308.419742842,-394.072654906213,-476.162458678586,-43.5751920110909
192,-2476099.56046897,2328013.65675894,-270310.597971382,-393.835557494523,-476.029813805175,-43.5535099204679
192.05,-2476119.24712436,2327989.85773658,-270312.775232411,-393.625793260268,-475.92636377555,-43.5383408466523
192.1,-2476138.92239841,2327966.06473908,-270314.95149028,-393.400409758671,-475.81033037967,-43.5155488554322
192.15,-2476158.58653067,2327942.27751086,-270317.12671474,-393.162754037574,-475.680489495934,-43.4896287579752
192.2,-2476178.23945769,2327918.4959862,-270319.300957668,-392.951056049332,-475.578021173473,-43.4787234285762
192.25,-2476197.88111119,2327894.72013738,-270321.47425024,-392.715717290604,-475.450255444203,-43.4547979207623
192.3,-2476217.51157954,2327870.95015219,-270323.646566522,-392.496164586612,-475.339620261043,-43.4357250551622
192.35,-2476237.13083787,2327847.18606319,-270325.817904337,-392.265473226531,-475.214359084124,-43.4163502932457
192.4,-2476256.73899257,2327823.42777546,-270327.988310243,-392.057191841574,-475.112593153643,-43.3992481463293
192.45,-2476276.33593652,2327799.67523324,-270330.157741168,-391.808720735967,-474.971535766764,-43.3821165968171
192.5,-2476295.92160251,2327775.92822605,-270332.326298156,-391.600482302816,-474.882514334951,-43.3611562484329
192.55,-2476315.49601328,2327752.1871031,-270334.493916968,-391.381630894087,-474.772916982678,-43.3447546964135
192.6,-2476335.05917585,2327728.45169057,-270336.660564308,-391.14710227582,-474.650980309257,-43.3228036762026
192.65,-2476354.61098192,2327704.72203068,-270338.826254944,-390.932273151744,-474.543031528063,-43.3015147842845
192.7,-2476374.1516618,2327680.99803657,-270340.991049543,-390.700151053687,-474.424879309276,-43.2865879629047
192.75,-2476393.68112934,2327657.27976968,-270343.154927463,-390.484438847347,-474.316129691566,-43.270336916254
192.8,-2476413.19937723,2327633.56725428,-270345.317937518,-390.247588893357,-474.185624768299,-43.2508866378451
192.85,-2476432.70634067,2327609.86049854,-270347.479997026,-390.033179013507,-474.083758884384,-43.2334353093661
192.9,-2476452.2020159,2327586.15956986,-270349.641181281,-389.795215682127,-473.954375032329,-43.2140749526147
192.95,-2476471.68644183,2327562.46427525,-270351.801473588,-389.575277923461,-473.848693867488,-43.1994662103815
193,-2476491.15952426,2327538.77444573,-270353.96086932,-389.353570721853,-473.747025005302,-43.1773393132741
193.05,-2476510.62124335,2327515.09035281,-270356.119395018,-389.130725717257,-473.638231781293,-43.16090912295
193.1,-2476530.07163587,2327491.41202342,-270358.276961047,-388.900256780733,-473.515340626586,-43.1413223643055
193.15,-2476549.51074907,2327467.7393784,-270360.43364709,-388.668847031749,-473.39525367088,-43.1261388039259
193.2,-2476568.93858679,2327444.07238417,-270362.589500303,-388.43692118843,-473.275415543834,-43.1078671926791
193.25,-2476588.35508021,2327420.41102476,-270364.744460637,-388.216113276272,-473.169820818286,-43.0903665588371
193.3,-2476607.76031345,2327396.75522496,-270366.898573367,-387.99554632872,-473.064972472483,-43.0755580043715
193.35,-2476627.15407091,2327373.10510675,-270369.051785421,-387.760685069089,-472.944788267659,-43.057782151818
193.4,-2476646.53631217,2327349.46070474,-270371.204084874,-387.525071769447,-472.824531556889,-43.0328926327595
193.45,-2476665.90729484,2327325.8217849,-270373.355509579,-387.307993932051,-472.729301004998,-43.0191994163237
193.5,-2476685.26680009,2327302.18853302,-270375.506002963,-387.082667919877,-472.616188287315,-43.0016913874253
193.55,-2476704.61504752,2327278.56073903,-270377.65568443,-386.856695736669,-472.504191342889,-42.9852843032121
193.6,-2476723.95181912,2327254.93869529,-270379.80448931,-386.628222245318,-472.391634774632,-42.968147249857
193.65,-2476743.27718599,2327231.32233817,-270381.95241087,-386.387009515652,-472.264385042819,-42.9477096144207
193.7,-2476762.59121629,2327207.71154805,-270384.099474209,-386.166787482752,-472.158866377769,-42.9333939529641
193.75,-2476781.89393739,2327184.1062407,-270386.24572383,-385.945075319857,-472.056936970843,-42.9171722144101
193.8,-2476801.18514574,2327160.50653732,-270388.391071896,-385.70430297498,-471.931054479801,-42.8982557653304
193.85,-2476820.46507908,2327136.91235337,-270390.535560654,-385.487246683231,-471.832409650332,-42.8809250920061
193.9,-2476839.7334526,2327113.32392165,-270392.679150372,-385.26569610779,-471.725233526775,-42.8635613624597
193.95,-2476858.99046837,2327089.74100387,-270394.821877127,-385.032106996922,-471.608490898173,-42.8455081906073
194,-2476878.23603952,2327066.16365937,-270396.963703883,-384.798634615204,-471.493788365288,-42.8277742725094
194.05,-2476897.47031611,2327042.59169715,-270399.104700451,-384.577819131546,-471.390431629469,-42.811667571079
194.1,-2476916.69307149,2327019.02543818,-270401.244809646,-384.341284503654,-471.270187538934,-42.7928748890634
194.15,-2476935.90442393,2326995.46474944,-270403.38402984,-384.119670567675,-471.165974397906,-42.7755294338124
194.2,-2476955.10442054,2326971.90952771,-270405.522313994,-383.880097320688,-471.043127674088,-42.7596457171736
194.25,-2476974.29292042,2326948.35966179,-270407.659765494,-383.662797957075,-470.952877932659,-42.7397981143194
194.3,-2476993.47000052,2326924.81527062,-270409.796312538,-383.426680935441,-470.833371114129,-42.7195756772977
194.35,-2477012.63572312,2326901.27639784,-270411.931933927,-383.198939126132,-470.721192877832,-42.7011967030133
194.4,-2477031.79002111,2326877.74305646,-270414.06666324,-382.979328120675,-470.617885235956,-42.6861710819047
194.45,-2477050.93294579,2326854.21525647,-270416.200532507,-382.752849520704,-470.508661060481,-42.6700815341835
194.5,-2477070.06461313,2326830.69281084,-270418.333502425,-382.524923496398,-470.40094347063,-42.651061029167
194.55,-2477089.18484825,2326807.17587764,-270420.465541404,-382.291489137949,-470.285968197364,-42.6314368854332
194.6,-2477108.2938108,2326783.66435744,-270422.596697439,-382.059089582336,-470.167083377174,-42.6134525738819
194.65,-2477127.39138592,2326760.15842869,-270424.726929479,-381.839308384036,-470.062601335207,-42.5962799670277
194.7,-2477146.47768123,2326736.65793665,-270426.856242995,-381.61846871701,-469.961079775918,-42.578996030255
194.75,-2477165.55269714,2326713.16290598,-270428.984665986,-381.384608640816,-469.844291389242,-42.559427602508
194.8,-2477184.61637926,2326689.67330181,-270431.112155769,-381.154526754779,-469.730188391107,-42.5401367216642
194.85,-2477203.66892925,2326666.1890199,-270433.238753848,-380.94328912282,-469.635304086607,-42.5233355242166
194.9,-2477222.71008154,2326642.71040227,-270435.364441417,-380.717350724304,-469.525591782482,-42.5054275342608
194.95,-2477241.74006329,2326619.23715009,-270437.489194829,-380.491107817756,-469.413667027282,-42.4849563180505
195,-2477260.75873797,2326595.769464,-270439.612977719,-380.268037395167,-469.308086308268,-42.4667500005277
195.05,-2477279.76630641,2326572.30709106,-270441.735856835,-380.032955305516,-469.185657544869,-42.4489841102975
195.1,-2477298.76265061,2326548.85020536,-270443.857826336,-379.808063346314,-469.077020718654,-42.4284064321502
195.15,-2477317.74787257,2326525.39870405,-270445.97884405,-379.597504877281,-468.980966204296,-42.4118656776292
195.2,-2477336.72193156,2326501.95274949,-270448.098925748,-379.374715946484,-468.869793410669,-42.3913033393773
195.25,-2477355.6848422,2326478.51225727,-270450.21804592,-379.141309392554,-468.746741054933,-42.3733027185104
195.3,-2477374.63661892,2326455.07722138,-270452.336207751,-378.918040560059,-468.639347099212,-42.353153403975
195.35,-2477393.57739672,2326431.64743432,-270454.453425811,-378.708286671773,-468.546151562554,-42.3353082326552
195.4,-2477412.50699401,2326408.22328785,-270456.569710389,-378.477761319466,-468.422685630785,-42.3161254726436
195.45,-2477431.42563131,2326384.80447978,-270458.685046969,-378.269216239061,-468.327008645109,-42.2971989161431
195.5,-2477450.33314548,2326361.39126608,-270460.799403275,-378.041054020246,-468.213472225531,-42.2775837257516
195.55,-2477469.22970408,2326337.98339382,-270462.91281168,-377.828407898455,-468.113130379289,-42.2582804780804
195.6,-2477488.11533276,2326314.58086863,-270465.02525972,-377.608845765396,-468.001887012585,-42.2405510100551
195.65,-2477506.98990767,2326291.18385435,-270467.136749349,-377.388513077031,-467.892086661519,-42.2192804846883
195.7,-2477525.85359431,2326267.79230871,-270469.24727153,-377.157235210626,-467.76807659116,-42.1992767666675
195.75,-2477544.70632244,2326244.40625349,-270471.356822412,-376.938673295806,-467.660561545563,-42.1808303067611
195.8,-2477563.54822206,2326221.02546912,-270473.465404836,-376.732927957986,-467.56538585671,-42.1618880614385
195.85,-2477582.37922316,2326197.65016838,-270475.573026439,-376.50485767907,-467.444208364258,-42.1430565418766
195.9,-2477601.19942869,2326174.28019172,-270477.679681781,-376.299577233663,-467.350856448048,-42.1222942072369
195.95,-2477620.00866988,2326150.91581073,-270479.785330056,-376.082687435672,-467.240926912805,-42.1027986103374
196,-2477638.80715274,2326127.55683148,-270481.890017289,-375.855841377829,-467.117558846827,-42.0851937082519
196.05,-2477657.59488772,2326104.20320968,-270483.993732298,-375.652133788022,-467.024082784201,-42.0644994356255
196.1,-2477676.37183374,2326080.85495561,-270486.096452793,-375.424087477433,-466.902505433657,-42.0431619852578
196.15,-2477695.13796452,2326057.51215423,-270488.198196109,-375.214609884781,-466.800957473704,-42.0251233561061
196.2,-2477713.89342651,2326034.17475338,-270490.298951204,-375.007161312534,-466.699883071316,-42.0064287994123
196.25,-2477732.63811744,2326010.84286645,-270492.398728084,-374.791767884253,-466.590099576253,-41.9859505518664
196.3,-2477751.3721017,2325987.51635738,-270494.497538574,-374.56718391051,-466.469045229074,-41.9645771030755
196.35,-2477770.09549795,2325964.195127,-270496.595371558,-374.36047913506,-466.370051277697,-41.9467923842463
196.4,-2477788.80815874,2325940.87932103,-270498.692204292,-374.139625463592,-466.254026371671,-41.9269935670297
196.45,-2477807.51022245,2325917.56887762,-270500.788066873,-373.944110042289,-466.165879573095,-41.9089882013625
196.5,-2477826.20160546,2325894.26391495,-270502.882940426,-373.738495052758,-466.065748216291,-41.8877217441062
196.55,-2477844.88230513,2325870.96441898,-270504.976820641,-373.508652300208,-465.93723273439,-41.8677735451665
196.6,-2477863.55244923,2325847.67017995,-270507.069719894,-373.278359031986,-465.810105963754,-41.8462480777301
196.65,-2477882.21205206,2325824.3812081,-270509.161650697,-373.082365764754,-465.723969000141,-41.8279716965324
196.7,-2477900.86098074,2325801.09768219,-270511.252585709,-372.866656821241,-465.608581999444,-41.8071270517213
196.75,-2477919.49943678,2325777.81947017,-270513.342515304,-372.669643450249,-465.516115547951,-41.7888619069602
196.8,-2477938.12722131,2325754.54673931,-270515.431468057,-372.444991612896,-465.396687273029,-41.7693365183257
196.85,-2477956.74456383,2325731.27917897,-270517.519470774,-372.245766593167,-465.306449238421,-41.7502092537418
196.9,-2477975.35123134,2325708.01703187,-270519.606461233,-372.029306597106,-465.191010065426,-41.7302390453373
196.95,-2477993.94744589,2325684.7601587,-270521.692494782,-371.837197717695,-465.104117995811,-41.7122092601089
197,-2478012.53301917,2325661.50878152,-270523.777522063,-371.612640628231,-464.982831826886,-41.691635845962
197.05,-2478031.10811225,2325638.26267564,-270525.861567143,-371.389980264898,-464.863099003875,-41.6704906467039
197.1,-2478049.67262781,2325615.02185469,-270527.944640652,-371.179234007725,-464.755891106183,-41.6510208511754
197.15,-2478068.2266046,2325591.7863416,-270530.026719707,-370.968319206074,-464.650405738192,-41.630928143305
197.2,-2478086.77013079,2325568.55603018,-270532.107829273,-370.769973336491,-464.556936683817,-41.6122860592216
197.25,-2478105.30304954,2325545.33118418,-270534.18795248,-370.545830086026,-464.435645135437,-41.5922745938399
197.3,-2478123.82548618,2325522.11158033,-270536.267103263,-370.34700237257,-464.343111666452,-41.5737571341778
197.35,-2478142.33732288,2325498.89729212,-270538.345285207,-370.137286380752,-464.240032012836,-41.5539047539385
197.4,-2478160.83871695,2325475.68817953,-270540.422492973,-369.927265179751,-464.134722009608,-41.5345288041536
197.45,-2478179.3294973,2325452.48444599,-270542.498717125,-369.715774454188,-464.029114677797,-41.5142537548758
197.5,-2478197.8097248,2325429.28601532,-270544.57394076,-369.491029961571,-463.906142164589,-41.4948322353201
197.55,-2478216.27940123,2325406.09288235,-270546.648190157,-369.287138794214,-463.809229472938,-41.4744473013184
197.6,-2478234.73851538,2325382.9050096,-270548.721461167,-369.071305098621,-463.699406763317,-41.4548138544485
197.65,-2478253.18712862,2325359.7222713,-270550.793787201,-368.866637873915,-463.601412978201,-41.4362557141404
197.7,-2478271.62521929,2325336.54472784,-270552.865138693,-368.660805838878,-463.502741926023,-41.4189149520521
197.75,-2478290.05264178,2325313.3725505,-270554.935523629,-368.44210502628,-463.388719680744,-41.3971084297367
197.8,-2478308.46944064,2325290.20570338,-270557.004919054,-368.224704415803,-463.277053099434,-41.3780442774591
197.85,-2478326.87572426,2325267.04398059,-270559.073342943,-368.026216510609,-463.189609874335,-41.3598263960979
197.9,-2478345.27140453,2325243.88742968,-270561.140805923,-367.800859930281,-463.070974650509,-41.3390392245162
197.95,-2478363.65646448,2325220.73606453,-270563.207305751,-367.592966733685,-462.974251896192,-41.3193023929864
198,-2478382.03087068,2325197.58996958,-270565.272823568,-367.376216616496,-462.860444751723,-41.3001630124036
198.05,-2478400.3946395,2325174.44912763,-270567.337382208,-367.169344335852,-462.763562991444,-41.2817224058638
198.1,-2478418.74780582,2325151.313418,-270569.400969343,-366.961953420367,-462.66976375127,-41.2621751966737
198.15,-2478437.09026708,2325128.18288163,-270571.463593001,-366.74244406546,-462.558659648617,-41.2425261026318
198.2,-2478455.4220707,2325105.05748792,-270573.525246605,-366.523993391002,-462.449199026567,-41.2233875357673
198.25,-2478473.7432515,2325081.93724427,-270575.585940922,-366.321920964616,-462.358196221934,-41.2043708939792
198.3,-2478492.05369868,2325058.82224072,-270577.645679126,-366.120737208113,-462.271367560045,-41.1869481539462
198.35,-2478510.35335535,2325035.71246269,-270579.704442416,-365.880386616184,-462.136997333017,-41.164679198693
198.4,-2478528.64239088,2325012.60765971,-270581.762260094,-365.672888473811,-462.042898016195,-41.1466797913461
198.45,-2478546.92068976,2324989.50802552,-270583.819108627,-365.452473683498,-461.933502521424,-41.1263536474948
198.5,-2478565.18823678,2324966.41354653,-270585.874985445,-365.24269984228,-461.837079102108,-41.1078920959237
198.55,-2478583.44504784,2324943.32424278,-270587.929911878,-365.032936273113,-461.741170268517,-41.089117545182
198.6,-2478601.69108157,2324920.24006558,-270589.983868209,-364.8120314995,-461.632609510534,-41.0691128455457
198.65,-2478619.92628231,2324897.16097888,-270592.036854331,-364.590744325813,-461.523700660123,-41.0494617780878
198.7,-2478638.15083486,2324874.08685982,-270594.08889458,-364.388388618848,-461.436354090395,-41.0313287559884
198.75,-2478656.36447975,2324851.01799332,-270596.139966653,-364.17111770319,-461.33328802988,-41.0124143594011
198.8,-2478674.56737158,2324827.95417553,-270598.190063887,-363.953758456737,-461.230741264255,-40.9931473967684
198.85,-2478692.75939166,2324804.89552843,-270600.2391901,-363.738814749767,-461.130716306609,-40.9726481592327
198.9,-2478710.94065953,2324781.84183271,-270602.287374195,-363.510216595143,-461.015710623877,-40.9520283518113
198.95,-2478729.11105231,2324758.79321455,-270604.334559956,-363.294330802387,-460.915748073409,-40.9340940079826
199,-2478747.2706965,2324735.74958125,-270606.380826521,-363.08839585706,-460.823888956425,-40.9161610050978
199.05,-2478765.41940797,2324712.71116357,-270608.426080601,-362.860585114306,-460.71036351619,-40.8953776461808
199.1,-2478783.55734757,2324689.67766934,-270610.470385669,-362.642918862116,-460.609948935466,-40.8755134252072
199.15,-2478801.68436812,2324666.64931137,-270612.513698191,-362.438733863887,-460.524868502398,-40.8583703922804
199.2,-2478819.80063997,2324643.62576383,-270614.556078551,-362.219469685393,-460.42273671975,-40.8381108271564
199.25,-2478837.90591638,2324620.60742302,-270616.59747594,-362.002488630202,-460.323509245318,-40.8183524000657
199.3,-2478856.00042777,2324597.59405432,-270618.637891672,-361.785777355077,-460.222464279646,-40.7992259019658
199.35,-2478874.08397164,2324574.58579075,-270620.677319584,-361.567838598611,-460.12191004044,-40.7792088448388
199.4,-2478892.15666941,2324551.58248352,-270622.715768871,-361.339002653686,-460.010266490901,-40.7582646780778
199.45,-2478910.21854345,2324528.58405714,-270624.753279875,-361.12912229479,-459.91968401533,-40.740801148454
199.5,-2478928.26954341,2324505.59066993,-270626.789798553,-360.916618208435,-459.825364597767,-40.7199665810881
199.55,-2478946.30963542,2324482.60231401,-270628.825322151,-360.688224729272,-459.710008859036,-40.7000700552851
199.6,-2478964.33888226,2324459.61894661,-270630.859851819,-360.481701298173,-459.625683087296,-40.6814931885397
199.65,-2478982.35724437,2324436.64054142,-270632.893420744,-360.26551697688,-459.527570038953,-40.6623999773491
199.7,-2479000.36476549,2324413.66710558,-270634.925980088,-360.048577586079,-459.428519878222,-40.6405020740786
199.75,-2479018.3614795,2324390.69853188,-270636.957545382,-359.82591642673,-459.320800688183,-40.6209656221502
199.8,-2479036.34725257,2324367.73506862,-270638.988118881,-359.612408582643,-459.225787350497,-40.6008421418234
199.85,-2479054.32220953,2324344.77658005,-270641.017683971,-359.382745254321,-459.110803670173,-40.5811381391055
199.9,-2479072.28636784,2324321.82300083,-270643.046263495,-359.180566063243,-459.028569778031,-40.5627296938875
199.95,-2479090.23969276,2324298.87430877,-270645.073828843,-358.951667483907,-458.916595166039,-40.5412493047671
200,-2479108.18216595,2324275.93054886,-270647.100411047,-358.740366687326,-458.823826074133,-40.5210435523345
200.05,-2479126.11380402,2324252.99184015,-270649.125985297,-358.517747933526,-458.71642895659,-40.500523971709
200.1,-2479144.03471742,2324230.05803032,-270651.150564247,-358.314963795509,-458.632344729405,-40.482941961263
200.15,-2479161.9447241,2324207.12923273,-270653.174099118,-358.098920719449,-458.534940068662,-40.4622529759631
200.2,-2479179.84405838,2324184.20519219,-270655.19664848,-357.877547838531,-458.429940163921,-40.4409329867166
200.25,-2479197.73260051,2324161.28613361,-270657.218192998,-357.657367909757,-458.324524732829,-40.4202309936655
200.3,-2479215.61035608,2324138.37206844,-270659.238683662,-357.440996491413,-458.223362394132,-40.3989000386754
200.35,-2479233.47739403,2324115.46294641,-270661.258145331,-357.23960897272,-458.138823738909,-40.3799259231639
200.4,-2479251.33369703,2324092.55877126,-270663.276607334,-357.018850659926,-458.033810947352,-40.358315357116
200.45,-2479269.17926603,2324069.65946932,-270665.29402219,-356.798232371895,-457.930103606136,-40.3374394452769
200.5,-2479287.01425524,2324046.76494395,-270667.310428689,-356.585935615875,-457.831000454253,-40.317194541156
200.55,-2479304.8384759,2324023.87553246,-270669.3258075,-356.371372092352,-457.731021802572,-40.2970190477743
200.6,-2479322.65208097,2324000.9909786,-270671.340135649,-356.169089713945,-457.646542265946,-40.27622265953
200.65,-2479340.45496073,2323978.11144819,-270673.353420855,-355.947296437312,-457.53610497166,-40.2550155531301
200.7,-2479358.24733165,2323955.23660773,-270675.365682493,-355.744495179271,-457.451532256508,-40.2353277335157
200.75,-2479376.02901158,2323932.36677251,-270677.376887144,-355.533270680374,-457.355456466455,-40.2147462509868
200.8,-2479393.80012599,2323909.50186993,-270679.387040735,-355.310061291259,-457.240469752214,-40.1907929757586
200.85,-2479411.56066972,2323886.64191281,-270681.396151423,-355.111572396802,-457.156468082243,-40.1723993360314
200.9,-2479429.31063687,2323863.78687293,-270683.404190127,-354.888408062099,-457.044746752273,-40.1507592705623
200.95,-2479447.05009868,2323840.9366836,-270685.411206167,-354.678761658694,-456.950201255096,-40.1278041281855
201,-2479464.77906121,2323818.09130184,-270687.417151988,-354.481146491555,-456.865903839352,-40.1090097744593
201.05,-2479482.49749502,2323795.25095543,-270689.422053995,-354.265408406208,-456.759098869449,-40.0865429796767
201.1,-2479500.20546117,2323772.41555623,-270691.425878391,-354.048842603598,-456.651713723995,-40.0650212860861
201.15,-2479517.90298761,2323749.58495923,-270693.428623502,-353.850690280075,-456.569367945474,-40.0456471264953
201.2,-2479535.59006683,2323726.75926732,-270695.430311534,-353.642736214073,-456.47218594918,-40.023797389839
201.25,-2479553.26677268,2323703.93842389,-270697.43095524,-353.425788637132,-456.359976068097,-40.001884603964
201.3,-2479570.93310994,2323681.12246688,-270699.430536628,-353.227542782511,-456.275770034598,-39.9804656483889
201.35,-2479588.58898356,2323658.31150294,-270701.42900589,-353.007958556482,-456.16283482667,-39.9582245220909
201.4,-2479606.23451756,2323635.50544802,-270703.426402938,-352.80734218902,-456.073560349632,-39.9372623331279
201.45,-2479623.86975257,2323612.70415085,-270705.422738159,-352.607447673137,-455.983320919495,-39.9157281808062
201.5,-2479641.49464577,2323589.90775018,-270707.418013098,-352.394639294173,-455.878455670922,-39.8950635196686
201.55,-2479659.10923491,2323567.11625095,-270709.412184242,-352.181037053329,-455.772154763915,-39.8707131044733
201.6,-2479676.71357471,2323544.32962186,-270711.405269509,-351.983347552718,-455.682007892709,-39.8521437845683
201.65,-2479694.30753242,2323521.54801545,-270713.39726976,-351.783566893765,-455.591459151139,-39.8291648394018
201.7,-2479711.89130157,2323498.77116074,-270715.388187368,-351.573146459569,-455.48783013695,-39.8071002652082
201.75,-2479729.46491137,2323475.99908239,-270717.378032801,-351.373459352795,-455.396632455575,-39.7859319928628
201.8,-2479747.02826113,2323453.23187609,-270719.36679554,-351.165426428085,-455.294273573441,-39.7642085040892
201.85,-2479764.58137631,2323430.46961932,-270721.35446229,-350.953557907381,-455.188868138071,-39.74242122002
201.9,-2479782.12425827,2323407.71231245,-270723.341016641,-350.756254051852,-455.097509840298,-39.7200465414224
201.95,-2479799.65702022,2323384.95976954,-270725.32648412,-350.548605805618,-454.996505671094,-39.698196128606
202,-2479817.17967329,2323362.21195148,-270727.310891937,-350.351647417613,-454.906300417706,-39.677090237915
202.05,-2479834.692115,2323339.46902476,-270729.29420447,-350.1421286108,-454.802570616035,-39.654068062991
202.1,-2479852.19446825,2323316.73092515,-270731.27642443,-349.949791157403,-454.717643788377,-39.6346884014025
202.15,-2479869.68659186,2323293.99784229,-270733.257527419,-349.747744300152,-454.620457657643,-39.6130308147042
202.2,-2479887.16871993,2323271.26942365,-270735.237585755,-349.545383755604,-454.526138315085,-39.5902496987568
202.25,-2479904.64065622,2323248.54585163,-270737.21650839,-349.338274736125,-454.426769522523,-39.5671475112157
202.3,-2479922.10249882,2323225.82704946,-270739.194346044,-349.13071825328,-454.322428130989,-39.5448708285201
202.35,-2479939.55422802,2323203.11317603,-270741.171082044,-348.928497288128,-454.222127561685,-39.5232437178401
202.4,-2479956.99589313,2323180.40411173,-270743.146737325,-348.737822442182,-454.140008840044,-39.5026803679403
202.45,-2479974.42745857,2323157.69985269,-270745.121273945,-348.524787651282,-454.03203021923,-39.4802284812653
202.5,-2479991.84898848,2323135.00028291,-270747.094759068,-348.335557777567,-453.949868188001,-39.4584565023073
202.55,-2480009.26041454,2323112.30553263,-270749.067127949,-348.132934406264,-453.852877032534,-39.43794530608
202.6,-2480026.66168771,2323089.61569005,-270751.038384274,-347.928824368789,-453.753903092357,-39.4151993569694
202.65,-2480044.05295155,2323066.93060603,-270753.008559984,-347.728043168715,-453.659409948337,-39.3913057073418
202.7,-2480061.43411443,2323044.25035626,-270754.97762984,-347.52917563829,-453.564717342698,-39.3709010829178
202.75,-2480078.80529328,2323021.5747766,-270756.945599709,-347.317420696086,-453.456216523518,-39.3485860748624
202.8,-2480096.16630519,2322998.90402003,-270758.912498311,-347.113941304769,-453.360965417252,-39.3273536621574
202.85,-2480113.51724788,2322976.23804938,-270760.878301742,-346.910464455362,-453.263880964214,-39.3044322698347
202.9,-2480130.85810408,2322953.57689567,-270762.842995369,-346.715599832915,-453.174915856884,-39.281778107263
202.95,-2480148.18897808,2322930.92042023,-270764.806578146,-346.522279821477,-453.086822559403,-39.2621786027619
203,-2480165.50971219,2322908.26877472,-270766.769071739,-346.319726197382,-452.993030738163,-39.2397112341101
203.05,-2480182.82039261,2322885.62177286,-270768.730495591,-346.115164220519,-452.898148900014,-39.2181685486563
203.1,-2480200.12084332,2322862.97964186,-270770.690806114,-345.913919714152,-452.801894244316,-39.1947942532269
203.15,-2480217.41120035,2322840.34235363,-270772.650033441,-345.701995728956,-452.690498123676,-39.1741328964545
203.2,-2480234.69148622,2322817.70976954,-270774.608167197,-345.504069704021,-452.603946861919,-39.1519103558647
203.25,-2480251.96165148,2322795.08187366,-270776.565205556,-345.295179458534,-452.501657708309,-39.1300027193108
203.3,-2480269.22168229,2322772.45867328,-270778.521181823,-345.099823808984,-452.41632872982,-39.1091568529617
203.35,-2480286.47164048,2322749.84017792,-270780.476048361,-344.903385114639,-452.327668972981,-39.0868800822373
203.4,-2480303.71136876,2322727.22656064,-270782.429835337,-344.692252427429,-452.224316282889,-39.0637516125443
203.45,-2480320.9409267,2322704.61772078,-270784.382529367,-344.482333695013,-452.122200273011,-39.0419620326218
203.5,-2480338.16045548,2322682.01337295,-270786.334124862,-344.292826470751,-452.045419314315,-39.0202510729575
203.55,-2480355.36974163,2322659.41379008,-270788.284617352,-344.089593230424,-451.951963857332,-38.9991912491261
203.6,-2480372.56888591,2322636.81881965,-270790.234012116,-343.878566515364,-451.850105122658,-38.9783653880959
203.65,-2480389.75772501,2322614.22872863,-270792.18234995,-343.667893039463,-451.746881420895,-38.9554980297347
203.7,-2480406.9364279,2322591.64331716,-270794.129609337,-343.468197061519,-451.654520714328,-38.9342404030754
203.75,-2480424.1049052,2322569.06254776,-270796.075749513,-343.262991485555,-451.564779957871,-38.9118411267665
203.8,-2480441.26324373,2322546.48628375,-270798.020810727,-343.068929561962,-451.485865588711,-38.8913048363008
203.85,-2480458.41126568,2322523.91481618,-270799.964804453,-342.854521785241,-451.377188094517,-38.8693526707725
203.9,-2480475.54909363,2322501.34802642,-270801.907692125,-342.660334194197,-451.296339840014,-38.8475237033313
203.95,-2480492.6766178,2322478.78592363,-270803.849464456,-342.453168306786,-451.202059124652,-38.82588159238
204,-2480509.79387237,2322456.22844651,-270805.790153218,-342.248346703801,-451.110905912231,-38.8033938399691
204.05,-2480526.90093926,2322433.67547976,-270807.72980149,-342.036150013598,-451.011811214247,-38.7821372170008
204.1,-2480543.99764733,2322411.12720608,-270809.668339994,-341.824909807062,-450.90906314223,-38.7599015634513
204.15,-2480561.0840376,2322388.5836583,-270811.605828532,-341.61750197407,-450.816816970597,-38.7365501063682
204.2,-2480578.16012475,2322366.04472583,-270813.542157016,-341.412954985815,-450.725709563975,-38.7150204395084
204.25,-2480595.2259823,2322343.51030019,-270815.477436233,-341.219946421542,-450.648192204499,-38.6947569834227
204.3,-2480612.28151303,2322320.98045184,-270817.411631836,-341.010592356293,-450.554668535445,-38.6734187253983
204.35,-2480629.32669985,2322298.45517539,-270819.344728176,-340.793782620234,-450.452125402177,-38.6499625117479
204.4,-2480646.36148386,2322275.93463171,-270821.276713507,-340.587550229198,-450.357932599899,-38.6286264913629
204.45,-2480663.38596515,2322253.41861013,-270823.207595689,-340.390089505641,-450.279767017615,-38.6080144810834
204.5,-2480680.4000331,2322230.90722323,-270825.137410355,-340.171765347705,-450.176053584684,-38.5850303821353
204.55,-2480697.40384126,2322208.40028251,-270827.066140336,-339.97661517686,-450.099115555725,-38.5642847782789
204.6,-2480714.39720413,2322185.89800081,-270828.993803039,-339.770289196674,-450.008019716093,-38.5428146332294
204.65,-2480731.38019417,2322163.40025697,-270830.920321507,-339.55020917151,-449.901180796692,-38.5189066986853
204.7,-2480748.35280869,2322140.90710926,-270832.845759459,-339.352137839555,-449.82367118523,-38.4987715629275
204.75,-2480765.31500553,2322118.41853065,-270834.770116775,-339.134266192961,-449.718412664066,-38.4752897066468
204.8,-2480782.26686717,2322095.93443339,-270836.69336516,-338.932780937154,-449.635904368105,-38.4550171908872
204.85,-2480799.20839448,2322073.45479724,-270838.615536483,-338.730128887685,-449.553019949893,-38.4329628968117
204.9,-2480816.13936256,2322050.97987418,-270840.536613062,-338.521633369727,-449.459827295536,-38.4113017856293
204.95,-2480833.05999994,2322028.50941411,-270842.456536056,-338.301607864763,-449.356479424659,-38.3875221388356
205,-2480849.97023541,2322006.0434759,-270844.375377434,-338.101340949202,-449.274580376672,-38.3664984183344
205.05,-2480866.87010446,2321983.58201832,-270846.293126108,-337.898117850924,-449.191746524146,-38.3441065709897
205.1,-2480883.75954697,2321961.12504845,-270848.209761347,-337.67962237514,-449.087962904789,-38.3213691978335
205.15,-2480900.63861604,2321938.67260225,-270850.125287151,-337.482124593282,-449.009811090028,-38.3003123678796
205.2,-2480917.50728788,2321916.22473624,-270852.039707413,-337.265537956989,-448.905577818099,-38.2763280831635
205.25,-2480934.36550793,2321893.78142055,-270853.953009252,-337.05666955438,-448.817378718677,-38.2546378043263
205.3,-2480951.21345885,2321871.34242478,-270855.86521965,-336.860011660709,-448.741271804818,-38.2335169232963
205.35,-2480968.05095108,2321848.90798639,-270857.776296802,-336.652505426841,-448.652149972579,-38.2111560732974
205.4,-2480984.87805849,2321826.47803537,-270859.68626436,-336.442785528878,-448.559628914453,-38.1881429175456
205.45,-2481001.69477986,2321804.05256327,-270861.595087914,-336.228788245961,-448.463018785079,-38.1645410900244
205.5,-2481018.50111413,2321781.63161665,-270863.502781012,-336.016184744996,-448.367207023474,-38.1431821028728
205.55,-2481035.29709284,2321759.21511632,-270865.409357396,-335.816066367222,-448.285483309618,-38.120121574214
205.6,-2481052.08276787,2321736.8029885,-270867.314810195,-335.615769740552,-448.204671744325,-38.0986123349137
205.65,-2481068.85806236,2321714.39537263,-270869.219131162,-335.402328147907,-448.108098981914,-38.0747332723516
205.7,-2481085.62300481,2321691.99228699,-270871.122305979,-335.178261187292,-447.995544480044,-38.0516716873507
205.75,-2481102.37767008,2321669.59366451,-270873.02436094,-334.990218764326,-447.926683635685,-38.029138926226
205.8,-2481119.12198125,2321647.19953891,-270874.925270668,-334.786716660398,-447.844059106242,-38.007616417618
205.85,-2481135.85608988,2321624.80970527,-270876.825052877,-334.583124595548,-447.757619041088,-37.984704078368
205.9,-2481152.5797559,2321602.42442521,-270878.723672488,-334.365253676585,-447.654142238825,-37.9603540091339
205.95,-2481169.2932264,2321580.0435331,-270880.621146028,-334.170466329444,-447.578100230503,-37.9394512833301
206,-2481185.99634652,2321557.6672718,-270882.517461677,-333.964291852869,-447.487205722444,-37.9145446658791
206.05,-2481202.68932202,2321535.29529125,-270884.412638109,-333.760493675544,-447.400001416059,-37.8929814084878
206.1,-2481219.37199402,2321512.9278161,-270886.306675424,-333.557325926774,-447.311517133415,-37.8698078833478
206.15,-2481236.04442273,2321490.56474548,-270888.199535459,-333.341351484945,-447.210066213011,-37.8450562828238
206.2,-2481252.70668313,2321468.20612102,-270890.091237908,-333.140525015733,-447.126411085182,-37.8225739776896
206.25,-2481269.3586781,2321445.85207044,-270891.981767363,-332.932687688452,-447.029959915725,-37.7991278746243
206.3,-2481286.00057562,2321423.50235614,-270893.871128811,-332.734430680137,-446.948928206584,-37.7751341878832
206.35,-2481302.63235485,2321401.15695548,-270895.759319933,-332.537915934487,-446.868412882226,-37.7535439483092
206.4,-2481319.25389207,2321378.81607909,-270897.646342601,-332.334958756043,-446.78057726569,-37.7294008129244
206.45,-2481335.86533845,2321356.47962607,-270899.532215697,-332.133297757732,-446.693507347796,-37.7052346083638
206.5,-2481352.46670578,2321334.14755232,-270901.416899326,-331.926333396805,-446.596656696484,-37.6825443796246
206.55,-2481369.05793924,2321311.81998468,-270903.300419219,-331.72980675359,-446.516126260364,-37.6596886416153
206.6,-2481385.63914251,2321289.49676096,-270905.182742666,-331.518521142684,-446.415380262895,-37.6333661086078
206.65,-2481402.21023409,2321267.17793921,-270907.063895627,-331.317254850172,-446.326362074124,-37.6109933758594
206.7,-2481418.7713466,2321244.86353013,-270908.943877009,-331.115332752407,-446.236312375845,-37.5871869250681
206.75,-2481435.32244143,2321222.55354902,-270910.822653446,-330.920616908624,-446.154062318546,-37.5629153062584
206.8,-2481451.86355995,2321200.24794495,-270912.700231514,-330.72571272048,-446.07308485234,-37.53958791013
206.85,-2481468.39464407,2321177.94677042,-270914.57662992,-330.532527244759,-445.991862211357,-37.5166569190753
206.9,-2481484.9157216,2321155.65000386,-270916.451821665,-330.318073316017,-445.885639539725,-37.491655610401
206.95,-2481501.42695536,2321133.35756329,-270918.32583956,-330.128958486957,-445.808305494318,-37.4689278311137
207,-2481517.92816986,2321111.06964809,-270920.198631481,-329.918890128416,-445.706577223643,-37.4439460468308
207.05,-2481534.41950222,2321088.78612161,-270922.070254594,-329.727021950181,-445.626845434683,-37.4192891225528
207.1,-2481550.9009647,2321066.50693267,-270923.940659612,-329.525483068745,-445.531616952919,-37.396815087564
207.15,-2481567.37251572,2321044.23210473,-270925.809865389,-329.332291440994,-445.453643921685,-37.3722418246814
207.2,-2481583.83426879,2321021.96161174,-270927.677912254,-329.140568558546,-445.370855904443,-37.3476002257762
207.25,-2481600.28609076,2320999.6956588,-270929.544712927,-328.934117729153,-445.268064985492,-37.3236219149264
207.3,-2481616.72810746,2320977.4340945,-270931.410339852,-328.737043475155,-445.181230729907,-37.301356514779
207.35,-2481633.16039852,2320955.17675153,-270933.274758206,-328.550807449725,-445.108450339555,-37.2761888307806
207.4,-2481649.58279089,2320932.9238794,-270935.137968576,-328.355455042089,-445.022492029547,-37.2521076912987
207.45,-2481665.9954626,2320910.67528595,-270936.999975051,-328.161178457267,-444.933353859533,-37.2292186987723
207.5,-2481682.39832019,2320888.43114516,-270938.860771231,-327.96406357885,-444.844950820368,-37.2043222534656
207.55,-2481698.79141189,2320866.19142192,-270940.720354218,-327.758609193417,-444.744055467809,-37.17852785666
207.6,-2481715.17473474,2320843.95604894,-270942.578712117,-327.564445368622,-444.657998709577,-37.1544232164536
207.65,-2481731.54844157,2320821.72489848,-270944.435887225,-327.380946592094,-444.585510786565,-37.1313590718103
207.7,-2481747.91236739,2320799.49816775,-270946.291861204,-327.174679664421,-444.483409706688,-37.1079859270937
207.75,-2481764.26663824,2320777.275756,-270948.146619528,-326.992790904483,-444.410187042669,-37.0836646300882
207.8,-2481780.61113681,2320755.05779983,-270950.000147,-326.794606377963,-444.316334593883,-37.0593619998805
207.85,-2481796.9459633,2320732.84416774,-270951.852469469,-326.606627048052,-444.236650253818,-37.0355491962987
207.9,-2481813.2711453,2320710.63480293,-270953.70361788,-326.411912842968,-444.151001718374,-37.0099106058677
207.95,-2481829.58664557,2320688.42972118,-270955.553537578,-326.218821865315,-444.065077318126,-36.9871227627705
208,-2481845.89249567,2320666.229039,-270957.40224371,-326.015747070387,-443.963576656734,-36.9609408665168
208.05,-2481862.18864529,2320644.03276489,-270959.249738858,-325.822795319627,-443.877179296392,-36.9373574652237
208.1,-2481878.47522402,2320621.84071285,-270961.096030562,-325.637875900186,-443.80480493452,-36.9142815019687
208.15,-2481894.75205329,2320599.6530373,-270962.941107829,-325.435476431438,-443.706219800866,-36.8884558787888
208.2,-2481911.01937632,2320577.46949643,-270964.784994163,-325.243927322878,-443.61816713748,-36.8670260810954
208.25,-2481927.27697563,2320555.29042472,-270966.627675195,-325.060741776409,-443.544289540249,-36.841813597021
208.3,-2481943.52493882,2320533.11566099,-270968.469128203,-324.855910991094,-443.444712325818,-36.8158245749315
208.35,-2481959.76329606,2320510.9451738,-270970.30937723,-324.675136499766,-443.372840311082,-36.7942834351018
208.4,-2481975.99206728,2320488.77891606,-270972.148435775,-324.484088522382,-443.288044282749,-36.7704587715783
208.45,-2481992.21113406,2320466.61700054,-270973.986309905,-324.289923065771,-443.202192485335,-36.7457522716902
208.5,-2482008.42060424,2320444.45933127,-270975.822991934,-324.08717405432,-443.101181095112,-36.7200700847819
208.55,-2482024.62044541,2320422.30607441,-270977.658437332,-323.903690326882,-443.026459419521,-36.6966972571535
208.6,-2482040.810611,2320400.15708346,-270979.492702256,-323.702210975569,-442.931111915483,-36.6728348458908
208.65,-2482056.99116564,2320378.01235645,-270981.32576252,-323.514920242559,-442.851946805597,-36.6494636538329
208.7,-2482073.16213015,2320355.87179139,-270983.157633806,-323.328260746958,-442.773887149497,-36.6254568545699
208.75,-2482089.32337638,2320333.73562488,-270984.988292087,-323.135251132623,-442.687409673457,-36.6016696229847
208.8,-2482105.47500381,2320311.60373715,-270986.817765333,-322.942272860334,-442.601062199761,-36.5784281904933
208.85,-2482121.61702141,2320289.47608673,-270988.646035352,-322.74217990912,-442.509330856655,-36.5536027188113
208.9,-2482137.74934985,2320267.35272727,-270990.473135657,-322.54427642455,-442.419557338208,-36.5296021206976
208.95,-2482153.87206562,2320245.23349299,-270992.299046693,-322.358356456383,-442.341360130206,-36.5067962514194
209,-2482169.98511804,2320223.1185261,-270994.123757545,-322.168604816794,-442.26247977705,-36.482435420081
209.05,-2482186.08847628,2320201.00787932,-270995.947267594,-321.968997988697,-442.16989699164,-36.458597259449
209.1,-2482202.18210422,2320178.90156554,-270997.769596373,-321.770335286048,-442.078630444426,-36.4337603911929
209.15,-2482218.26613726,2320156.79934918,-270999.590739022,-321.58908544234,-442.008868253243,-36.4126123809894
209.2,-2482234.34038308,2320134.70141294,-271001.410682209,-321.392959406987,-441.923707200785,-36.3882295138836
209.25,-2482250.40504973,2320112.60757045,-271003.229464993,-321.210415463599,-441.854437353395,-36.3645642678788
209.3,-2482266.45988655,2320090.51811491,-271005.047045286,-321.001886266473,-441.747077029695,-36.3399584531968
209.35,-2482282.5050448,2320068.43289258,-271006.863444612,-320.801748328869,-441.657702099588,-36.3164632350809
209.4,-2482298.54044259,2320046.35189214,-271008.678661389,-320.609863422918,-441.579217048283,-36.2913953257853
209.45,-2482314.56608814,2320024.27502165,-271010.492688175,-320.411329783487,-441.490370844874,-36.2687767669507
209.5,-2482330.58208661,2320002.2022572,-271012.305561156,-320.221455063162,-441.413298182585,-36.2462105778652
209.55,-2482346.58826006,2319980.13379816,-271014.117236658,-320.019933088138,-441.319644174765,-36.2204362695449
209.6,-2482362.5847094,2319958.0695182,-271015.927724957,-319.834000311059,-441.248254234544,-36.1980168948597
209.65,-2482378.57128237,2319936.00950701,-271017.737033439,-319.629981793015,-441.153463105966,-36.1739280196935
209.7,-2482394.54818473,2319913.95349455,-271019.545157828,-319.444243090063,-441.083604465449,-36.1505893406189
209.75,-2482410.51521187,2319891.90172919,-271021.352111589,-319.23785425077,-440.987003312973,-36.1256939087779
209.8,-2482426.47245521,2319869.85415396,-271023.157874671,-319.040144194725,-440.902206707633,-36.1021165351444
209.85,-2482442.41986313,2319847.8107842,-271024.962455566,-318.855026218138,-440.831593028895,-36.079749201913
209.9,-2482458.35743389,2319825.7716357,-271026.765851688,-318.649527847341,-440.735095011228,-36.0558319367182
209.95,-2482474.28520338,2319803.73648891,-271028.568066532,-318.46218468496,-440.666889800279,-36.0334474796564
210,-2482490.20312127,2319781.70549582,-271030.369117575,-318.254080048596,-440.571092289668,-36.0085570498971
210.05,-2482506.11116624,2319759.67873677,-271032.168997757,-318.062993642621,-440.493606670661,-35.9856261798858
210.1,-2482522.0093647,2319737.65608249,-271033.967662921,-317.870146524137,-440.417514756901,-35.9617025332565
210.15,-2482537.89762533,2319715.63767587,-271035.765144691,-317.666809613175,-440.328414716123,-35.9373813363284
210.2,-2482553.77612469,2319693.62324947,-271037.561448041,-317.474878809794,-440.253635760008,-35.9152137372687
210.25,-2482569.64468066,2319671.61300787,-271039.356588347,-317.276869759342,-440.168984421836,-35.8918889543706
210.3,-2482585.50335373,2319649.60686199,-271041.150554271,-317.07877570785,-440.087693369938,-35.8677255243822
210.35,-2482601.35210011,2319627.60490292,-271042.943316812,-316.876738524299,-439.996532247325,-35.8429018617785
210.4,-2482617.19094485,2319605.60709059,-271044.734875748,-316.682394766485,-439.920940647021,-35.8186336166301
210.45,-2482633.01986021,2319583.61337222,-271046.525242822,-316.478366115702,-439.831640671256,-35.7957138161325
210.5,-2482648.83889185,2319561.62371265,-271048.314441553,-316.277408168811,-439.746555754997,-35.7724131671799
210.55,-2482664.64804693,2319539.63811052,-271050.10246019,-316.087209868668,-439.674532726985,-35.7482134150974
210.6,-2482680.44721029,2319517.65681498,-271051.889244879,-315.889192101851,-439.591806329646,-35.7247240090024
210.65,-2482696.23648007,2319495.67955542,-271053.67486104,-315.686947595347,-439.504189337001,-35.7011113557651
210.7,-2482712.01580003,2319473.70635854,-271055.459262802,-315.487779284682,-439.425142583369,-35.6761884746462
210.75,-2482727.78516452,2319451.73722264,-271057.242457316,-315.292933293376,-439.349606014927,-35.6522853387951
210.8,-2482743.5445605,2319429.77215578,-271059.024455434,-315.084012638005,-439.254087692311,-35.6276093834416
210.85,-2482759.29408552,2319407.8112015,-271060.80522185,-314.895789804695,-439.184236041844,-35.6043026202317
210.9,-2482775.03362058,2319385.85440235,-271062.584790039,-314.695913541154,-439.099953055959,-35.5791294718892
210.95,-2482790.7632454,2319363.90161344,-271064.363135672,-314.48679047488,-439.008051477716,-35.5549576687991
211,-2482806.48292822,2319341.95286907,-271066.140290771,-314.294162512962,-438.933545046988,-35.530443759193
211.05,-2482822.19265591,2319320.00824043,-271067.916237988,-314.09078278906,-438.84489145767,-35.5057550212316
211.1,-2482837.89253361,2319298.06763108,-271069.690956583,-313.896128565771,-438.767273598337,-35.4819315632621
211.15,-2482853.58234861,2319276.13127285,-271071.464438015,-313.691817233151,-438.681520849301,-35.457754916037
211.2,-2482869.26234822,2319254.19880698,-271073.236726775,-313.504421414758,-438.615290322521,-35.4342990145745
211.25,-2482884.93239827,2319232.27040119,-271075.007770949,-313.307443826908,-438.534208022068,-35.4090456247943
211.3,-2482900.5925588,2319210.34601157,-271076.777599852,-313.10917991453,-438.451740105474,-35.3846678769364
211.35,-2482916.24277968,2319188.42577783,-271078.546199069,-312.909395242831,-438.36946978347,-35.3592257661464
211.4,-2482931.88308184,2319166.50964302,-271080.31354854,-312.701738076425,-438.276266727987,-35.3339659315314
211.45,-2482947.5134655,2319144.59753727,-271082.079668201,-312.504976762421,-438.196712098303,-35.3095984735268
211.5,-2482963.13408036,2319122.68929212,-271083.84454822,-312.318343750081,-438.13016520687,-35.2858566660747
211.55,-2482978.74472675,2319100.78519171,-271085.608214816,-312.108871824925,-438.035019108117,-35.2596684587997
211.6,-2482994.34556028,2319078.88510366,-271087.370615759,-311.921636585709,-437.96552449004,-35.2352215539242
211.65,-2483009.93641622,2319056.98920398,-271089.13176336,-311.725452180951,-437.885176807335,-35.2105662174086
211.7,-2483025.51751355,2319035.09722564,-271090.891674642,-311.519247781917,-437.792362672275,-35.1853601845581
211.75,-2483041.08877729,2319013.20921445,-271092.650330303,-311.331638753975,-437.726192501393,-35.1600895781744
211.8,-2483056.65021053,2318991.32520655,-271094.407730015,-311.125030310342,-437.63172584415,-35.1352815562348
211.85,-2483072.20181745,2318969.44531681,-271096.16387538,-310.934701826613,-437.557712019047,-35.1109729316692
211.9,-2483087.74362529,2318947.56946051,-271097.918755963,-310.742096251171,-437.48222569909,-35.0850229380546
211.95,-2483103.27566101,2318925.69758132,-271099.67236947,-310.546933269453,-437.403000763611,-35.0599170258442
212,-2483118.79790867,2318903.82971938,-271101.424736388,-310.349488779593,-437.319102454848,-35.0344833816258
212.05,-2483134.31047812,2318881.96571458,-271103.175849737,-310.158716833255,-437.247456674981,-35.0103060305021
212.1,-2483149.81320618,2318860.10584262,-271104.925664378,-309.963657177627,-437.163881882455,-34.9843580432262
212.15,-2483165.30616194,2318838.25000563,-271106.674188387,-309.756899893231,-437.069711935098,-34.9572541565579
212.2,-2483180.78945118,2318816.39811426,-271108.421446124,-309.575556778626,-437.00624276784,-34.9327384242516
212.25,-2483196.26306836,2318794.55014677,-271110.167425764,-309.370668486344,-436.914604260071,-34.9070816809327
212.3,-2483211.72700507,2318772.70617178,-271111.912126709,-309.181906121897,-436.839185231397,-34.8813608705659
212.35,-2483227.18127659,2318750.86616165,-271113.655550998,-308.982444174639,-436.751863829302,-34.8544800569239
212.4,-2483242.62582297,2318729.03029401,-271115.397680703,-308.795403007204,-436.677607741777,-34.8293817841954
212.45,-2483258.06077292,2318707.19834512,-271117.138518329,-308.607151885903,-436.605277515051,-34.80399302602
212.5,-2483273.48610206,2318685.37033829,-271118.878075527,-308.409595690385,-436.520827569106,-34.7771313750977
212.55,-2483288.90181525,2318663.5462611,-271120.616343082,-308.222984625983,-436.447803837872,-34.7529909215677
212.6,-2483304.30791615,2318641.72623186,-271122.3533107,-308.034661280022,-436.372260677732,-34.7266549166358
212.65,-2483319.7043976,2318619.9103031,-271124.088972284,-307.83856871083,-436.286242473571,-34.6992392314402
212.7,-2483335.09138922,2318598.09824621,-271125.823321226,-307.642962229689,-436.201218860978,-34.6749107066002
212.75,-2483350.46882221,2318576.29015645,-271127.556396676,-307.449283532785,-436.116406465367,-34.648973228239
212.8,-2483365.83670689,2318554.48597827,-271129.288149865,-307.261694861993,-436.041757797238,-34.6235301455047
212.85,-2483381.19504851,2318532.68585107,-271131.018630645,-307.066799065783,-435.95579097598,-34.5961323802685
212.9,-2483396.54394669,2318510.88967156,-271132.747791754,-306.887446291992,-435.889751799157,-34.5699262441458
212.95,-2483411.88332148,2318489.09753597,-271134.475638813,-306.688888842454,-435.796743547027,-34.5440568204149
213,-2483427.21330021,2318467.30922267,-271136.202169151,-306.50872484054,-435.730059923755,-34.5177824122151
213.05,-2483442.53376686,2318445.5249405,-271137.927401316,-306.320540987182,-435.65404236192,-34.4920615939524
213.1,-2483457.84488511,2318423.7444758,-271139.651346153,-306.131164634847,-435.574325659541,-34.4658646665265
213.15,-2483473.14647637,2318401.96818206,-271141.373953159,-305.944198322056,-435.49303285893,-34.4408967383052
213.2,-2483488.4386887,2318380.19579883,-271143.095253774,-305.744626495572,-435.401672222934,-34.4124618092672
213.25,-2483503.72152579,2318358.42731161,-271144.815238531,-305.56162458367,-435.331495402369,-34.3865230715866
213.3,-2483518.99495867,2318336.66272658,-271146.533908724,-305.371221575456,-435.245396915403,-34.3598058763328
213.35,-2483534.25907855,2318314.9020051,-271148.251283295,-305.188900914261,-435.174328425367,-34.3346922995104
213.4,-2483549.5138641,2318293.14529019,-271149.967347144,-305.006096490467,-435.100083394232,-34.3090320557852
213.45,-2483564.75922556,2318271.39258056,-271151.682076392,-304.81980343319,-435.021197874125,-34.2819501797267
213.5,-2483579.99528582,2318249.6437731,-271153.395495465,-304.624537952915,-434.932179991267,-34.2548029391042
213.55,-2483595.22210407,2318227.89878135,-271155.107605958,-304.443610043622,-434.860865972497,-34.2295426267211
213.6,-2483610.43957134,2318206.15773126,-271156.818412828,-304.252035663121,-434.77665495174,-34.203318512818
213.65,-2483625.6476945,2318184.42070341,-271158.527888002,-304.064503677598,-434.694389271837,-34.1769447817378
213.7,-2483640.84658729,2318162.68757149,-271160.236051448,-303.889037136758,-434.628158102367,-34.150517946624
213.75,-2483656.03617589,2318140.95835856,-271161.942900743,-303.694566429226,-434.539701103916,-34.1239105708604
213.8,-2483671.21654218,2318119.23296875,-271163.648443315,-303.518680820489,-434.475196542556,-34.0988436151441
213.85,-2483686.38762126,2318097.51151202,-271165.352673067,-303.329000750777,-434.38920570074,-34.0710638415049
213.9,-2483701.54940578,2318075.79406638,-271167.055581427,-303.143191580878,-434.308445236275,-34.0450565082911
213.95,-2483716.7019896,2318054.08048614,-271168.757173465,-302.962468369587,-434.23853798421,-34.0174400096794
214,-2483731.8452771,2318032.37083819,-271170.457453533,-302.779079064973,-434.161994878107,-33.9935337541237
214.05,-2483746.97943676,2318010.66494426,-271172.156426554,-302.595359630918,-434.085100584309,-33.9666823499697
214.1,-2483762.10428849,2317988.96301354,-271173.854102281,-302.406017673178,-433.999270093953,-33.9391549275033
214.15,-2483777.21991905,2317967.26505067,-271175.550442603,-302.215332260406,-433.913092833845,-33.9137301570505
214.2,-2483792.32630238,2317945.5709956,-271177.245461734,-302.036513003637,-433.842898732341,-33.8870970256197
214.25,-2483807.42353806,2317923.88072095,-271178.93917126,-301.857189754936,-433.771435532586,-33.8615328288708
214.3,-2483822.51154651,2317902.19433311,-271180.631582954,-301.668146691915,-433.68982858002,-33.8358412445289
214.35,-2483837.59030175,2317880.51182012,-271182.322680353,-301.478945347465,-433.604160512705,-33.8083610907611
214.4,-2483852.65986911,2317858.83318847,-271184.012476736,-301.302455109519,-433.538924844154,-33.7821612049613
214.45,-2483867.72014358,2317837.15853842,-271185.70094666,-301.11955969543,-433.46062568496,-33.7573908211431
214.5,-2483882.77127131,2317815.48765885,-271187.38812595,-300.934829643511,-433.382824862538,-33.7305324274624
214.55,-2483897.81319094,2317793.82066862,-271189.073984414,-300.750995656495,-433.307909059286,-33.7059792312818
214.6,-2483912.84588026,2317772.1575026,-271190.758569116,-300.557186722945,-433.21841877078,-33.6784248919593
214.65,-2483927.86929137,2317750.49829076,-271192.441824996,-300.372675256843,-433.138707375304,-33.6512354507536
214.7,-2483942.88356669,2317728.84288616,-271194.123777328,-300.196345832716,-433.072035336771,-33.6263107583889
214.75,-2483957.88856407,2317707.19139497,-271195.804437917,-300.008533210566,-432.99103594292,-33.5993961218041
214.8,-2483972.88437267,2317685.54366194,-271197.483772603,-299.820127782105,-432.911010624894,-33.5734354124552
214.85,-2483987.87086208,2317663.89983244,-271199.161823122,-299.634715023384,-432.833382018513,-33.5478344533333
214.9,-2484002.84813359,2317642.25988726,-271200.838571056,-299.458751990961,-432.768272437127,-33.5230430902793
214.95,-2484017.81619781,2317620.62379065,-271202.514014335,-299.26851343854,-432.684298306922,-33.4970374728356
215,-2484032.77494864,2317598.99156612,-271204.188155816,-299.078607958309,-432.601344860018,-33.47011296336
215.05,-2484047.72446598,2317577.36312963,-271205.861011882,-298.893857940447,-432.525236594764,-33.4433393468594
215.1,-2484062.66475575,2317555.73844306,-271207.532560109,-298.717103518835,-432.461786455539,-33.4185322735007
215.15,-2484077.59576197,2317534.1176217,-271209.202817274,-298.534407984415,-432.387944320364,-33.3919359375878
215.2,-2484092.51742704,2317512.50078166,-271210.871764119,-298.346209618271,-432.30511221241,-33.3671975146108
215.25,-2484107.42986279,2317490.88772513,-271212.539420376,-298.150244242835,-432.216175179162,-33.3398423789986
215.3,-2484122.33294473,2317469.27846683,-271214.205779508,-297.963935537653,-432.141829642437,-33.3143718270805
215.35,-2484137.22676522,2317447.67298715,-271215.870839783,-297.777005844662,-432.064778444564,-33.2880816003349
215.4,-2484152.1112754,2317426.07130632,-271217.534627148,-297.597345615276,-431.993424426804,-33.2628219814895
215.45,-2484166.98650765,2317404.47346857,-271219.197114485,-297.414619208242,-431.922557620827,-33.2373634462873
215.5,-2484181.85230268,2317382.87952486,-271220.858287878,-297.22759030205,-431.847037588494,-33.2106190136771
215.55,-2484196.70883681,2317361.2893174,-271222.518181394,-297.029673024047,-431.75890569146,-33.1849155356895
215.6,-2484211.55602834,2317339.70283215,-271224.176765059,-296.854872925818,-431.697034429858,-33.160019091783
215.65,-2484226.39383435,2317318.12021782,-271225.834077857,-296.657994796895,-431.607179798569,-33.1318117466889
215.7,-2484241.22228383,2317296.54144407,-271227.49007605,-296.474005165524,-431.536757000584,-33.1063739533176
215.75,-2484256.04134834,2317274.96645749,-271229.144789509,-296.291796026599,-431.468403019681,-33.0824486608519
215.8,-2484270.85105729,2317253.39523621,-271230.798216607,-296.105736577027,-431.393212528983,-33.0570060449728
215.85,-2484285.65134683,2317231.82778377,-271232.450360147,-295.917210953372,-431.318101232375,-33.0303739550827
215.9,-2484300.44226893,2317210.26404788,-271234.101210638,-295.723455602418,-431.236472400231,-33.0036684614325
215.95,-2484315.22375285,2317188.70419102,-271235.750747842,-295.530565698569,-431.151283578858,-32.9775076530149
216,-2484329.99583321,2317167.14816486,-271237.398979824,-295.343435266139,-431.075810652969,-32.9520002563562
216.05,-2484344.75847283,2317145.59592411,-271239.045940526,-295.154135848311,-431.001454010314,-32.9253983840632
216.1,-2484359.51172137,2317124.04727396,-271240.691585717,-294.973506655859,-430.940523280618,-32.9009049894625
216.15,-2484374.25543035,2317102.50253491,-271242.335945254,-294.77636411436,-430.850845001318,-32.8730585596014
216.2,-2484388.98977545,2317080.96153786,-271243.979012826,-294.595601131026,-430.785220628274,-32.8494249395002
216.25,-2484403.71461282,2317059.42441424,-271245.620767175,-294.397955039964,-430.70082619938,-32.8222675875255
216.3,-2484418.43005983,2317037.89095824,-271247.26123856,-294.218997390852,-430.638278492505,-32.797282891537
216.35,-2484433.13598098,2317016.36132896,-271248.900407578,-294.020770943626,-430.550455644821,-32.770923533124
216.4,-2484447.83243294,2316994.83541454,-271250.538298169,-293.829277346575,-430.474582348337,-32.7443216423967
216.45,-2484462.51942899,2316973.31325712,-271252.174856449,-293.649015975031,-430.409300050472,-32.7186937529956
216.5,-2484477.19676026,2316951.79504535,-271253.810099883,-293.449243761202,-430.323378810487,-32.6915908731752
216.55,-2484491.86479879,2316930.28035422,-271255.444035799,-293.268596350487,-430.259963536148,-32.666119384215
216.6,-2484506.52327034,2316908.76945118,-271257.076683149,-293.068682338196,-430.175960221577,-32.6391794506079
216.65,-2484521.17220455,2316887.26228313,-271258.708010519,-292.880489754618,-430.100687869483,-32.6140337408524
216.7,-2484535.8116648,2316865.75891303,-271260.338034604,-292.688676163471,-430.023249726181,-32.5869380358973
216.75,-2484550.44166137,2316844.25924203,-271261.966747936,-292.508323620682,-429.961052708981,-32.5619313341479
216.8,-2484565.06209276,2316822.76336988,-271263.594146828,-292.308416342675,-429.875543860817,-32.5329745439565
216.85,-2484579.67307004,2316801.27112228,-271265.22022583,-292.129011154263,-429.811567940624,-32.5098415481038
216.9,-2484594.2743928,2316779.78270842,-271266.845028729,-291.935631312587,-429.73770504193,-32.4850375505587
216.95,-2484608.86628058,2316758.29793674,-271268.468548668,-291.737237049924,-429.650265321208,-32.45337284817
217,-2484623.44854789,2316736.81693147,-271270.090779522,-291.553681017413,-429.587701051716,-32.431537974587
217.05,-2484638.02129365,2316715.33966268,-271271.711698624,-291.352451269635,-429.501978394549,-32.4038566354762
217.1,-2484652.5844997,2316693.86603341,-271273.331327778,-291.169521191852,-429.434399125856,-32.3790899407426
217.15,-2484667.13809157,2316672.39611414,-271274.949671685,-290.9739295044,-429.355470309649,-32.3568997895003
217.2,-2484681.68226335,2316650.92981177,-271276.566756052,-290.787849592018,-429.287749417628,-32.3254800180787
217.25,-2484696.21686978,2316629.46722828,-271278.182527779,-290.590487732875,-429.205961825797,-32.3013277353005
217.3,-2484710.74201765,2316608.00826685,-271279.796991998,-290.411770347711,-429.147827562578,-32.2765458704027
217.35,-2484725.25756318,2316586.55301705,-271281.410139691,-290.22177521004,-429.076716757659,-32.2506357254988
217.4,-2484739.76362987,2316565.10132137,-271283.021951155,-290.026627509056,-428.996169420548,-32.2241222043765
217.45,-2484754.26023918,2316543.65328899,-271284.632508915,-289.841834078548,-428.929321837853,-32.1974609194912
217.5,-2484768.74728852,2316522.20901931,-271286.241735053,-289.64204879135,-428.842076036882,-32.1710949426102
217.55,-2484783.22479037,2316500.76845447,-271287.849651285,-289.449652287109,-428.767999056658,-32.1442087092073
217.6,-2484797.69284664,2316479.33141058,-271289.456246085,-289.269427193924,-428.709224853965,-32.119232853134
217.65,-2484812.15130362,2316457.89808809,-271291.061532439,-289.071467469511,-428.626854211621,-32.0928930960879
217.7,-2484826.60037304,2316436.46825731,-271292.665549206,-288.884870820502,-428.55719434758,-32.0673576437202
217.75,-2484841.03987071,2316415.04229839,-271294.268262752,-288.691286359308,-428.477820696195,-32.0411245867643
217.8,-2484855.46988804,2316393.6199724,-271295.86964185,-288.50037336967,-428.404854412699,-32.0132161972413
217.85,-2484869.8903111,2316372.20136321,-271297.46973218,-288.311786524081,-428.329989198449,-31.988425934505
217.9,-2484884.30130478,2316350.78628474,-271299.068524897,-288.11913492579,-428.257374426735,-31.9657050147545
217.95,-2484898.70284293,2316329.37484344,-271300.666084166,-287.934484391782,-428.190937976584,-31.9348000650207
218,-2484913.09479132,2316307.96708989,-271302.262338849,-287.739714276027,-428.111529314924,-31.9133030068994
218.05,-2484927.4772415,2316286.56308143,-271303.857333793,-287.554221103312,-428.044402209464,-31.8855902155889
218.1,-2484941.85031973,2316265.16261922,-271305.451020919,-287.367787837985,-427.97942252451,-31.860267637972
218.15,-2484956.21389408,2316243.76576585,-271307.043436885,-287.176265089846,-427.900119994,-31.835351094714
218.2,-2484970.56805385,2316222.37253757,-271308.634566042,-286.986475935992,-427.822702432936,-31.8095941207348
218.25,-2484984.91282063,2316200.982848,-271310.224421732,-286.804982498458,-427.761059945672,-31.7839454576326
218.3,-2484999.24805886,2316179.5969241,-271311.812934771,-286.616557562697,-427.6891849438,-31.7579732511061
218.35,-2485013.57395025,2316158.21453299,-271313.400191272,-286.428546841717,-427.618600099424,-31.7338963341143
218.4,-2485027.89040749,2316136.83579508,-271314.986152765,-286.239371730394,-427.545710351564,-31.7062531436632
218.45,-2485042.19747653,2316115.46053878,-271316.570823875,-286.04284040876,-427.461525971673,-31.6799622704101
218.5,-2485056.49514513,2316094.08899401,-271318.154259644,-285.855307945338,-427.389276823851,-31.6547765391011
218.55,-2485070.78347411,2316072.72106289,-271319.736381846,-285.668399503488,-427.316780748315,-31.6292088986968
218.6,-2485085.06245694,2316051.35670575,-271321.317229603,-285.48642357256,-427.25121619644,-31.6045503454828
218.65,-2485099.33212259,2316029.99588348,-271322.896794936,-285.303125427116,-427.185740411968,-31.5784091568856
218.7,-2485113.59241483,2316008.63869827,-271324.475052679,-285.117498498271,-427.114819492583,-31.551736157218
218.75,-2485127.84337263,2315987.28511052,-271326.052063879,-284.91994938352,-427.027195435122,-31.5270360026549
218.8,-2485142.08503208,2315965.93514395,-271327.627795609,-284.744699318191,-426.968443353689,-31.5024739888796
218.85,-2485156.3173447,2315944.58881245,-271329.202225226,-284.548192358958,-426.883855410468,-31.4754851532588
218.9,-2485170.54033546,2315923.24603932,-271330.775368415,-284.368525618481,-426.820733228833,-31.4506276978113
218.95,-2485184.75411806,2315901.90683342,-271332.347260377,-284.177955764137,-426.740422731895,-31.424807419582
219,-2485198.95866175,2315880.57111502,-271333.917860971,-283.99712690751,-426.675823310006,-31.3988100908318
219.05,-2485213.15387777,2315859.23918145,-271335.48715673,-283.809508849529,-426.597992813331,-31.3732355307712
219.1,-2485227.3399505,2315837.91073182,-271337.055191664,-283.623425019683,-426.527332910479,-31.3483864239734
219.15,-2485241.51671376,2315816.58596005,-271338.621940746,-283.441122987427,-426.455583824123,-31.3216450012506
219.2,-2485255.68437342,2315795.26461403,-271340.187448531,-283.26516810392,-426.397300070936,-31.2972504504668
219.25,-2485269.84279255,2315773.94692343,-271341.751680078,-283.080076845708,-426.325953323269,-31.2721122223211
219.3,-2485283.99200423,2315752.63282657,-271343.314608498,-282.892509229447,-426.246511539682,-31.2467311138404
219.35,-2485298.1320536,2315731.32239924,-271344.876260908,-282.715062396182,-426.179503465274,-31.2201281588088
219.4,-2485312.26297865,2315710.01550078,-271346.436639863,-282.532375039796,-426.109575478008,-31.1939038024509
219.45,-2485326.38483052,2315688.71210421,-271347.995750191,-282.343821694052,-426.031902493934,-31.1685538689107
219.5,-2485340.49751979,2315667.4122174,-271349.553580393,-282.166718501379,-425.966532095171,-31.1445108067194
219.55,-2485354.60113156,2315646.11600037,-271351.110129408,-281.981360200781,-425.886560197455,-31.1186406776478
219.6,-2485368.69562833,2315624.8234726,-271352.665414279,-281.79411585792,-425.808554486983,-31.0921724238507
219.65,-2485382.78109639,2315603.5343944,-271354.21937035,-281.622963405013,-425.752183962661,-31.0664169691237
219.7,-2485396.85749436,2315582.24892087,-271355.772066962,-281.442725040959,-425.680119730406,-31.0420408464774
219.75,-2485410.92486561,2315560.96692487,-271357.323512947,-281.257216057301,-425.603418301477,-31.0154312396072
219.8,-2485424.98318519,2315539.68862683,-271358.873657756,-281.070723548572,-425.522322907513,-30.9887297121594
219.85,-2485439.03252578,2315518.41391541,-271360.422530888,-280.890581138716,-425.451348823349,-30.9633087755207
219.9,-2485453.07280993,2315497.1428323,-271361.970095182,-280.712146505678,-425.38166343474,-30.9389654979594
219.95,-2485467.10423262,2315475.8751422,-271363.516406751,-280.54383028864,-425.323136774004,-30.9143906650317
220,-2485481.12662371,2315454.61105726,-271365.061424439,-280.355437186874,-425.240127641436,-30.8870840567186
220.05,-2485495.14010505,2315433.35053152,-271366.605170277,-280.18436720241,-425.180055120837,-30.8623359228877
220.1,-2485509.14459149,2315412.09372161,-271368.147634205,-280.004983287601,-425.107416128871,-30.8369446975856
220.15,-2485523.14020254,2315390.84038772,-271369.68881385,-279.82689159607,-425.036479543008,-30.810725963864
220.2,-2485537.12683536,2315369.59064582,-271371.228690319,-279.648325139432,-424.96719360675,-30.7856033568498
220.25,-2485551.10461992,2315348.34439208,-271372.767313731,-279.46138367665,-424.883887129252,-30.7582446262562
220.3,-2485565.07346974,2315327.10174759,-271374.304628669,-279.288993020678,-424.817002388339,-30.7340969785404
220.35,-2485579.03341125,2315305.86279576,-271375.840678705,-279.105979895812,-424.737959195867,-30.7084555853557
220.4,-2485592.98454043,2315284.62732672,-271377.375434312,-278.933527151809,-424.672717814865,-30.6821617828444
220.45,-2485606.92681547,2315263.39531136,-271378.908917159,-278.759529710016,-424.607962794404,-30.6571854148209
220.5,-2485620.86024495,2315242.16688123,-271380.441135852,-278.577369406611,-424.528499753037,-30.632572609047
220.55,-2485634.78484912,2315220.94200231,-271381.972064293,-278.407392341333,-424.468036502599,-30.6064679021222
220.6,-2485648.70051719,2315199.72084494,-271383.501713459,-278.221430474631,-424.384356853539,-30.5794604565735
220.65,-2485662.60739644,2315178.50318709,-271385.030077102,-278.055080768156,-424.323672413532,-30.5545904078111
220.7,-2485676.50554847,2315157.28898232,-271386.55717802,-277.878754322922,-424.253653529577,-30.5292105120005
220.75,-2485690.39480031,2315136.07838056,-271388.083000397,-277.7007156255,-424.184060837529,-30.5031663264704
220.8,-2485704.27523492,2315114.87129328,-271389.607529306,-277.516595188055,-424.09841276728,-30.478229995693
220.85,-2485718.1469478,2315093.66780179,-271391.130822693,-277.34985781538,-424.03898428008,-30.4520997461862
220.9,-2485732.00981199,2315072.46795942,-271392.652783957,-277.164936570111,-423.956720537043,-30.4265318570577
220.95,-2485745.86385144,2315051.27158054,-271394.173484122,-276.993196422994,-423.892800245144,-30.4013008655471
221,-2485759.70921009,2315030.07865093,-271395.692944038,-276.82178213816,-423.829232476498,-30.3768915997331
221.05,-2485773.5456926,2315008.88934802,-271397.211126562,-276.643991223039,-423.751005727593,-30.3511556949914
221.1,-2485787.37338919,2314987.70363615,-271398.728036746,-276.470184944615,-423.684197055917,-30.3253110258571
221.15,-2485801.19231491,2314966.52147572,-271400.243667427,-276.289807911499,-423.607979929377,-30.2997594329393
221.2,-2485815.00245539,2314945.34286146,-271401.758042367,-276.120285816309,-423.543749059554,-30.2761329738074
221.25,-2485828.80385947,2314924.16767866,-271403.271154434,-275.940418312717,-423.466611578329,-30.2497099554382
221.3,-2485842.59645641,2314902.99603469,-271404.783023794,-275.767861649696,-423.401021788688,-30.2250496162913
221.35,-2485856.38027483,2314881.82800936,-271406.293603739,-275.584256222015,-423.318412887277,-30.1980268929474
221.4,-2485870.15524812,2314860.66363367,-271407.802931433,-275.408505437508,-423.248227156732,-30.1731003529231
221.45,-2485883.92156106,2314839.50263719,-271409.311020586,-275.243415580738,-423.190421132257,-30.150489882856
221.5,-2485897.67898585,2314818.34523441,-271410.817852779,-275.064463971152,-423.119403033204,-30.1248066074723
221.55,-2485911.42775664,2314797.1912126,-271412.323445127,-274.889641965652,-423.049434890164,-30.098656181543
221.6,-2485925.16759595,2314776.04088323,-271413.827771749,-274.714428917031,-422.975968325382,-30.0746449489338
221.65,-2485938.89867355,2314754.89412909,-271415.330881619,-274.5291149946,-422.893689995406,-30.0499657986817
221.7,-2485952.62092295,2314733.75088595,-271416.832739467,-274.353616810451,-422.825438106966,-30.0242010422093
221.75,-2485966.33450029,2314712.61094072,-271418.333360316,-274.185662551344,-422.767822224545,-30.0004301039374
221.8,-2485980.03916303,2314691.47467397,-271419.832746306,-274.010910442715,-422.697406204805,-29.9770262547364
221.85,-2485993.73503531,2314670.3418955,-271421.33090678,-273.826339826938,-422.615144818982,-29.9507421186832
221.9,-2486007.42201944,2314649.21279954,-271422.827845266,-273.648546109344,-422.542475557781,-29.9268087372297
221.95,-2486021.10019597,2314628.08714609,-271424.323532238,-273.472141505405,-422.474325560008,-29.9013646757556
222,-2486034.76962046,2314606.96489404,-271425.818024966,-273.301019021573,-422.41042654044,-29.8788148963093
222.05,-2486048.43020006,2314585.84610116,-271427.311298024,-273.127697336448,-422.346654471388,-29.8549622423776
222.1,-2486062.08186101,2314564.73092077,-271428.80337796,-272.945732274634,-422.269522706424,-29.8296683426678
222.15,-2486075.72468973,2314543.61931602,-271430.294220885,-272.771464243644,-422.203070466931,-29.8046774673335
222.2,-2486089.35868674,2314522.51110076,-271431.783864435,-272.596159786134,-422.134673398298,-29.7807482628738
222.25,-2486102.98380296,2314501.40640134,-271433.272312212,-272.417491330614,-422.066784966312,-29.758671163148
222.3,-2486116.60003005,2314480.30511352,-271434.759566454,-272.231003527812,-421.985427598156,-29.7318399041017
222.35,-2486130.20734422,2314459.20736084,-271436.245629923,-272.05771603137,-421.918690010791,-29.7082069556407
222.4,-2486143.80575942,2314438.11319319,-271437.730491254,-271.876991808476,-421.844361575166,-29.6858128515191
222.45,-2486157.39532593,2314417.02238875,-271439.214179181,-271.700104460431,-421.781506509092,-29.6616590181833
222.5,-2486170.97598633,2314395.93496615,-271440.696691328,-271.527607689012,-421.719821511976,-29.6387698100838
222.55,-2486184.54770999,2314374.8510434,-271442.178010299,-271.3498555812,-421.650122513924,-29.6164403487283
222.6,-2486198.11052935,2314353.77059455,-271443.658188326,-271.172070068,-421.579365711551,-29.5933664441022
222.65,-2486211.66436182,2314332.69368663,-271445.137184405,-270.986707233983,-421.504338197628,-29.5665651271384
222.7,-2486225.20928472,2314311.62016999,-271446.614995814,-270.812449831681,-421.441070763078,-29.5452007476883
222.75,-2486238.7452314,2314290.5501139,-271448.091660118,-270.630051479259,-421.367290166564,-29.5218689734465
222.8,-2486252.27222033,2314269.48348502,-271449.56716242,-270.447573163281,-421.293488071646,-29.4987252200688
222.85,-2486265.79034547,2314248.42019477,-271451.041520496,-270.275650325923,-421.235183934301,-29.4754371198622
222.9,-2486279.29939003,2314227.36055476,-271452.51470762,-270.09616092653,-421.164274145203,-29.4524626940501
222.95,-2486292.79952701,2314206.30423253,-271453.98675809,-269.915585559441,-421.097284046818,-29.4287631825031
223,-2486306.2906051,2314185.25138035,-271455.457635523,-269.735759955018,-421.028385993627,-29.4061959753304
223.05,-2486319.77268992,2314164.20186002,-271456.92736924,-269.548701727061,-420.950259190391,-29.3830757072703
223.1,-2486333.24576734,2314143.15576872,-271458.395982166,-269.366545106814,-420.881713538726,-29.3611280936979
223.15,-2486346.70985639,2314122.11309909,-271459.863424611,-269.186410951162,-420.811199882156,-29.338066787251
223.2,-2486360.16490408,2314101.07394037,-271461.32976454,-269.005676594215,-420.74233992178,-29.316041691908
223.25,-2486373.61091304,2314080.03818171,-271462.79496363,-268.826150229652,-420.676626558784,-29.2916493526931
223.3,-2486387.04788009,2314059.00579012,-271464.259038479,-268.64574242041,-420.610948927528,-29.2706945548817
223.35,-2486400.47587276,2314037.97667468,-271465.72200422,-268.474785506555,-420.554449538061,-29.2479671158079
223.4,-2486413.89474875,2314016.95115614,-271467.183831737,-268.28501249109,-420.471799896589,-29.2252557289239
223.45,-2486427.30465896,2313995.92892482,-271468.644537964,-268.111421120998,-420.417215633932,-29.2028453158767
223.5,-2486440.7054655,2313974.91018462,-271470.104130773,-267.928279983297,-420.343609229993,-29.1816320280923
223.55,-2486454.09731293,2313953.89471191,-271471.562637543,-267.75144054132,-420.284047326443,-29.1580626687622
223.6,-2486467.48010444,2313932.88255777,-271473.020024806,-267.56405773868,-420.208658843336,-29.1368290807392
223.65,-2486480.85379003,2313911.87389209,-271474.47628492,-267.388137418391,-420.145646429072,-29.1139035608101
223.7,-2486494.21844423,2313890.86858941,-271475.931405089,-267.198531925416,-420.066675669406,-29.0915730313552
223.75,-2486507.57401006,2313869.86665348,-271477.385434341,-267.017398250583,-419.999781117216,-29.0697789508647
223.8,-2486520.92059097,2313848.86793914,-271478.838352577,-266.844631952063,-419.946681983915,-29.0463738167948
223.85,-2486534.25808885,2313827.8725594,-271480.290130779,-266.658015023153,-419.872496268677,-29.024213977022
223.9,-2486547.58649684,2313806.88062975,-271481.740867545,-266.483251945168,-419.809289859103,-29.0041745075581
223.95,-2486560.9058401,2313785.89214909,-271483.190496745,-266.300556475216,-419.742513559507,-28.9813195425403
224,-2486574.21615687,2313764.90696172,-271484.6390201,-266.110232274235,-419.665328261958,-28.9599074165515
224.05,-2486587.51744306,2313743.9250337,-271486.086419334,-265.938356017668,-419.609096247262,-28.9368375133403
224.1,-2486600.80963919,2313722.94642967,-271487.532736871,-265.749316868901,-419.532982003836,-28.9159494203966
224.15,-2486614.092747,2313701.97122421,-271488.977939886,-265.572710456271,-419.470181485425,-28.892963832732
224.2,-2486627.36678489,2313680.99944077,-271490.422015037,-265.387585495688,-419.396937665368,-28.8708669812202
224.25,-2486640.63188836,2313660.03092059,-271491.865025332,-265.212222356053,-419.337640460413,-28.8484489692319
224.3,-2486653.8879495,2313639.06567244,-271493.306920791,-265.018472676544,-419.252892056778,-28.8262659844951
224.35,-2486667.13499313,2313618.10369234,-271494.747755529,-264.851334078387,-419.206538679888,-28.80556358398
224.4,-2486680.37291078,2313597.14519153,-271496.18747995,-264.664127750778,-419.131019183705,-28.7822897710089
224.45,-2486693.60182504,2313576.19001585,-271497.626073631,-264.487645719369,-419.069785698733,-28.7607707539223
224.5,-2486706.82172699,2313555.23811856,-271499.063547704,-264.312363843506,-419.011601238503,-28.7392183286603
224.55,-2486720.0327024,2313534.28945691,-271500.499955457,-264.129119670334,-418.940144055671,-28.7161529135766
224.6,-2486733.23465376,2313513.34411136,-271501.935249107,-263.944243606136,-418.868431358872,-28.6953472488592
224.65,-2486746.42756855,2313492.4021022,-271503.369478973,-263.765452410313,-418.802659738785,-28.6736507740134
224.7,-2486759.61151326,2313471.46342041,-271504.802587554,-263.593550385338,-418.745756211101,-28.6512629541054
224.75,-2486772.78648411,2313450.52805233,-271506.234537921,-263.414048716012,-418.681948520012,-28.628448502712
224.8,-2486785.95244567,2313429.59597815,-271507.665385143,-263.226809928562,-418.605652761636,-28.6057499290634
224.85,-2486799.10955045,2313408.66703173,-271509.095135725,-263.057021466709,-418.553261927775,-28.5845734183618
224.9,-2486812.25764125,2313387.74150425,-271510.523791764,-262.877652828655,-418.484490417971,-28.5627904994133
224.95,-2486825.39687138,2313366.81923052,-271511.951352321,-262.708128123362,-418.43024906038,-28.5415542791392
225,-2486838.52714526,2313345.90035318,-271513.377800719,-262.51805580908,-418.3463957427,-28.517277972441
225.05,-2486851.64851306,2313324.98471561,-271514.803137856,-262.335304845669,-418.274737371545,-28.4949216167522
225.1,-2486864.76100487,2313304.07229257,-271516.22734293,-262.160829277399,-418.216381117902,-28.4723511811837
225.15,-2486877.86455948,2313283.16319109,-271517.650445854,-261.978337418985,-418.14442889432,-28.4513117266226
225.2,-2486890.95931715,2313262.25727036,-271519.072447968,-261.810602590361,-418.089906254688,-28.4282596629331
225.25,-2486904.04514286,2313241.35476387,-271520.493303089,-261.624605649281,-418.011951523139,-28.4069372973307
225.3,-2486917.12220106,2313220.45540935,-271521.913039933,-261.455135252459,-417.959136818459,-28.3839631583853
225.35,-2486930.19033556,2313199.55940199,-271523.331655126,-261.279379494176,-417.894509322195,-28.362054507427
225.4,-2486943.24974704,2313178.66652039,-271524.749158223,-261.103870999715,-417.829615836148,-28.339715802875
225.45,-2486956.30025989,2313157.77704016,-271526.165564655,-260.926256192754,-417.761759105766,-28.3163046072144
225.5,-2486969.34200849,2313136.89083546,-271527.580803088,-260.742567539394,-417.685112164259,-28.2931022965525
225.55,-2486982.37498137,2313116.00790021,-271528.994912922,-260.571064422615,-417.6258884462,-28.272312557078
225.6,-2486995.39916358,2313095.12818226,-271530.407897986,-260.383043705548,-417.544968634099,-28.2481650321476
225.65,-2487008.4146142,2313074.25163159,-271531.819730784,-260.221781264414,-417.497517974659,-28.2264543166203
225.7,-2487021.42134556,2313053.37834813,-271533.230436683,-260.050540343791,-417.438180249539,-28.2028169412517
225.75,-2487034.41929707,2313032.50843365,-271534.640024326,-259.880242047732,-417.37709435421,-28.1806020871045
225.8,-2487047.40853085,2313011.64178612,-271536.048463286,-259.695677009537,-417.295824250732,-28.1571357772069
225.85,-2487060.38917018,2312990.77825721,-271537.455785066,-259.525031771832,-417.238510759173,-28.1352258041043
225.9,-2487073.36114821,2312969.91792664,-271538.861970901,-259.356411283549,-417.178823260896,-28.1125310004803
225.95,-2487086.32434952,2312949.06093338,-271540.267002756,-259.182560177201,-417.1135913338,-28.0886783335169
226,-2487099.27892578,2312928.20721472,-271541.670890715,-259.009890115491,-417.046220252317,-28.0672965328266
226.05,-2487112.22484439,2312907.35679357,-271543.073648574,-258.831677490442,-416.976679241834,-28.0444529200877
226.1,-2487125.16218549,2312886.50954198,-271544.475268641,-258.666450206522,-416.91965923617,-28.0202392203202
226.15,-2487138.09089152,2312865.66548609,-271545.875728258,-258.48493534136,-416.843885207346,-27.9972553019439
226.2,-2487151.0109717,2312844.82473693,-271547.275059385,-258.312261246181,-416.779843038583,-27.9745168967755
226.25,-2487163.92254252,2312823.98716827,-271548.673253924,-258.149283333771,-416.724083099175,-27.9533606908327
226.3,-2487176.82548328,2312803.15298696,-271550.070270997,-257.974060942459,-416.653928172529,-27.9280481621979
226.35,-2487189.71989812,2312782.32190975,-271551.466141672,-257.803926427916,-416.589830450452,-27.9061126258968
226.4,-2487202.60575163,2312761.49408925,-271552.860883721,-257.63897132461,-416.534834097504,-27.8840334341291
226.45,-2487215.4830496,2312740.66947991,-271554.254449454,-257.463970452489,-416.465998282912,-27.8606712741064
226.5,-2487228.35181964,2312719.8481415,-271555.646876377,-257.290797938012,-416.393856856701,-27.8374813721167
226.55,-2487241.21213978,2312699.03006394,-271557.038160076,-257.126339712887,-416.333607230543,-27.8145479668853
226.6,-2487254.06390246,2312678.21524058,-271558.428277245,-256.949061034962,-416.265015807395,-27.7905960494834
226.65,-2487266.90716301,2312657.4036142,-271559.817246033,-256.777039020959,-416.195917429585,-27.768258084774
226.7,-2487279.74203801,2312636.59507995,-271561.205086034,-256.614992421763,-416.143345667072,-27.7460505532837
226.75,-2487292.56835977,2312615.78989372,-271562.591754998,-256.447172247405,-416.077041661527,-27.7230777505786
226.8,-2487305.38628252,2312594.98796532,-271563.977262566,-256.271934977948,-416.005413101037,-27.6974376595844
226.85,-2487318.19572434,2312574.18923636,-271565.361601835,-256.100272194208,-415.937629767281,-27.6752768260236
226.9,-2487330.99673292,2312553.39370921,-271566.744820424,-255.933568716714,-415.874201240741,-27.6528084420579
226.95,-2487343.7892789,2312532.601332,-271568.126870003,-255.764329203316,-415.809861118073,-27.6297681189991
227,-2487356.57347927,2312511.81210221,-271569.507819222,-255.603076663457,-415.757109520819,-27.6073905637621
227.05,-2487369.34924814,2312491.02618674,-271570.887586068,-255.434529335793,-415.692008956568,-27.5846920401238
227.1,-2487382.11659234,2312470.24347918,-271572.266215771,-255.260003363367,-415.617128205479,-27.5613473289239
227.15,-2487394.87553524,2312449.46394816,-271573.643692305,-255.09214873162,-415.553864046615,-27.5372325353633
227.2,-2487407.62609331,2312428.68753429,-271575.020029896,-254.922866150326,-415.490841134234,-27.5157996566138
227.25,-2487420.36828018,2312407.91430812,-271576.395238541,-254.762744704942,-415.436259319559,-27.4911826808134
227.3,-2487433.10212862,2312387.14425544,-271577.769305764,-254.597049347663,-415.374066572134,-27.4709847794659
227.35,-2487445.8274975,2312366.37752858,-271579.142239592,-254.42949509199,-415.310426160814,-27.4473622703026
227.4,-2487458.54456959,2312345.61382479,-271580.51402714,-254.262035592629,-415.247709983722,-27.4237136885109
227.45,-2487471.25323159,2312324.85335336,-271581.884684997,-254.092321985816,-415.183124803571,-27.4022494493015
227.5,-2487483.95357672,2312304.09596265,-271583.254224489,-253.928890495692,-415.121956274269,-27.3800053178445
227.55,-2487496.64551427,2312283.34190808,-271584.622648189,-253.75663781397,-415.051360319382,-27.3571992485594
227.6,-2487509.32906232,2312262.59100546,-271585.9899337,-253.58493168149,-414.982343572776,-27.3337872885697
227.65,-2487522.00426562,2312241.84328831,-271587.35610644,-253.422387689332,-414.924634202607,-27.3127703297739
227.7,-2487534.67115032,2312221.09862005,-271588.721158238,-253.25804288632,-414.870472331886,-27.2901950971272
227.75,-2487547.32966088,2312200.35708867,-271590.085107239,-253.081717065742,-414.794235204852,-27.2673915831913
227.8,-2487559.97979213,2312179.6187914,-271591.447912127,-252.923785182942,-414.739202812021,-27.2456435719841
227.85,-2487572.62157103,2312158.88372654,-271592.809599908,-252.756963749073,-414.675813268606,-27.2245844115206
227.9,-2487585.25493304,2312138.15181916,-271594.170189063,-252.587424888206,-414.614645034197,-27.2019492520109
227.95,-2487597.88003502,2312117.42288786,-271595.529690063,-252.421539659799,-414.551174514111,-27.1800435789579
228,-2487610.49670509,2312096.69721734,-271596.888072767,-252.254001645703,-414.488116391421,-27.1569158434757
228.05,-2487623.10500324,2312075.97473194,-271598.245361309,-252.078958049118,-414.411272449507,-27.135840456947
228.1,-2487635.70490592,2312055.25543892,-271599.601569024,-251.912708465203,-414.352808987638,-27.1121556868388
228.15,-2487648.29648952,2312034.53921104,-271600.956671773,-251.751945550403,-414.299534351294,-27.0909587867138
228.2,-2487660.87969053,2312013.82608352,-271602.310675064,-251.579757247645,-414.232500505429,-27.0693001222945
228.25,-2487673.45448753,2311993.11604186,-271603.663609905,-251.417485611633,-414.174700277345,-27.048225811281
228.3,-2487686.02090628,2311972.40921113,-271605.015479106,-251.251344917637,-414.114560703162,-27.026903039551
228.35,-2487698.578918,2311951.7055355,-271606.36626938,-251.079414639859,-414.048500094905,-27.0054296684498
228.4,-2487711.12848833,2311931.00505777,-271607.715984242,-250.904724049068,-413.973767389376,-26.9839304948353
228.45,-2487723.6697536,2311910.30758015,-271609.064618111,-250.736996752483,-413.913613217177,-26.9616156474332
228.5,-2487736.20253816,2311889.61321351,-271610.412189212,-250.571846800155,-413.856624750813,-26.9399895242789
228.55,-2487748.72695953,2311868.92196973,-271611.758697356,-250.407808829808,-413.797407774234,-26.9200644882447
228.6,-2487761.24295753,2311848.2339452,-271613.104151264,-250.240684187723,-413.734594021497,-26.8993724398753
228.65,-2487773.75047976,2311827.54903547,-271614.448533028,-250.063468359833,-413.662993259318,-26.8771738389222
228.7,-2487786.24956978,2311806.86718426,-271615.791858652,-249.898043864518,-413.606237987517,-26.8551918208831
228.75,-2487798.74023506,2311786.18843893,-271617.134150737,-249.725690283611,-413.539013205992,-26.8357175911332
228.8,-2487811.22248337,2311765.51277039,-271618.475417997,-249.56388863999,-413.487082187337,-26.8145660865907
228.85,-2487823.69621621,2311744.84033305,-271619.815612564,-249.387699552967,-413.412386137815,-26.7935866514604
228.9,-2487836.16150372,2311724.1709977,-271621.154767279,-249.221353846021,-413.356052003954,-26.7721649537956
228.95,-2487848.61833538,2311703.5047477,-271622.492884681,-249.056288113596,-413.300261268075,-26.7532697820634
229,-2487861.06671731,2311682.84156362,-271623.829983295,-248.88770260476,-413.240393158691,-26.7311546321111
229.05,-2487873.50661148,2311662.1814474,-271625.16606006,-248.717565884906,-413.176057025407,-26.7120540113982
229.1,-2487885.93794336,2311641.52454736,-271626.501065679,-248.538238244195,-413.101992983369,-26.6901653743032
229.15,-2487898.36078816,2311620.87076944,-271627.835060246,-248.37288492045,-413.045100011345,-26.6690508479142
229.2,-2487910.77515885,2311600.22002641,-271629.168041783,-248.206228299388,-412.991136093456,-26.6494124729729
229.25,-2487923.18100051,2311579.57235095,-271630.500004431,-248.03513007964,-412.927411098232,-26.6295212359235
229.3,-2487935.57829998,2311558.92781783,-271631.830972487,-247.865192218084,-412.864691343327,-26.6096668238603
229.35,-2487947.96709314,2311538.28639485,-271633.160933716,-247.690931037277,-412.796155010477,-26.5895652733409
229.4,-2487960.34730885,2311517.64813372,-271634.489883532,-247.523187194407,-412.742321457587,-26.5691042697775
229.45,-2487972.71903906,2311497.01285232,-271635.817814755,-247.34439700363,-412.668684483372,-26.5487354382242
229.5,-2487985.08221446,2311476.38062136,-271637.144740683,-247.182442001962,-412.62058150372,-26.5295096149609
229.55,-2487997.43680542,2311455.75146797,-271638.470676598,-247.002079262285,-412.545495824529,-26.5070852495686
229.6,-2488009.78284609,2311435.12543248,-271639.795607018,-246.83856144893,-412.494638291862,-26.4878557980632
229.65,-2488022.1202557,2311414.50257745,-271641.119542508,-246.658716858412,-412.421999238217,-26.4690683159732
229.7,-2488034.44908654,2311393.88277168,-271642.44248368,-246.488310081316,-412.361140357218,-26.4487902780358
229.75,-2488046.76941596,2311373.26589066,-271643.764418887,-246.322998676615,-412.310671193204,-26.4285655161904
229.8,-2488059.08105784,2311352.65220343,-271645.085363,-246.141930318078,-412.235817726937,-26.4083480302386
229.85,-2488071.38415492,2311332.04154944,-271646.405328066,-245.978850640955,-412.185958006444,-26.3892970355053
229.9,-2488083.67855919,2311311.43416658,-271647.72427721,-245.807889009924,-412.124814018617,-26.3688941774324
229.95,-2488095.96445114,2311290.82968726,-271649.042222803,-245.635680588291,-412.06307662374,-26.3495647612007
230,-2488108.24166462,2311270.22834461,-271650.359185365,-245.461346833387,-412.002873477013,-26.32899572196
230.05,-2488120.51026055,2311249.63000364,-271651.675176786,-245.281650852661,-411.930789985131,-26.3094289486161
230.1,-2488132.77021957,2311229.03478727,-271652.99019233,-245.114888366647,-411.873605070469,-26.2911929502703
230.15,-2488145.02155757,2311208.4427258,-271654.304240194,-244.936643521005,-411.806120836828,-26.2707546123543
230.2,-2488157.26432789,2311187.85360336,-271655.617286242,-244.77166277111,-411.755946159811,-26.2505782369031
230.25,-2488169.49840733,2311167.26758323,-271656.929337762,-244.592194528513,-411.686221587591,-26.2309345603614
230.3,-2488181.72392779,2311146.68448012,-271658.240405713,-244.427451537539,-411.635980869229,-26.2118793867102
230.35,-2488193.94071129,2311126.10462459,-271659.550490205,-244.254519742596,-411.573819817339,-26.1926711059558
230.4,-2488206.14891873,2311105.52783966,-271660.859586786,-244.078868461023,-411.505658632129,-26.1719666433817
230.45,-2488218.34849342,2311084.95413045,-271662.167709181,-243.906266133743,-411.446239274688,-26.1527381617387
230.5,-2488230.53943274,2311064.38341135,-271663.474829643,-243.72999575896,-411.381788790176,-26.1333035615986
230.55,-2488242.72168107,2311043.81574777,-271664.78097897,-243.55536481537,-411.320309512796,-26.1127635191016
230.6,-2488254.89535477,2311023.25107533,-271666.086148831,-243.392217581694,-411.267460222393,-26.0940081874245
230.65,-2488267.06032123,2311002.68970232,-271667.390338877,-243.214549805075,-411.198566196359,-26.0741183528374
230.7,-2488279.21668384,2310982.13131314,-271668.693540249,-243.037504341385,-411.130823141091,-26.0544774073918
230.75,-2488291.36447268,2310961.57584962,-271669.995734887,-242.871594662606,-411.083523573874,-26.034417907664
230.8,-2488303.50351974,2310941.02352415,-271671.296923544,-242.69930976573,-411.023152179774,-26.0136307504106
230.85,-2488315.63406061,2310920.47418225,-271672.597164413,-242.531404561271,-410.964830056292,-25.9957970588011
230.9,-2488327.75587989,2310899.92811111,-271673.896391824,-242.348198490237,-410.88525464381,-25.9738480394649
230.95,-2488339.86909827,2310879.3850722,-271675.194606933,-242.173387952999,-410.825004977985,-25.954516213785
231,-2488351.97368286,2310858.84505438,-271676.491841699,-241.993629040378,-410.754632914695,-25.9346184258161
231.05,-2488364.06975202,2310838.30792358,-271677.788110758,-241.835649899149,-410.710872624301,-25.9156187375117
231.1,-2488376.15716781,2310817.77394382,-271679.083385637,-241.665528731352,-410.654718241974,-25.8952038314362
231.15,-2488388.23595169,2310797.24313684,-271680.377628514,-241.489319852919,-410.586609093663,-25.8749008276922
231.2,-2488400.30612943,2310776.71537809,-271681.670865856,-241.313698663026,-410.521871737914,-25.854859753873
231.25,-2488412.36781872,2310756.19049685,-271682.963150003,-241.152546224384,-410.472054683078,-25.8359154773534
231.3,-2488424.42086762,2310735.66873069,-271684.254414697,-240.978733356904,-410.411632749079,-25.8160784067996
231.35,-2488436.46540833,2310715.1499003,-271685.544692136,-240.808008754934,-410.350753059372,-25.7949593867815
231.4,-2488448.5012551,2310694.63433705,-271686.833917858,-240.636232691248,-410.288203747976,-25.7748199033954
231.45,-2488460.52858327,2310674.12176025,-271688.122138831,-240.457402091717,-410.214939212691,-25.7545188297106
231.5,-2488472.54739682,2310653.61220865,-271689.409392859,-240.290853303653,-410.161374985852,-25.7347939106365
231.55,-2488484.55771013,2310633.10560552,-271690.695638059,-240.124483641549,-410.107502910933,-25.7147279909562
231.6,-2488496.55947171,2310612.6020403,-271691.980861275,-239.949975454157,-410.039585132594,-25.6946716708415
231.65,-2488508.55269555,2310592.10158096,-271693.265079663,-239.783935032532,-409.985237022294,-25.674839860254
231.7,-2488520.53739909,2310571.60422545,-271694.548268923,-239.617078404347,-409.92717445556,-25.6546610727436
231.75,-2488532.5135884,2310551.10988741,-271695.830408606,-239.442634973369,-409.86369410308,-25.6330355501842
231.8,-2488544.48135979,2310530.61848417,-271697.111573121,-239.272515464986,-409.799299762047,-25.6137934113605
231.85,-2488556.44066096,2310510.13011556,-271698.391725038,-239.105195236497,-409.742729373087,-25.5929143364458
231.9,-2488568.39144916,2310489.64493099,-271699.670827139,-238.927149263181,-409.667299093904,-25.5718198834169
231.95,-2488580.33377592,2310469.1628314,-271700.948897108,-238.759783817577,-409.608976819713,-25.5515408167259
232,-2488592.26772468,2310448.68365506,-271702.2259566,-238.599294400875,-409.559961198437,-25.5315825448754
232.05,-2488604.19316162,2310428.20755368,-271703.501992379,-238.421309550901,-409.487830873105,-25.5096756649073
232.1,-2488616.1102642,2310407.73435594,-271704.776988795,-238.261280745516,-409.4393663576,-25.4907287716408
232.15,-2488628.01889082,2310387.26435314,-271706.050985948,-238.088682359972,-409.369409620155,-25.4701250739062
232.2,-2488639.91913476,2310366.79743149,-271707.323913776,-237.918350249515,-409.302192639386,-25.447702100879
232.25,-2488651.81102856,2310346.33347766,-271708.595800574,-237.753359650605,-409.249756059959,-25.4275684405767
232.3,-2488663.69455632,2310325.87247649,-271709.866674628,-237.582819435958,-409.184287721708,-25.4068228090028
232.35,-2488675.56977625,2310305.41446314,-271711.13650557,-237.427564249899,-409.13972477214,-25.3869230347203
232.4,-2488687.43658052,2310284.95957316,-271712.405302024,-237.258548601541,-409.074955376284,-25.3662127355857
232.45,-2488699.2951209,2310264.50764369,-271713.673055222,-237.09079831915,-409.012121952081,-25.3440217280811
232.5,-2488711.14533046,2310244.05879097,-271714.939763876,-236.917305910872,-408.942059252975,-25.3239897102827
232.55,-2488722.98726218,2310223.61290185,-271716.205437214,-236.755542851452,-408.886197186682,-25.3037730033002
232.6,-2488734.82090732,2310203.16997417,-271717.470095876,-236.586675871926,-408.824505908741,-25.2819082950358
232.65,-2488746.6463171,2310182.73001689,-271718.733724234,-236.429172962983,-408.772781702203,-25.2612184760141
232.7,-2488758.46339785,2310162.29319904,-271719.996284655,-236.26280780741,-408.713791676593,-25.2408324469461
232.75,-2488770.27226999,2310141.85932827,-271721.257785517,-236.095049622033,-408.647608874472,-25.2196327997241
232.8,-2488782.07287925,2310121.42847665,-271722.518242695,-235.935546651855,-408.593300625833,-25.1991368956555
232.85,-2488793.86529776,2310101.00055399,-271723.777670523,-235.761984576072,-408.523268322579,-25.177695192335
232.9,-2488805.64950979,2310080.57560014,-271725.036082534,-235.606633394039,-408.474062035898,-25.1575113595308
232.95,-2488817.42552635,2310060.15373932,-271726.293447384,-235.440190115076,-408.407153876116,-25.1364913842582
233,-2488829.19331189,2310039.73491536,-271727.549737054,-235.275392731946,-408.348318326186,-25.1160394694227
233.05,-2488840.95298352,2310019.31897594,-271728.804984233,-235.115057534239,-408.294184409862,-25.0941203826071
233.1,-2488852.70442815,2309998.90604218,-271730.059229628,-234.952130349511,-408.236440155537,-25.0760575240376
233.15,-2488864.44783104,2309978.49597867,-271731.312437751,-234.790548604525,-408.175525654196,-25.0552557707256
233.2,-2488876.18304542,2309958.0890229,-271732.564631054,-234.62340269274,-408.109187123665,-25.0330443363065
233.25,-2488887.91010776,2309937.68505822,-271733.815728618,-234.464269888832,-408.057221438325,-25.0127426155286
233.3,-2488899.62906546,2309917.28401555,-271735.065809345,-234.296029933805,-407.987974635716,-24.9918057737745
233.35,-2488911.3399835,2309896.88585736,-271736.314873376,-234.140771069413,-407.940362685438,-24.9717980372886
233.4,-2488923.04270665,2309876.49071168,-271737.562866243,-233.973725884267,-407.872852683413,-24.9495218945144
233.45,-2488934.7373548,2309856.09859107,-271738.809830098,-233.8099866561,-407.807503502976,-24.9286518457475
233.5,-2488946.42398866,2309835.70940838,-271740.055793417,-233.649328612036,-407.748233930896,-24.9094981079887
233.55,-2488958.1024991,2309815.32324326,-271741.300700667,-233.492821088322,-407.700957393228,-24.8870612145467
233.6,-2488969.77300233,2309794.93986671,-271742.544585184,-233.333028154732,-407.642730915686,-24.8666208082091
233.65,-2488981.43538303,2309774.55957402,-271743.787463484,-233.165333652409,-407.571988285562,-24.8470735348224
233.7,-2488993.08979523,2309754.18218992,-271745.029287186,-233.011367989682,-407.522201910439,-24.8257383741289
233.75,-2489004.73610193,2309733.80789389,-271746.270076977,-232.849887680368,-407.462747422941,-24.8054290594164
233.8,-2489016.37438881,2309713.43653903,-271747.509864898,-232.68177263182,-407.393733270481,-24.786792223064
233.85,-2489028.00468371,2309693.06800106,-271748.74863516,-232.529232251413,-407.345917176998,-24.7647560788321
233.9,-2489039.62690478,2309672.70247626,-271749.986385524,-232.360454929031,-407.275348462707,-24.7444202552944
233.95,-2489051.24113499,2309652.33989591,-271751.223133786,-232.202738341753,-407.221398217698,-24.7242924581714
234,-2489062.84728686,2309631.98042169,-271752.458839993,-232.039845616216,-407.154787706473,-24.7038691778291
234.05,-2489074.44554272,2309611.6237564,-271753.693554276,-231.888786996046,-407.109410865434,-24.6855533689608
234.1,-2489086.03572603,2309591.27010092,-271754.927249138,-231.721015338731,-407.040376067584,-24.6637768910125
234.15,-2489097.61794713,2309570.91924661,-271756.159942736,-231.567246449796,-406.99217465602,-24.6442814749827
234.2,-2489109.1921302,2309550.5714267,-271757.391662597,-231.406930792427,-406.931272290629,-24.6234508418079
234.25,-2489120.75830554,2309530.22661193,-271758.622318842,-231.243991179605,-406.865892872098,-24.6031031964127
234.3,-2489132.31653308,2309509.88467542,-271759.852013775,-231.088845379776,-406.815141416732,-24.5828372332567
234.35,-2489143.86675481,2309489.54566563,-271761.080681083,-230.919554139206,-406.746339200104,-24.5635562427804
234.4,-2489155.40893791,2309469.20959861,-271762.308355175,-230.761475773384,-406.688263036644,-24.5437767915185
234.45,-2489166.94319841,2309448.87641728,-271763.535072744,-230.601557559278,-406.627359662508,-24.5254250761815
234.5,-2489178.46944519,2309428.54624071,-271764.760784005,-230.44579083063,-406.572928318414,-24.5049592271346
234.55,-2489189.987728,2309408.21894351,-271765.985511438,-230.289344406538,-406.521014829839,-24.4845972929102
234.6,-2489201.49798502,2309387.8946521,-271767.209233105,-230.128442450013,-406.464428117028,-24.4653654184049
234.65,-2489213.000226,2309367.57325055,-271768.431998289,-229.962893160048,-406.395165651596,-24.4455426978832
234.7,-2489224.49450828,2309347.25475898,-271769.653782806,-229.803027764372,-406.335702640544,-24.4251831569267
234.75,-2489235.98081469,2309326.93927003,-271770.874559869,-229.649525680164,-406.28731689342,-24.4061681384996
234.8,-2489247.4590784,2309306.62676235,-271772.094359719,-229.483500486402,-406.217968995804,-24.3866867992237
234.85,-2489258.92939305,2309286.31709213,-271773.313211923,-229.330869842336,-406.171114259696,-24.3669990321156
234.9,-2489270.3916493,2309266.01035075,-271774.531089277,-229.168317962708,-406.11100844028,-24.3479048752055
234.95,-2489281.84591386,2309245.70648832,-271775.748021942,-229.009451718017,-406.052919086059,-24.3291036759141
235,-2489293.29219086,2309225.40566813,-271776.963989558,-228.846646661088,-405.986190026867,-24.3095727076705
235.05,-2489304.73039107,2309205.10783636,-271778.178959361,-228.6819131586,-405.922721481125,-24.2894470015303
235.1,-2489316.16062399,2309184.81279299,-271779.393005504,-228.527002994588,-405.876390035242,-24.2710172711832
235.15,-2489327.58280652,2309164.52073365,-271780.606089312,-228.36874588816,-405.819864725517,-24.2526700516698
235.2,-2489338.99706626,2309144.23141719,-271781.81826407,-228.208529542164,-405.760698129016,-24.2351194559883
235.25,-2489350.40316579,2309123.94522544,-271783.029457331,-228.04495132335,-405.699866153849,-24.2140348110927
235.3,-2489361.8012569,2309103.66195988,-271784.239693659,-227.877823025451,-405.630874593057,-24.1946393536226
235.35,-2489373.19129711,2309083.38159366,-271785.448999419,-227.7218366119,-405.578804027416,-24.1766337714006
235.4,-2489384.57334773,2309063.10408273,-271786.657376507,-227.564054624202,-405.526627180198,-24.1573859016058
235.45,-2489395.94729444,2309042.82949817,-271787.864810558,-227.396083379378,-405.45769445313,-24.1384877480402
235.5,-2489407.31321257,2309022.55780167,-271789.071318003,-227.240592033773,-405.409247442922,-24.1206563571274
235.55,-2489418.67099884,2309002.28913411,-271790.276878364,-227.079135421213,-405.350367591049,-24.103421085717
235.6,-2489430.02074149,2308982.0233679,-271791.481504076,-226.917900962078,-405.294024679289,-24.0829650475144
235.65,-2489441.3624207,2308961.76044366,-271792.685207092,-226.75692083631,-405.236364984162,-24.0645796160615
235.7,-2489452.69603012,2308941.50039206,-271793.887993677,-226.5876193802,-405.166458983419,-24.0470947624
235.75,-2489464.02152498,2308921.24329482,-271795.089835243,-226.424952953987,-405.107038723203,-24.0264750074078
235.8,-2489475.33884227,2308900.98921607,-271796.290746059,-226.263049361965,-405.048045990605,-24.0097585748891
235.85,-2489486.64814991,2308880.73791799,-271797.490730853,-226.106999015196,-405.002110577906,-23.991218252961
235.9,-2489497.94926652,2308860.48957342,-271798.689792644,-225.946291108764,-404.945696463411,-23.9717521551432
235.95,-2489509.24236169,2308840.2439894,-271799.887952892,-225.78275108788,-404.885660869886,-23.9548894191998
236,-2489520.52725394,2308820.00141749,-271801.085222725,-225.619965979654,-404.829256680948,-23.9363174145533
236.05,-2489531.80403834,2308799.76174748,-271802.281555697,-225.44977398103,-404.75824474481,-23.9177543925153
236.1,-2489543.07266776,2308779.52497662,-271803.476983243,-225.296484229318,-404.714165487222,-23.8991502840717
236.15,-2489554.33316246,2308759.29109423,-271804.671469872,-225.1259669592,-404.644438888862,-23.8806251727644
236.2,-2489565.58551048,2308739.06001445,-271805.865082028,-224.962476832687,-404.588662687409,-23.8620768354485
236.25,-2489576.82967879,2308718.83188854,-271807.057747155,-224.791223355913,-404.51884382913,-23.8446798563029
236.3,-2489588.06569893,2308698.60666981,-271808.249534008,-224.635884827556,-404.470722330893,-23.8262874956538
236.35,-2489599.29358884,2308678.38430766,-271809.440424307,-224.480103799917,-404.424189883812,-23.8087092426933
236.4,-2489610.51322982,2308658.16489956,-271810.630374184,-224.310851693161,-404.36074267741,-23.7894427701724
236.45,-2489621.72472052,2308637.94827495,-271811.819443279,-224.145192596001,-404.297972960852,-23.7726678443338
236.5,-2489632.92809263,2308617.73444337,-271813.007641897,-223.989151611232,-404.251729874178,-23.7555885152022
236.55,-2489644.1232163,2308597.52366356,-271814.194896725,-223.824277167948,-404.193049660844,-23.7352923152339
236.6,-2489655.31019785,2308577.3156622,-271815.381238915,-223.658862904715,-404.136224761447,-23.7186011457926
236.65,-2489666.48889336,2308557.11058991,-271816.566690691,-223.495729274773,-404.080462233002,-23.701011214714
236.7,-2489677.65942643,2308536.9082559,-271817.751233727,-223.325557063894,-404.013742291573,-23.6815699421938
236.75,-2489688.8217572,2308516.70877914,-271818.934888283,-223.161785120417,-403.954934633839,-23.6629426874269
236.8,-2489699.97591795,2308496.51218808,-271820.117652255,-223.002758345572,-403.906106847768,-23.6463666537042
236.85,-2489711.12181192,2308476.31853014,-271821.299506494,-222.83562599366,-403.844808790606,-23.6285494324384
236.9,-2489722.25949971,2308456.12768198,-271822.480447822,-222.675702484272,-403.794656359384,-23.6102128645536
236.95,-2489733.38891475,2308435.93969088,-271823.660487882,-222.511242243706,-403.737948556353,-23.5922649431254
237,-2489744.51018757,2308415.75449206,-271824.839655325,-222.33840365708,-403.668997220482,-23.5740131790079
237.05,-2489755.62321346,2308395.57216385,-271826.017931575,-222.178152471865,-403.617921707513,-23.5566491125476
237.1,-2489766.72798294,2308375.39274804,-271827.19527983,-222.010071591615,-403.555941659137,-23.5384985718691
237.15,-2489777.82454465,2308355.21618118,-271828.37172108,-221.850363131801,-403.504136411405,-23.5186330369567
237.2,-2489788.91289668,2308335.04237895,-271829.547283968,-221.681491283872,-403.443354927151,-23.5016763895665
237.25,-2489799.99304868,2308314.87131452,-271830.721927227,-221.523758122754,-403.397311747763,-23.4842915592557
237.3,-2489811.06493008,2308294.70318614,-271831.895684665,-221.352127942508,-403.32943478585,-23.4663848577097
237.35,-2489822.12864835,2308274.53784208,-271833.068533696,-221.195138611039,-403.284713836959,-23.4477785882749
237.4,-2489833.18406028,2308254.37537879,-271834.240471837,-221.03020988072,-403.228272435973,-23.4299058331438
237.45,-2489844.23132884,2308234.21558183,-271835.41151426,-220.867627736359,-403.173769591607,-23.4133115410541
237.5,-2489855.27034741,2308214.05866015,-271836.581669334,-220.701382739203,-403.11727148137,-23.3943005327811
237.55,-2489866.30111789,2308193.90457989,-271837.75092294,-220.530358993242,-403.048602314416,-23.3746986667427
237.6,-2489877.32367665,2308173.7533887,-271838.919270548,-220.367720916105,-402.991803986616,-23.3581349898197
237.65,-2489888.33802097,2308153.60503763,-271840.086706446,-220.195847317748,-402.924131841942,-23.338536379215
237.7,-2489899.34420103,2308133.45937656,-271841.253242822,-220.037157769059,-402.881121825317,-23.3211295440682
237.75,-2489910.34220338,2308113.31646657,-271842.418872135,-219.875334473397,-402.825208271816,-23.3031893856157
237.8,-2489921.33195888,2308093.17649952,-271843.583592484,-219.713529192746,-402.77220516342,-23.2853952153715
237.85,-2489932.31353232,2308073.03934202,-271844.747397486,-219.552821443338,-402.720901781211,-23.2674134926887
237.9,-2489943.28690313,2308052.90500288,-271845.910330089,-219.388901567221,-402.666909735647,-23.2498117652444
237.95,-2489954.25205587,2308032.77343088,-271847.072341877,-219.224962427444,-402.610146559164,-23.2316652568472
238,-2489965.20908386,2308012.64452325,-271848.233475549,-219.059830213464,-402.550557573717,-23.2148018979937
238.05,-2489976.15793659,2307992.51846164,-271849.393713621,-218.89826090684,-402.497504622527,-23.1947656454876
238.1,-2489987.09857739,2307972.39528678,-271850.553001684,-218.727157630659,-402.429730574755,-23.1762092135985
238.15,-2489998.03107244,2307952.27487029,-271851.711393386,-218.57304173144,-402.386026661928,-23.1595471678108
238.2,-2490008.95544643,2307932.15717264,-271852.868892043,-218.402942447078,-402.321315226481,-23.141216511624
238.25,-2490019.87162034,2307912.0422785,-271854.025494284,-218.240601035689,-402.265675533474,-23.1222765301854
238.3,-2490030.77972641,2307891.93010986,-271855.18119393,-218.084330629981,-402.2193444725,-23.1044981349415
238.35,-2490041.67964639,2307871.82090064,-271856.335976233,-217.921135522413,-402.16358185449,-23.0875952724746
238.4,-2490052.57146372,2307851.71441766,-271857.489864017,-217.759378725888,-402.107622194839,-23.0684319436372
238.45,-2490063.45511467,2307831.610777,-271858.642846424,-217.596927710543,-402.050746600524,-23.0504215003826
238.5,-2490074.3307154,2307811.50984732,-271859.794927748,-217.426958358478,-401.984183968359,-23.0319427054992
238.55,-2490085.19820038,2307791.41169787,-271860.946114216,-217.268657131046,-401.935469561296,-23.0154125032127
238.6,-2490096.05760094,2307771.31637303,-271862.09639305,-217.110412799267,-401.883204419249,-22.9976377764392
238.65,-2490106.90890318,2307751.22395452,-271863.245764978,-216.946071369359,-401.821752977351,-22.9782705030042
238.7,-2490117.75213773,2307731.13430881,-271864.394247479,-216.780706211398,-401.760911800413,-22.9600499668207
238.75,-2490128.58740694,2307711.04727779,-271865.541820302,-216.626826981868,-401.717145129069,-22.9437456974377
238.8,-2490139.41452321,2307690.9631587,-271866.688502311,-216.466866108553,-401.660942472453,-22.9247188059219
238.85,-2490150.23364975,2307670.88181686,-271867.834266069,-216.302649653948,-401.597703160252,-22.9066000085471
238.9,-2490161.04473659,2307650.80337011,-271868.979168401,-216.138204260306,-401.536704542386,-22.8896957938994
238.95,-2490171.84779955,2307630.72767441,-271870.12317011,-215.979046262407,-401.483555828277,-22.8718493990306
239,-2490182.6428377,2307610.6547263,-271871.266265448,-215.817893643404,-401.429068031188,-22.8530246626001
239.05,-2490193.42995346,2307590.58439412,-271872.408471323,-215.658108945758,-401.374519754242,-22.8352107046181
239.1,-2490204.20899068,2307570.51701375,-271873.549784262,-215.498898207869,-401.316698477587,-22.817217615856
239.15,-2490214.98014638,2307550.45238099,-271874.69022347,-215.341708406617,-401.258956364947,-22.7997310752388
239.2,-2490225.74335293,2307530.3905288,-271875.829782655,-215.184380150112,-401.21147394839,-22.7823667773837
239.25,-2490236.49860024,2307510.33140792,-271876.968453059,-215.023241343653,-401.152565643021,-22.764377292279
239.3,-2490247.24593094,2307490.27497499,-271878.10624836,-214.867069446556,-401.100739918849,-22.7480877857806
239.35,-2490257.98532013,2307470.22138698,-271879.243151106,-214.705503616254,-401.037660948272,-22.7292534932867
239.4,-2490268.71683061,2307450.17055103,-271880.379164121,-214.554242686838,-400.994718154464,-22.7108391389922
239.45,-2490279.44038616,2307430.12252831,-271881.514287111,-214.396238324814,-400.941362249431,-22.6944328466979
239.5,-2490290.15612047,2307410.07711861,-271882.648544321,-214.239957749239,-400.88524188063,-22.6760644812753
239.55,-2490300.86394668,2307390.03448677,-271883.781936179,-214.074959306443,-400.820006566286,-22.6594358158593
239.6,-2490311.56391565,2307369.99461066,-271884.914449081,-213.917129744328,-400.763521365981,-22.6407851150407
239.65,-2490322.25600817,2307349.95759013,-271886.046085356,-213.76053261342,-400.709919803651,-22.6244828222453
239.7,-2490332.94035409,2307329.92315949,-271887.176865291,-213.611709577118,-400.665814582862,-22.6079444594234
239.75,-2490343.61681629,2307309.89148304,-271888.306778885,-213.45521565623,-400.612497188035,-22.5887001609615
239.8,-2490354.28553241,2307289.86244797,-271889.435832401,-213.299557562971,-400.557514333433,-22.5713147572548
239.85,-2490364.94638934,2307269.83628837,-271890.564016336,-213.143643739869,-400.500959882083,-22.5554578855529
239.9,-2490375.59949423,2307249.81288664,-271891.691337749,-212.981521816994,-400.436393364939,-22.5390539760264
239.95,-2490386.2448258,2307229.79218606,-271892.817817124,-212.831934374181,-400.392163450768,-22.5215202443007
240,-2490396.88237315,2307209.77418703,-271893.94342406,-212.669439642789,-400.328147274962,-22.5019598791554
240.05,-2490407.51200472,2307189.75893609,-271895.068264834,-212.508063938057,-400.27915703881,-22.4930606792141
240.1,-2490418.13347031,2307169.74641228,-271896.192444851,-212.35514270781,-400.226009585442,-22.4759072070195
240.15,-2490428.74713154,2307149.73678603,-271897.315787102,-212.200139725163,-400.170632383382,-22.4582949724756
240.2,-2490439.35312806,2307129.72995517,-271898.438277881,-212.036391394792,-400.103948720513,-22.4386313781553
240.25,-2490449.951094,2307109.72540808,-271899.559874879,-211.873641643663,-400.065625996121,-22.4178912066679
240.3,-2490460.54118884,2307089.72357398,-271900.680436977,-211.727390281693,-400.01009827403,-22.4042576495698
240.35,-2490471.12342941,2307069.72437682,-271901.800067091,-211.56553712605,-399.964766418585,-22.3794995803583
240.4,-2490481.69769419,2307049.72762082,-271902.91878451,-211.409337692853,-399.913319993984,-22.3643199570011
240.45,-2490492.26410938,2307029.73368536,-271904.03645967,-211.259625002401,-399.857501909671,-22.351871866703
240.5,-2490502.82257226,2307009.74207052,-271905.153339273,-211.081224409473,-399.801877631594,-22.3215068622515
240.55,-2490513.37323994,2306989.7529827,-271906.269213362,-210.932453915485,-399.743794680625,-22.3121173327075
240.6,-2490523.91595113,2306969.76660311,-271907.384116734,-210.772026123693,-399.707311763778,-22.2866393457738
240.65,-2490534.45076698,2306949.78254781,-271908.49819443,-210.619413420673,-399.659457321972,-22.2688766490885
240.7,-2490544.97768631,2306929.8014119,-271909.611198895,-210.467163249096,-399.596327549329,-22.2601917527977
240.75,-2490555.49674723,2306909.82237855,-271910.723440361,-210.29692245804,-399.558625252852,-22.2287850297874
240.8,-2490566.00786651,2306889.84611857,-271911.834729437,-210.146606251141,-399.502028649374,-22.2211833192937
240.85,-2490576.51101429,2306869.87238257,-271912.945012579,-209.987503675175,-399.463568261819,-22.19571513594
240.9,-2490587.00618971,2306849.90098154,-271914.054496594,-209.82338237861,-399.400291102472,-22.1784241607088
240.95,-2490597.49346858,2306829.93246129,-271915.162978114,-209.67422751063,-399.343385367931,-22.170406927619
241,-2490607.97267858,2306809.96618335,-271916.270657329,-209.498795953108,-399.299098342095,-22.1379887367925
241.05,-2490618.44399009,2306790.00254611,-271917.377393989,-209.345500114818,-399.239278478068,-22.1255063271855
241.1,-2490628.90740173,2306770.04119566,-271918.483185281,-209.20418836436,-399.214843567062,-22.1112272764148
241.15,-2490639.36300825,2306750.08170175,-271919.588137256,-209.029696999585,-399.155979683412,-22.0928417367217
241.2,-2490649.81102805,2306730.12484873,-271920.692362684,-208.878312267542,-399.119100629422,-22.0750598867351
241.25,-2490660.25111451,2306710.169808,-271921.795713317,-208.740246071049,-399.083578835813,-22.0705061796091
241.3,-2490670.68350878,2306690.21669799,-271922.898285153,-208.574827249131,-399.026317646471,-22.0450016148602
241.35,-2490681.10806687,2306670.2657736,-271923.999979667,-208.417013693611,-399.002880558502,-22.0249699708885
241.4,-2490691.52457069,2306650.31669037,-271925.101012534,-208.250325663727,-398.950597669131,-22.0120283984152
241.45,-2490701.9329582,2306630.37018025,-271926.201127282,-208.085513418414,-398.905805738122,-21.9973739696822
241.5,-2490712.33329917,2306610.42573968,-271927.300507223,-207.924680707588,-398.860342424454,-21.9866343521198
241.55,-2490722.72543438,2306590.48378105,-271928.399063881,-207.766514130518,-398.809570004965,-21.962045042655
241.6,-2490733.10966729,2306570.54403022,-271929.496795625,-207.609305367151,-398.780124964965,-21.942177416954
241.65,-2490743.48597688,2306550.60611512,-271930.593655267,-207.448312991161,-398.745133004997,-21.9317074052437
241.7,-2490753.8543523,2306530.67049458,-271931.689709877,-207.268762886712,-398.686804230778,-21.9062776882994
241.75,-2490764.21464579,2306510.73655092,-271932.784811969,-207.128736510955,-398.660099634582,-21.8939412234242
241.8,-2490774.56714021,2306490.8047617,-271933.879124154,-206.967901527242,-398.603540542677,-21.8802656907194
241.85,-2490784.9115356,2306470.87534907,-271934.9725908,-206.802440725194,-398.571543096056,-21.8578472052543
241.9,-2490795.24762518,2306450.94806795,-271936.065139449,-206.637665361842,-398.515731378861,-21.8469801752962
241.95,-2490805.57549597,2306431.02345673,-271937.156829788,-206.483793441035,-398.46717489155,-21.833300735485
242,-2490815.89503296,2306411.10094216,-271938.247740314,-206.301727734918,-398.429156416348,-21.7962973707405
242.05,-2490826.20605192,2306391.18106926,-271939.337577564,-206.129199672835,-398.372523142604,-21.7913197840762
242.1,-2490836.50848532,2306371.26326418,-271940.426323169,-205.978227530088,-398.338725656161,-21.7685748305075
242.15,-2490846.80290296,2306351.34711766,-271941.51429503,-205.807741329427,-398.300118188909,-21.7475059103952
242.2,-2490857.08907337,2306331.43354191,-271942.601342309,-205.647665785269,-398.256309453866,-21.7354385254007
242.25,-2490867.36697119,2306311.52184253,-271943.687497439,-205.467444496936,-398.213361001397,-21.7000311577823
242.3,-2490877.63639465,2306291.61287286,-271944.772687681,-205.308378708065,-398.162200906327,-21.701464035541
242.35,-2490887.89730308,2306271.70628043,-271945.856812006,-205.127625499427,-398.107713339958,-21.6712188948206
242.4,-2490898.14969373,2306251.8020716,-271946.940094367,-204.956195590437,-398.057946253958,-21.651478133452
242.45,-2490908.3936054,2306231.90043816,-271948.022418162,-204.785079920871,-398.003905825006,-21.6383231562142
242.5,-2490918.62910146,2306212.00047435,-271949.103752153,-204.639294875899,-397.98484313635,-21.6108165840331
242.55,-2490928.85626214,2306192.10297949,-271950.184066325,-204.460396272893,-397.919602409253,-21.5998647273892
242.6,-2490939.07506415,2306172.20768116,-271951.263350976,-204.313555785695,-397.887342146042,-21.5856518028252
242.65,-2490949.2857011,2306152.31412647,-271952.341752084,-204.124942412526,-397.851906239681,-21.5507352349049
242.7,-2490959.48773099,2306132.4228762,-271953.418857134,-203.95458664211,-397.805967410759,-21.5393834083
242.75,-2490969.68120246,2306112.53351309,-271954.49504153,-203.771228563568,-397.758500735422,-21.4967194119204
242.8,-2490979.86600332,2306092.64668681,-271955.570080397,-203.610239249755,-397.70845654098,-21.4968034131773
242.85,-2490990.0421399,2306072.76209967,-271956.643980474,-203.442043863697,-397.667266134653,-21.4742331550931
242.9,-2491000.20979502,2306052.87958971,-271957.71692829,-203.268424280305,-397.622791644031,-21.4417173145684
242.95,-2491010.3686241,2306032.99982701,-271958.788589064,-203.098396396962,-397.580826932768,-21.4287061446872
243,-2491020.51910962,2306013.12176086,-271959.8592164,-202.914822122555,-397.534892101176,-21.3882379792054
243.05,-2491030.66076929,2305993.24603757,-271960.928526422,-202.744698529478,-397.485774596705,-21.3801024332839
243.1,-2491040.79367865,2305973.37268181,-271961.996562989,-202.570774780532,-397.442928693506,-21.3479756055208
243.15,-2491050.91790328,2305953.50133869,-271963.063303116,-202.396924077792,-397.403888917559,-21.3134254242739
243.2,-2491061.03325264,2305933.63254885,-271964.128707487,-202.228133454156,-397.358258671609,-21.3048862811395
243.25,-2491071.13963951,2305913.76596495,-271965.192771182,-202.041288840894,-397.312684846883,-21.2650580576346
243.3,-2491081.23741066,2305893.90149131,-271966.25546621,-201.870463224431,-397.2710483061,-21.2376667426782
243.35,-2491091.32615737,2305874.03927661,-271967.316757702,-201.687043208002,-397.215912836415,-21.2175118871734
243.4,-2491101.40616679,2305854.1790892,-271968.376674965,-201.509423705814,-397.190603898979,-21.1768990993968
243.45,-2491111.47718003,2305834.32110883,-271969.434929095,-201.331443545661,-397.134254878218,-21.1552132623317
243.5,-2491121.53918671,2305814.46498349,-271970.491815938,-201.148336138964,-397.109917154738,-21.1230311150998
243.55,-2491131.5922329,2305794.61136153,-271971.547229373,-200.972778307607,-397.053855084505,-21.0950677593737
243.6,-2491141.63618668,2305774.76002493,-271972.601153668,-200.788043733763,-397.016693975949,-21.0652776845519
243.65,-2491151.67118898,2305754.91082127,-271973.65374426,-200.602553083459,-396.966516582305,-21.0311607553149
243.7,-2491161.69687112,2305735.06413573,-271974.704735376,-200.437895980809,-396.915468883384,-21.0126487898761
243.75,-2491171.71350172,2305715.21958146,-271975.754351407,-200.244222534633,-396.858132367939,-20.9781085787934
243.8,-2491181.72100747,2305695.37739282,-271976.802446974,-200.060348469978,-396.817570659759,-20.9497131119136
243.85,-2491191.71942618,2305675.53737867,-271977.8489789,-199.880197570253,-396.786461860262,-20.9130894769611
243.9,-2491201.70874063,2305655.69964005,-271978.894047218,-199.691181112868,-396.733497317872,-20.882516978816
243.95,-2491211.68878465,2305635.8642266,-271979.937385255,-199.516397847501,-396.694533873992,-20.8551614510682
244,-2491221.65963705,2305616.03086891,-271980.979192895,-199.327304215929,-396.649102373807,-20.8214765577752
244.05,-2491231.62119719,2305596.19974018,-271982.019475924,-199.137704171208,-396.60653639106,-20.7939638969472
244.1,-2491241.57323064,2305576.37071166,-271983.058416964,-198.949880981051,-396.555996788067,-20.7636316545646
244.15,-2491251.51613017,2305556.54387716,-271984.095859424,-198.762380916405,-396.50284525431,-20.7295484081372
244.2,-2491261.44955499,2305536.71956041,-271985.131495509,-198.586821676546,-396.4620674292,-20.6985830473115
244.25,-2491271.37355476,2305516.89749012,-271986.16551364,-198.382983365624,-396.411776120001,-20.6652207624622
244.3,-2491281.28832047,2305497.07743659,-271987.197797748,-198.197781134577,-396.37447889316,-20.6277750994733
244.35,-2491291.19342675,2305477.25971227,-271988.228234502,-198.007504832011,-396.332433900076,-20.5955553721018
244.4,-2491301.08929089,2305457.44389478,-271989.256985213,-197.81634493415,-396.307543538296,-20.5554010584389
244.45,-2491310.97551481,2305437.63033241,-271990.283795907,-197.636363160669,-396.254861575237,-20.5171975070826
244.5,-2491320.85219843,2305417.81862329,-271991.308965421,-197.425232838866,-396.216775296555,-20.4831880421247
244.55,-2491330.71914978,2305398.00960578,-271992.332323833,-197.258218399356,-396.163115467358,-20.4549419307513
244.6,-2491340.57660987,2305378.20283025,-271993.35392929,-197.061449526359,-396.114387085024,-20.4147539812319
244.65,-2491350.42442724,2305358.39855123,-271994.373813761,-196.868200270668,-396.066178420767,-20.3759331329442
244.7,-2491360.26263979,2305338.59661484,-271995.391863154,-196.67222959526,-396.010921244892,-20.3449095902296
244.75,-2491370.09125142,2305318.79701757,-271996.408219378,-196.485905710828,-395.968761595056,-20.3111884939817
244.8,-2491379.91020442,2305298.99985623,-271997.422718582,-196.282699697398,-395.913673167753,-20.2744217147605
244.85,-2491389.71942174,2305279.20486663,-271998.435470367,-196.086067816435,-395.877606420811,-20.23810155807
244.9,-2491399.5189279,2305259.41199466,-271999.446556649,-195.884650202482,-395.827542416243,-20.1976500369631
244.95,-2491409.30874529,2305239.62149339,-272000.455797217,-195.712172927026,-395.784651479094,-20.1680731190947
245,-2491419.08887311,2305219.83312561,-272001.463332419,-195.524516719159,-395.755410415648,-20.1341817822892
245.05,-2491428.85924452,2305200.04719235,-272002.46904709,-195.316518640516,-395.698463724578,-20.0924634879254
245.1,-2491438.61982402,2305180.26343539,-272003.472907659,-195.121719134324,-395.656144199558,-20.0600303967002
245.15,-2491448.3707003,2305160.48186861,-272004.475148541,-194.917589399933,-395.604037688337,-20.022918607568
245.2,-2491458.11184744,2305140.70255812,-272005.47554458,-194.729356941608,-395.56589261012,-19.9913766116597
245.25,-2491467.84321414,2305120.92581148,-272006.474200399,-194.526987876783,-395.505063173325,-19.954609869214
245.3,-2491477.56478553,2305101.15161634,-272007.47098458,-194.331543296478,-395.459704297376,-19.9145544307251
245.35,-2491487.27672071,2305081.37989008,-272008.465977839,-194.145412606918,-395.404818659141,-19.881188658024
245.4,-2491496.97901555,2305061.61036419,-272009.459183383,-193.947502446112,-395.36784211324,-19.8473642558887
245.45,-2491506.67153866,2305041.84318471,-272010.450583484,-193.755827799706,-395.325414973158,-19.8101955517811
245.5,-2491516.35425133,2305022.0784746,-272011.44019465,-193.560074118996,-395.278404295949,-19.7743583279458
245.55,-2491526.02715133,2305002.31628552,-272012.427935671,-193.361450923357,-395.224325849071,-19.736242056984
245.6,-2491535.69017243,2304982.55645374,-272013.413869683,-193.161561261213,-395.173806750224,-19.7010950463746
245.65,-2491545.34339483,2304962.79891664,-272014.397983463,-192.968550711263,-395.132275162209,-19.6641903656535
245.7,-2491554.98675477,2304943.0437627,-272015.38029035,-192.769933831027,-395.08093774054,-19.6281635566528
245.75,-2491564.62026953,2304923.29092022,-272016.360801013,-192.568466871566,-395.028099847073,-19.5926921767316
245.8,-2491574.24389352,2304903.54048103,-272017.339486126,-192.374348560239,-394.986313528299,-19.5558682723859
245.85,-2491583.85762682,2304883.79242896,-272018.316340432,-192.174071677481,-394.93489370283,-19.5183130824292
245.9,-2491593.46148158,2304864.04660005,-272019.291404122,-191.978042331934,-394.89453492778,-19.482592912975
245.95,-2491603.0554873,2304844.30300243,-272020.264659975,-191.776713114799,-394.84450791609,-19.4478237240431
246,-2491612.63963938,2304824.56164399,-272021.23611999,-191.5852296083,-394.808650381607,-19.411071012943
246.05,-2491622.21368292,2304804.82274161,-272022.205884783,-191.381541696358,-394.761077716524,-19.3831920872054
246.1,-2491631.77751056,2304785.08606506,-272023.174160642,-191.180709211862,-394.712888128512,-19.3471744109416
246.15,-2491641.3313746,2304765.35173475,-272024.140631753,-190.983333283097,-394.669492168725,-19.3105729630146
246.2,-2491650.87536362,2304745.61966519,-272025.105307327,-190.777412514335,-394.614803687469,-19.2749038802
246.25,-2491660.40931409,2304725.88999341,-272026.068220937,-190.57740761189,-394.567488799099,-19.2401488666152
246.3,-2491669.93323736,2304706.16266361,-272027.029336585,-190.380641244577,-394.527860974665,-19.2033470114206
246.35,-2491679.44706759,2304686.43785134,-272027.988614927,-190.175030854744,-394.473840087772,-19.1674612125139
246.4,-2491688.95086774,2304666.71531942,-272028.946107913,-189.980951979397,-394.434597885096,-19.1318330298928
246.45,-2491698.4446242,2304646.99514628,-272029.901804094,-189.778418103234,-394.385506417063,-19.0959628996831
246.5,-2491707.92834436,2304627.27731224,-272030.855707755,-189.57745076594,-394.339749181424,-19.0604840321319
246.55,-2491717.40201411,2304607.56181233,-272031.807838911,-189.374829462125,-394.291528690646,-19.0251976285372
246.6,-2491726.86555071,2304587.84876719,-272032.758196866,-189.174001779144,-394.243513604561,-18.9880971972968
246.65,-2491736.31903033,2304568.13805337,-272033.706744562,-188.966496404941,-394.185794325786,-18.953569123066
246.7,-2491745.76241402,2304548.42967287,-272034.653514071,-188.765039142203,-394.140792769564,-18.918698410265
246.75,-2491755.19576063,2304528.72350176,-272035.598540281,-188.568087482911,-394.104995648469,-18.8833034246555
246.8,-2491764.6189394,2304509.01977711,-272036.541822748,-188.361844646056,-394.052024998585,-18.8481917546916
246.85,-2491774.03202536,2304489.31837972,-272037.483316662,-188.162958634006,-394.008786981724,-18.8117267620797
246.9,-2491783.43492795,2304469.61943875,-272038.42304377,-187.962536423677,-393.964283244857,-18.7784976960628
246.95,-2491792.82779373,2304449.92267769,-272039.361056007,-187.752564672541,-393.908629985461,-18.7430183065966
247,-2491802.21055622,2304430.22816017,-272040.297313495,-187.557153255886,-393.870608781253,-18.7078299528836
247.05,-2491811.58322086,2304410.53590297,-272041.231849916,-187.353525268765,-393.826312030609,-18.6732792324326
247.1,-2491820.94562697,2304390.84611091,-272042.164672216,-187.148180926762,-393.774081677247,-18.6396534654192
247.15,-2491830.29787488,2304371.15862228,-272043.095753366,-186.937020090795,-393.71427518422,-18.6039604594287
247.2,-2491839.64007806,2304351.47326404,-272044.025115349,-186.740835796423,-393.682933627634,-18.5702451950299
247.25,-2491848.97212778,2304331.79016053,-272044.952764949,-186.541502957684,-393.644524620018,-18.5370937403764
247.3,-2491858.29399505,2304312.1093264,-272045.878770173,-186.335657788273,-393.594873542748,-18.5022781689401
247.35,-2491867.60568883,2304292.43078427,-272046.803022652,-186.135479178544,-393.553063865853,-18.4700382372282
247.4,-2491876.9071462,2304272.75459771,-272047.725599628,-185.931314921869,-393.507877408551,-18.4346695881388
247.45,-2491886.19844122,2304253.08060023,-272048.64650501,-185.727683163716,-393.463639167016,-18.4019097164028
247.5,-2491895.47961567,2304233.40868092,-272049.56575011,-185.522220865083,-393.417075420298,-18.3682736066099
247.55,-2491904.75059189,2304213.73901711,-272050.483319526,-185.316005498107,-393.367413373537,-18.3339549967716
247.6,-2491914.01133317,2304194.07163324,-272051.399224915,-185.110825448483,-393.321560965088,-18.3015609937202
247.65,-2491923.26182487,2304174.40655116,-272052.313499717,-184.907009427758,-393.277459223714,-18.2680088432255
247.7,-2491932.50220149,2304154.74353682,-272053.226092634,-184.707911618662,-393.245405544067,-18.2364391476085
247.75,-2491941.73227731,2304135.08277036,-272054.137068013,-184.497597877489,-393.19169026129,-18.2031849285715
247.8,-2491950.95221773,2304115.42408102,-272055.04644451,-184.299577106329,-393.157454704668,-18.1701533737632
247.85,-2491960.1618268,2304095.76771946,-272055.954214001,-184.09389844253,-393.110379169845,-18.1395127121524
247.9,-2491969.36115627,2304076.11360688,-272056.86035999,-183.887305549054,-393.065903934055,-18.1061421670435
247.95,-2491978.55031001,2304056.46155606,-272057.764898224,-183.680395911122,-393.019598293234,-18.0737736210558
248,-2491987.72919317,2304036.81165767,-272058.667854986,-183.472994386375,-392.973934043274,-18.0437925648207
248.05,-2491996.8978812,2304017.16400551,-272059.569344194,-183.275394552256,-392.931315729801,-18.0205458761776
248.1,-2492006.05638755,2303997.51875465,-272060.469605477,-183.065840856616,-392.876939868949,-17.9895563840703
248.15,-2492015.20469905,2303977.8756469,-272061.368333409,-182.865163996062,-392.84493027825,-17.9583039034838
248.2,-2492024.34266076,2303958.23482396,-272062.26547134,-182.653714403877,-392.789672878465,-17.9263578152082
248.25,-2492033.47032004,2303938.59619885,-272063.161099537,-182.452331263451,-392.753320834784,-17.8952865500446
248.3,-2492042.58753738,2303918.96003393,-272064.055170841,-182.237770198676,-392.696382365112,-17.8652683805088
248.35,-2492051.69441119,2303899.32620089,-272064.947740454,-182.030091578517,-392.648259049915,-17.836248586481
248.4,-2492060.79085952,2303879.69480919,-272065.838791141,-181.826641512554,-392.609024194482,-17.8072879318918
248.45,-2492069.87686405,2303860.0658268,-272066.728348946,-181.614930991931,-392.551224034019,-17.7765887304848
248.5,-2492078.9525161,2303840.43912991,-272067.61639229,-181.41288739354,-392.515075511581,-17.7463358601523
248.55,-2492088.01776013,2303820.81478696,-272068.50296466,-181.198281706657,-392.458884949179,-17.7158456913816
248.6,-2492097.0726107,2303801.19278381,-272069.388085638,-180.996082296506,-392.420327923006,-17.6886221056424
248.65,-2492106.11703053,2303781.57324772,-272070.271765586,-180.782085988479,-392.361865077889,-17.6584403476879
248.7,-2492115.15098923,2303761.95608709,-272071.153993461,-180.575755521898,-392.319645512416,-17.6292825267076
248.75,-2492124.17459596,2303742.3411853,-272072.034822739,-180.371045103147,-392.27944595986,-17.6030065149663
248.8,-2492133.18780746,2303722.72857663,-272072.914270145,-180.161595624056,-392.235292244957,-17.5772601460967
248.85,-2492142.19067336,2303703.11796603,-272073.79227187,-179.954875180271,-392.195253550244,-17.5437761214832
248.9,-2492151.18316005,2303683.50952683,-272074.668677693,-179.75029357836,-392.151557408666,-17.5168475487168
248.95,-2492160.16530036,2303663.90320382,-272075.543786944,-179.542641642226,-392.11195894983,-17.4889891454637
249,-2492169.13711442,2303644.29874083,-272076.41753619,-179.333235331139,-392.069652598723,-17.4581288930434
249.05,-2492178.09860521,2303624.69649521,-272077.289839544,-179.123938746447,-392.018890248685,-17.4302845650346
249.1,-2492187.04974896,2303605.09647119,-272078.16080025,-178.92321467851,-391.982666691318,-17.4060899378064
249.15,-2492195.99041359,2303585.49898827,-272079.030476829,-178.708127597638,-391.924418437775,-17.3770576087187
249.2,-2492204.92075097,2303565.90376065,-272079.898693281,-178.50260506764,-391.880177457928,-17.361266838529
249.25,-2492213.84077745,2303546.31077143,-272080.765642933,-178.301871967794,-391.849712878201,-17.3153242857306
249.3,-2492222.75057524,2303526.71984356,-272081.631006777,-178.094117125354,-391.797521160433,-17.2887910752296
249.35,-2492231.65013982,2303507.131123,-272082.494867803,-177.888290931202,-391.757055077268,-17.2617008825248
249.4,-2492240.53945408,2303487.54455426,-272083.357323083,-177.680397218567,-391.70466712927,-17.2348330261137
249.45,-2492249.41839439,2303467.96027064,-272084.218125251,-177.47416354628,-391.654149177551,-17.2239291878913
249.5,-2492258.28708665,2303448.37820465,-272085.077813797,-177.271031611596,-391.622623144492,-17.1653854720017
249.55,-2492267.14549262,2303428.79830245,-272085.935955599,-177.066816227726,-391.580682327564,-17.1445194540512
249.6,-2492275.99363402,2303409.22059453,-272086.792549791,-176.851544107123,-391.521891102581,-17.1189915242205
249.65,-2492284.83151663,2303389.64499631,-272087.647762638,-176.655457993655,-391.489429961546,-17.0906737294719
249.7,-2492293.65901131,2303370.07176796,-272088.501356184,-176.445573088357,-391.427454181105,-17.0818891101681
249.75,-2492302.47629929,2303350.50068749,-272089.353804651,-176.245105941418,-391.409327068378,-17.0226943997676
249.8,-2492311.28321583,2303330.93186406,-272090.204755724,-176.02963507715,-391.352033027008,-16.9989175075071
249.85,-2492320.07997607,2303311.36506119,-272091.054185616,-175.835006431645,-391.322019616772,-16.9750660855274
249.9,-2492328.86640166,2303291.80059692,-272091.902254647,-175.629799397767,-391.276146287405,-16.9465245452059
249.95,-2492337.64253368,2303272.23825155,-272092.748712001,-175.42294180395,-391.21482835019,-16.9410872275707
250,-2492346.40847251,2303252.67809123,-272093.59407877,-175.219517223991,-391.191581250293,-16.8809383905364
250.05,-2492355.16412195,2303233.12035815,-272094.438036573,-175.013094215256,-391.130197922839,-16.8684159240703
250.1,-2492363.90988944,2303213.56484969,-272095.280822123,-174.812744643814,-391.08897827652,-16.8466180775765
250.15,-2492372.64548106,2303194.01146262,-272096.122311477,-174.610669168627,-391.051910453602,-16.8110168168384
250.2,-2492381.37069274,2303174.4604815,-272096.962106427,-174.404963935254,-390.986346489109,-16.8049598928383
250.25,-2492390.08574434,2303154.91171312,-272097.800638888,-174.195764797632,-390.960612706701,-16.7361166589095
250.3,-2492398.79035397,2303135.36562057,-272098.637748624,-173.990166050484,-390.908692316188,-16.7254141390694
250.35,-2492407.48481353,2303115.82173001,-272099.473362205,-173.786120097507,-390.846744578885,-16.6976030925042
250.4,-2492416.16895743,2303096.28029909,-272100.30763664,-173.574489109299,-390.804252095738,-16.6701080150362
250.45,-2492424.84278962,2303076.74125572,-272101.140469762,-173.384084000182,-390.753193499184,-16.6675149486834
250.5,-2492433.50638444,2303057.20453626,-272101.971923717,-173.165334677464,-390.713523308323,-16.5956174591258
250.55,-2492442.15965137,2303037.67038155,-272102.802010291,-172.963651464833,-390.667654160059,-16.588146236966
250.6,-2492450.80271846,2303018.13849478,-272103.630533689,-172.765915858874,-390.617923784236,-16.5571936388106
250.65,-2492459.43552716,2302998.6090281,-272104.457755864,-172.549444541999,-390.566566256272,-16.5276822736663
250.7,-2492468.0580983,2302979.08186784,-272105.28350557,-172.35689922438,-390.51078972733,-16.5235257892564
250.75,-2492476.67053851,2302959.55702188,-272106.107954852,-172.146552317986,-390.48762897734,-16.4554048235433
250.8,-2492485.27275963,2302940.03473951,-272106.931033891,-171.937084827297,-390.417385539793,-16.4481135362606
250.85,-2492493.86482473,2302920.51472759,-272107.752595619,-171.741280972356,-390.374711587118,-16.4172167093509
250.9,-2492502.44669325,2302900.99711467,-272108.572830726,-171.52929940966,-390.324937432162,-16.3874370571086
250.95,-2492511.01843612,2302881.4818494,-272109.39163669,-171.342412809732,-390.272922216844,-16.383098691763
251,-2492519.58012583,2302861.96874156,-272110.209043081,-171.135908707301,-390.251552944722,-16.3262395056262
251.05,-2492528.13161547,2302842.45816762,-272111.02508565,-170.925385918005,-390.187889705284,-16.30874308424
251.1,-2492536.67292143,2302822.94996337,-272111.839536544,-170.715425584532,-390.143444172505,-16.2621195818421
251.15,-2492545.20423463,2302803.44398513,-272112.65270606,-170.519522019339,-390.097744376277,-16.2504377514271
251.2,-2492553.72540886,2302783.94040515,-272113.464362244,-170.339682313864,-390.040779506734,-16.2459841386352
251.25,-2492562.23648561,2302764.43916835,-272114.274627742,-170.126338394091,-390.015312658678,-16.1768776551393
251.3,-2492570.73748906,2302744.94035284,-272115.083601082,-169.920162945178,-389.954698742133,-16.1742053016675
251.35,-2492579.2284656,2302725.44375255,-272115.891071085,-169.718724518014,-389.910753285172,-16.1351893704815
251.4,-2492587.7095965,2302705.9496007,-272116.697499687,-169.513768845496,-389.85879400373,-16.1008346337962
251.45,-2492596.1805527,2302686.45783926,-272117.502294024,-169.328617549433,-389.801540111213,-16.1047171102366
251.5,-2492604.64163089,2302666.96835108,-272118.30596481,-169.119567396533,-389.7668611566,-16.0469603459551
251.55,-2492613.09267444,2302647.48123467,-272119.108194429,-168.926504988221,-389.721570904928,-16.0350589459776
251.6,-2492621.53374552,2302627.9965149,-272119.908932376,-168.732196291175,-389.673474544571,-16.0064547589195
251.65,-2492629.96487135,2302608.51422933,-272120.708461028,-168.519888489188,-389.625247384781,-15.9745149974448
251.7,-2492638.38597052,2302589.03442455,-272121.506552932,-168.339095121421,-389.569724573078,-15.96890042216
251.75,-2492646.79723703,2302569.55687765,-272122.303379212,-168.119053034836,-389.530005143389,-15.9054100613738
251.8,-2492655.19861934,2302550.08183209,-272123.098862676,-167.926481604052,-389.482910016063,-15.8949638339695
251.85,-2492663.59006681,2302530.60917662,-272123.89298489,-167.730584229247,-389.420322053046,-15.8702992847558
251.9,-2492671.97155785,2302511.13905549,-272124.685874118,-167.527409075522,-389.380024139203,-15.8456767918855
251.95,-2492680.34311847,2302491.67138051,-272125.477472944,-167.340514677307,-389.316830698954,-15.8376304618059
252,-2492688.70493169,2302472.20593771,-272126.267820678,-167.133097735761,-389.292215653846,-15.7788653378561
252.05,-2492697.05685311,2302452.74307312,-272127.05692369,-166.948533870698,-389.248172753069,-15.7689266614611
252.1,-2492705.39892392,2302433.28253428,-272127.844655627,-166.75005650315,-389.188776946618,-15.7438741078828
252.15,-2492713.7310629,2302413.82462625,-272128.631176415,-166.538755299923,-389.131448532769,-15.7194563268353
252.2,-2492722.05330532,2302394.36916588,-272129.416423772,-166.358084616575,-389.070764815479,-15.7123371112227
252.25,-2492730.36586373,2302374.91604991,-272130.200535789,-166.147925501069,-389.052963574012,-15.6528797245054
252.3,-2492738.6685801,2302355.46552589,-272130.983454934,-165.953971422779,-388.990002038888,-15.6467234497979
252.35,-2492746.96143951,2302336.01754074,-272131.765138015,-165.762643107473,-388.939247479034,-15.6227551043646
252.4,-2492755.24439527,2302316.57218743,-272132.545575788,-165.559403441365,-388.87945008074,-15.597313901559
252.45,-2492763.51756787,2302297.12960556,-272133.325037452,-165.366593105,-388.81789813822,-15.5850535516196
252.5,-2492771.78102598,2302277.6893635,-272134.103312547,-165.170093484619,-388.7835143963,-15.5471740071399
252.55,-2492780.0345866,2302258.25187599,-272134.880421918,-164.972916571427,-388.724431621319,-15.529954287509
252.6,-2492788.2784396,2302238.81682957,-272135.656443228,-164.777814550405,-388.683779785977,-15.5058970520177
252.65,-2492796.51245502,2302219.3845064,-272136.431414633,-164.580413294779,-388.625814169206,-15.4853952960444
252.7,-2492804.73677351,2302199.95478463,-272137.205301325,-164.39025286961,-388.572824399363,-15.4702326845704
252.75,-2492812.951119,2302180.52785449,-272137.978109818,-164.188020819571,-388.516978842647,-15.4460844422291
252.8,-2492821.15584685,2302161.10350387,-272138.750007102,-163.995235194201,-388.456108441918,-15.4271858745865
252.85,-2492829.35087246,2302141.68170798,-272139.520758222,-163.804162739699,-388.413132399778,-15.4082080675434
252.9,-2492837.53611921,2302122.26250191,-272140.290679398,-163.605758153709,-388.354824901604,-15.3846217840672
252.95,-2492845.71166918,2302102.84597485,-272141.059613678,-163.4091562599,-388.310424049708,-15.3659675661508
253,-2492853.87728488,2302083.43218874,-272141.827567084,-163.20966608065,-388.249381040935,-15.3492774477064
253.05,-2492862.03327231,2302064.02089247,-272142.594647944,-163.028285630157,-388.204206571793,-15.3325123406229
253.1,-2492870.1795819,2302044.61217033,-272143.36077239,-162.833382605496,-388.155742764577,-15.3159444326915
253.15,-2492878.31612265,2302025.20600157,-272144.125952993,-162.632200743837,-388.090987362232,-15.2934470892311
253.2,-2492886.44286663,2302005.80252782,-272144.890222912,-162.440783292231,-388.045438033835,-15.281048989961
253.25,-2492894.559775,2301986.40169155,-272145.653483048,-162.244621522072,-387.984206240925,-15.2615710838056
253.3,-2492902.66692402,2301967.0036076,-272146.415940506,-162.044749418292,-387.931186544874,-15.2394318400186
253.35,-2492910.76442962,2301947.60797166,-272147.177397984,-161.850523231018,-387.879650511846,-15.2158638016827
253.4,-2492918.85209613,2301928.21491951,-272147.937964591,-161.656752254518,-387.842721264376,-15.2021276150108
253.45,-2492926.9298986,2301908.82453168,-272148.697601156,-161.463681365964,-387.78361952495,-15.1874748200086
253.5,-2492934.99794154,2301889.43670857,-272149.456377667,-161.262755338781,-387.729405065424,-15.1700227872481
253.55,-2492943.05608128,2301870.05166514,-272150.214199737,-161.067478011182,-387.680970846728,-15.1490227015301
253.6,-2492951.10441922,2301850.66920756,-272150.971131286,-160.868611383397,-387.615606101556,-15.1327681129229
253.65,-2492959.14284087,2301831.28934666,-272151.727134834,-160.675078978404,-387.579851388019,-15.106706872772
253.7,-2492967.17148754,2301811.91208244,-272152.482277135,-160.478506048821,-387.522348528999,-15.099074853914
253.75,-2492975.19007439,2301792.53753277,-272153.236474064,-160.269692172592,-387.463280162721,-15.0646843254396
253.8,-2492983.19885948,2301773.1656455,-272153.98986119,-160.071788907064,-387.410474665253,-15.0562088313707
253.85,-2492991.19769662,2301753.79633156,-272154.74233115,-159.883348322282,-387.364161476474,-15.047255915469
253.9,-2492999.18668646,2301734.42975324,-272155.493968062,-159.676555266934,-387.305076220901,-15.0204068756492
253.95,-2493007.16559758,2301715.06590747,-272156.244716385,-159.478940179593,-387.24079832122,-15.010562830877
254,-2493015.13472317,2301695.70480744,-272156.994617509,-159.278577745521,-387.189957786887,-14.9878708792778
254.05,-2493023.093824,2301676.34644471,-272157.743792549,-159.082757963367,-387.135602734074,-14.9755589841465
254.1,-2493031.0429423,2301656.99078908,-272158.491979701,-158.883322576887,-387.092672273856,-14.95805254655
254.15,-2493038.98211586,2301637.63803826,-272159.239447844,-158.683086493043,-387.037781421885,-14.9359258022256
254.2,-2493046.9112279,2301618.28802731,-272159.986222277,-158.480947946517,-386.967335370556,-14.9301525635479
254.25,-2493054.83041923,2301598.9406477,-272160.73229095,-158.289590529829,-386.917320957619,-14.9233275324621
254.3,-2493062.73959999,2301579.59621646,-272161.477769287,-158.086444058447,-386.863100748846,-14.9041750974507
254.35,-2493070.63872051,2301560.25460091,-272162.222714905,-157.884331165828,-386.809302110032,-14.8938380195846
254.4,-2493078.52785661,2301540.91578245,-272162.96710197,-157.682507186731,-386.753311832901,-14.8792194184334
254.45,-2493086.40675858,2301521.57985983,-272163.710788594,-157.481051226437,-386.699988499707,-14.8631874027945
254.5,-2493094.27558002,2301502.24671481,-272164.453748895,-157.275942093153,-386.639746316855,-14.8557541055863
254.55,-2493102.13428774,2301482.91645915,-272165.196112641,-157.072992943362,-386.576574876689,-14.8386674825926
254.6,-2493109.98277311,2301463.58906636,-272165.937803567,-156.864723601319,-386.519482650416,-14.8271596270325
254.65,-2493117.82118956,2301444.2644701,-272166.67884955,-156.663905083147,-386.461508794056,-14.8144228987872
254.7,-2493125.64941699,2301424.94263155,-272167.41921312,-156.455484501428,-386.40920214272,-14.7948360732182
254.75,-2493133.46756847,2301405.62339726,-272168.158793663,-156.263847849141,-386.360545800887,-14.7881260583959
254.8,-2493141.27558784,2301386.30703296,-272168.897748794,-156.058667830567,-386.29638684242,-14.7736757001003
254.85,-2493149.07339744,2301366.99342672,-272169.635935312,-155.857199989108,-386.25133140542,-14.7540855623523
254.9,-2493156.86101333,2301347.68263328,-272170.373358672,-155.649005570886,-386.187250360247,-14.7405787905685
254.95,-2493164.63849605,2301328.37446115,-272171.109959357,-155.447092702789,-386.133786285757,-14.7246180876105
255,-2493172.40582484,2301309.06900725,-272171.845768611,-155.246972681296,-386.082177845665,-14.7081761871343
255.05,-2493180.16291116,2301289.76642888,-272172.580782631,-155.037125412269,-386.019515202928,-14.6908864885985
255.1,-2493187.90976666,2301270.46667064,-272173.315022107,-154.832505424736,-385.965337789252,-14.6757742458376
255.15,-2493195.64646344,2301251.16968132,-272174.048476248,-154.635198191055,-385.918947439331,-14.6614478633189
255.2,-2493203.37298056,2301231.8754014,-272174.781123396,-154.431623988555,-385.862821962136,-14.6444771053265
255.25,-2493211.08932684,2301212.58385119,-272175.512951556,-154.222417372708,-385.799272756269,-14.6277937459764
255.3,-2493218.79545052,2301193.29517135,-272176.243958449,-154.017428435506,-385.742196049398,-14.6109399651748
255.35,-2493226.49136564,2301174.00933541,-272176.974119651,-153.814263781451,-385.684527199053,-14.5954379458157
255.4,-2493234.17713632,2301154.72619243,-272177.70342616,-153.615448006061,-385.639642013746,-14.5788402871245
255.45,-2493241.85264392,2301135.4459061,-272178.431890796,-153.411804621943,-385.583819893129,-14.5601666310189
255.5,-2493249.51804597,2301116.16828652,-272179.159513991,-153.209422943413,-385.528980005726,-14.5441149204173
255.55,-2493257.17322797,2301096.89354983,-272179.886265176,-153.004204380543,-385.471919077324,-14.5262258233151
255.6,-2493264.81822341,2301077.62169555,-272180.612195654,-152.795345893264,-385.404563041347,-14.5094657292659
255.65,-2493272.45295243,2301058.35270808,-272181.337226798,-152.592390140413,-385.353813106525,-14.4923162865489
255.7,-2493280.07744789,2301039.08647024,-272182.061369153,-152.389191230454,-385.300789732418,-14.4738346261399
255.75,-2493287.69171361,2301019.8231164,-272182.784663565,-152.183466378122,-385.239166026856,-14.456224673484
255.8,-2493295.29568555,2301000.5626661,-272183.507025211,-151.974108142795,-385.176261663855,-14.4381276866398
255.85,-2493302.88937149,2300981.30514214,-272184.228445663,-151.771825638406,-385.120061802639,-14.4198531299849
255.9,-2493310.47276845,2300962.05066292,-272184.948975544,-151.562136326355,-385.05593145812,-14.401042302055
255.95,-2493318.04594112,2300942.79893438,-272185.668543499,-151.362661560396,-385.011076746544,-14.3823021911382
256,-2493325.60881099,2300923.55017512,-272186.387149499,-151.159580078769,-384.953126245705,-14.3631282708043
256.05,-2493333.16144683,2300904.30434372,-272187.104804782,-150.951524092143,-384.887736514584,-14.3428108835444
256.1,-2493340.70382414,2300885.06131627,-272187.821334017,-150.741072969996,-384.825000007613,-14.3158134359034
256.15,-2493348.23599553,2300865.8209928,-272188.536745571,-150.545908783549,-384.780671398414,-14.2986575834369
256.2,-2493355.757997,2300846.58359909,-272189.251220402,-150.342739519895,-384.716126230638,-14.2834148733452
256.25,-2493363.27008811,2300827.34853447,-272189.964606585,-150.145270953537,-384.669750334232,-14.2674397491006
256.3,-2493370.77198529,2300808.11632405,-272190.676912202,-149.930516074704,-384.615616164949,-14.2301299697508
256.35,-2493378.26372274,2300788.88675422,-272191.387963149,-149.728685554548,-384.57505070182,-14.2126445531799
256.4,-2493385.7452878,2300769.66012929,-272192.097968063,-149.525185008742,-384.501354615537,-14.1863345548028
256.45,-2493393.21661256,2300750.43644989,-272192.806854033,-149.320317757814,-384.440689384287,-14.1657813274892
256.5,-2493400.67775186,2300731.21571283,-272193.514676232,-149.119009152786,-384.384345924766,-14.1450684598251
256.55,-2493408.12879452,2300711.99783267,-272194.221413666,-148.916339849182,-384.323013693289,-14.1239092271165
256.6,-2493415.56966938,2300692.7829555,-272194.927009358,-148.718243842366,-384.268927707311,-14.1013774336801
256.65,-2493423.00037922,2300673.5711466,-272195.631451167,-148.510304835648,-384.202220873004,-14.0768192939835
256.7,-2493430.42092831,2300654.36228859,-272196.334740556,-148.310348543579,-384.147039481387,-14.053896260373
256.75,-2493437.83135086,2300635.15641399,-272197.03687291,-148.106309880004,-384.084475371217,-14.0307708859189
256.8,-2493445.23181329,2300615.95326827,-272197.737876711,-147.910858766057,-384.039374608674,-14.0090758847791
256.85,-2493452.6221124,2300596.75283298,-272198.437747394,-147.701416945796,-383.976112719924,-13.9883376492725
256.9,-2493460.00239722,2300577.55491406,-272199.136357724,-147.509321489515,-383.933388071086,-13.9624862755876
256.95,-2493467.37269526,2300558.35988938,-272199.833899825,-147.311485738523,-383.881697591474,-13.9399022899831
257,-2493474.73305432,2300539.16706253,-272200.530272549,-147.108751346462,-383.823985365038,-13.9168626810727
257.05,-2493482.083428,2300519.97703092,-272201.225441938,-146.908713760797,-383.778345337454,-13.8877010018275
257.1,-2493489.42384323,2300500.78983097,-272201.919424007,-146.706159273389,-383.712147057554,-13.8666599020149
257.15,-2493496.75430714,2300481.60558914,-272202.612179538,-146.507906943903,-383.654612428239,-13.8425547390441
257.2,-2493504.07493077,2300462.42428233,-272203.30374168,-146.313820126771,-383.591860027072,-13.8222477863398
257.25,-2493511.38568235,2300443.24585681,-272203.994130886,-146.117079278151,-383.539171392405,-13.7969152395083
257.3,-2493518.68658118,2300424.07028927,-272204.683306926,-145.922606204874,-383.48581248677,-13.7731673241276
257.35,-2493525.97759466,2300404.8977602,-272205.371320798,-145.725538269079,-383.428938130296,-13.7506697860267
257.4,-2493533.25879539,2300385.72809321,-272206.058147207,-145.52337926564,-383.3605187132,-13.7229588652581
257.45,-2493540.53015776,2300366.56138641,-272206.743755039,-145.330318829906,-383.305940165751,-13.7016475068675
257.5,-2493547.7917672,2300347.39759294,-272207.42823923,-145.135706690048,-383.252564452155,-13.6771155289241
257.55,-2493555.04359538,2300328.23661805,-272208.111542519,-144.938828729631,-383.192341322354,-13.6538762068705
257.6,-2493562.28562681,2300309.07854154,-272208.793690145,-144.741341730499,-383.130630575108,-13.6306030895777
257.65,-2493569.51801775,2300289.92328626,-272209.474690927,-144.552267506857,-383.081893074034,-13.6080364599343
257.7,-2493576.74057695,2300270.77106767,-272210.154526971,-144.354939040293,-383.020627498391,-13.5836803084332
257.75,-2493583.95342271,2300251.62175431,-272210.833222377,-144.162824751133,-382.961985408075,-13.5625926866036
257.8,-2493591.15656073,2300232.47539913,-272211.510786514,-143.964755152262,-382.896567518847,-13.5402401989988
257.85,-2493598.35003533,2300213.33185488,-272212.187213914,-143.776018271702,-382.846432154293,-13.5184497330148
257.9,-2493605.53373181,2300194.19140575,-272212.86252547,-143.579881977175,-382.782340603871,-13.4965792213944
257.95,-2493612.70785742,2300175.05383378,-272213.536778572,-143.382646416553,-382.71855436322,-13.4738355526024
258,-2493619.87223626,2300155.91932593,-272214.209910662,-143.189854495363,-382.658583785391,-13.4527259234425
258.05,-2493627.02702168,2300136.78770006,-272214.881989556,-142.997783847011,-382.599309783084,-13.4310981777428
258.1,-2493634.17219308,2300117.65906515,-272215.553034855,-142.806548277489,-382.544692989156,-13.4095002739656
258.15,-2493641.30764932,2300098.53346698,-272216.222985957,-142.61159926745,-382.479922849604,-13.3891410025155
258.2,-2493648.43354598,2300079.41079383,-272216.891948448,-142.425176185657,-382.427538494756,-13.3688346138173
258.25,-2493655.54979228,2300060.29124913,-272217.559930222,-142.225975818408,-382.357390374103,-13.3483693948873
258.3,-2493662.65643782,2300041.17460137,-272218.226894302,-142.041444874389,-382.307256216733,-13.3308578772952
258.35,-2493669.7534787,2300022.06092865,-272218.892980549,-141.849838380008,-382.250504823955,-13.3117457030225
258.4,-2493676.84099161,2300002.950117,-272219.558075526,-141.65587978919,-382.185579016387,-13.2936361778316
258.45,-2493683.91890254,2299983.84237491,-272220.222286835,-141.459502310354,-382.120281723028,-13.2774171108918
258.5,-2493690.98723415,2299964.73756269,-272220.885621023,-141.26746918313,-382.060039655812,-13.2614897854355
258.55,-2493698.04595518,2299945.63586097,-272221.548128186,-141.077831456578,-382.001902466191,-13.2384399249448
258.6,-2493705.09518424,2299926.53717116,-272222.209725412,-140.891467705972,-381.94753449102,-13.2222664957462
258.65,-2493712.13476915,2299907.44164216,-272222.870447142,-140.6977578789,-381.886297988071,-13.2059286264552
258.7,-2493719.16483309,2299888.34906943,-272223.530312721,-140.507549087526,-381.823983697029,-13.1888316891463
258.75,-2493726.18526834,2299869.25974562,-272224.1893404,-140.316725126974,-381.762776766159,-13.1733581925129
258.8,-2493733.19618013,2299850.17345151,-272224.847560083,-140.120212976513,-381.692219178879,-13.1553793081684
258.85,-2493740.19756887,2299831.0902023,-272225.504975051,-139.935133782922,-381.638922363366,-13.13950975281
258.9,-2493747.18935569,2299812.01006125,-272226.161563012,-139.73972897142,-381.569191206202,-13.1248191090514
258.95,-2493754.17159614,2299792.93298205,-272226.817362875,-139.550046203415,-381.51180105652,-13.1081220430172
259,-2493761.1442883,2299773.85904514,-272227.47240653,-139.354699715067,-381.444068791802,-13.0926787394649
259.05,-2493768.10737166,2299754.78820231,-272228.126663667,-139.166765473528,-381.386240047714,-13.0775632530493
259.1,-2493775.06096916,2299735.72038,-272228.780134312,-138.977676301786,-381.330663653718,-13.0615192216437
259.15,-2493782.00493263,2299716.6556873,-272229.43285533,-138.785366784146,-381.264969958757,-13.0470896702946
259.2,-2493788.93932665,2299697.59406718,-272230.084821111,-138.59128893552,-381.199795216623,-13.0309677590432
259.25,-2493795.86417841,2299678.53551388,-272230.73602629,-138.398006498539,-381.136718366666,-13.0168844431063
259.3,-2493802.78130312,2299659.47413596,-272231.386622423,-138.405728028577,-381.693126517119,-12.9551181360743
259.35,-2493809.69958843,2299640.38371035,-272232.035295377,-138.31627996028,-381.716324952339,-12.9974624432147
259.4,-2493816.60665057,2299621.30253717,-272232.683677707,-138.03745842103,-381.585342532325,-12.9490463948759
259.45,-2493823.50405837,2299602.22442745,-272233.330487012,-137.852756178736,-381.550753423197,-12.9320475636529
259.5,-2493830.39138798,2299583.14950294,-272233.976767093,-137.65449458206,-381.443941179041,-12.9426527037214
259.55,-2493837.26819962,2299564.07929441,-272234.622978292,-137.443637830149,-381.357406563674,-12.9259323353773
259.6,-2493844.13508012,2299545.01377093,-272235.268675322,-137.230812438424,-381.258756079947,-12.8946003009103
259.65,-2493850.99200714,2299525.95286457,-272235.913452232,-137.040151697699,-381.165290251472,-12.896832083545
259.7,-2493857.83903427,2299506.89658247,-272236.557261861,-136.822067088135,-381.078459356488,-12.8559508123493
259.75,-2493864.67609286,2299487.8446384,-272237.200143077,-136.635767846655,-380.993924597016,-12.8536499280375
259.8,-2493871.50316287,2299468.79671684,-272237.84229779,-136.422070942565,-380.909440833692,-12.8245738211526
259.85,-2493878.320156,2299449.75301366,-272238.483880135,-136.241589160711,-380.833078602661,-12.8222886148343
259.9,-2493885.12701927,2299430.71362528,-272239.124682074,-136.038385836781,-380.748087395366,-12.8053180253179
259.95,-2493891.92392521,2299411.6783584,-272239.764905554,-135.84638408496,-380.662702685421,-12.799022697388
260,-2493898.71072814,2299392.64732854,-272240.404394486,-135.64767676869,-380.582861085162,-12.7876747570265