Time,x,y,z
0.15,-2101912.57166658,2815698.80080554,-240907.720374238
0.2,-2102088.01824706,2815465.35125202,-240918.509963426
0.25,-2102263.46126246,2815231.89617863,-240929.298934291
0.3,-2102438.90129394,2814998.43487176,-240940.087362216
0.35,-2102614.33764922,2814764.96822193,-240950.875209163
0.4,-2102789.77019326,2814531.49640022,-240961.662464621
0.45,-2102965.19921245,2814298.01887096,-240972.449091436
0.5,-2103140.6254358,2814064.53479365,-240983.235162356
0.55,-2103316.04779605,2813831.0456303,-240994.020609355
0.6,-2103491.46680955,2813597.55071109,-241004.805438866
0.65,-2103666.88178268,2813364.0508153,-241015.589655767
0.7,-2103842.29375122,2813130.54457254,-241026.373282755
0.75,-2104017.70197695,2812897.03307343,-241037.156323714
0.8,-2104193.10718613,2812663.51529773,-241047.938820469
0.85,-2104368.5083089,2812429.9926416,-241058.720708103
0.9,-2104543.90590149,2812196.46437961,-241069.50198267
0.95,-2104719.30037737,2811962.93004869,-241080.282594973
1,-2104894.69136363,2811729.39002301,-241091.062633006
1.05,-2105070.0787652,2811495.84451012,-241101.842084459
1.1,-2105245.46250213,2811262.29360472,-241112.620942497
1.15,-2105420.84297541,2811028.73669224,-241123.399198612
1.2,-2105596.21958469,2810795.17456482,-241134.176858189
1.25,-2105771.59334241,2810561.60599209,-241144.953983543
1.3,-2105946.96304764,2810328.03256108,-241155.730503323
1.35,-2106122.32934481,2810094.45328789,-241166.50640753
1.4,-2106297.69203555,2809860.86847992,-241177.281681133
1.45,-2106473.05154858,2809627.2777001,-241188.056340848
1.5,-2106648.4077117,2809393.68114645,-241198.830432544
1.55,-2106823.75982864,2809160.07960863,-241209.60392078
1.6,-2106999.10888261,2808926.47177167,-241220.3768124
1.65,-2107174.45386938,2808692.85906283,-241231.149092552
1.7,-2107349.79608293,2808459.23981152,-241241.920840889
1.75,-2107525.13420081,2808225.61561743,-241252.691977912
1.8,-2107700.46930234,2807991.98516891,-241263.462521199
1.85,-2107875.8003735,2807758.34975077,-241274.232394567
1.9,-2108051.12841736,2807524.70813882,-241285.001678498
1.95,-2108226.45250564,2807291.06141094,-241295.770360221
2,-2108401.77337076,2807057.40873414,-241306.538484304
2.05,-2108577.09054673,2806823.75059147,-241317.305983069
2.1,-2108752.40413115,2806590.08686666,-241328.072893341
2.15,-2108927.71437588,2806356.41729378,-241338.839237244
2.2,-2109103.02105088,2806122.7422109,-241349.605000667
2.25,-2109278.32457085,2805889.06105005,-241360.370196937
2.3,-2109453.62399702,2805655.37488179,-241371.134671454
2.35,-2109628.92056874,2805421.68228833,-241381.898580209
2.4,-2109804.21280083,2805187.98517184,-241392.661866947
2.45,-2109979.50212797,2804954.28165399,-241403.424611214
2.5,-2110154.78748873,2804720.57293295,-241414.186709671
2.55,-2110330.06953774,2804486.85832463,-241424.948238821
2.6,-2110505.34827129,2804253.13787243,-241435.709204276
2.65,-2110680.62362032,2804019.41160812,-241446.469591319
2.7,-2110855.89490415,2803785.68040149,-241457.229359934
2.75,-2111031.16317716,2803551.94286107,-241467.988480289
2.8,-2111206.42764838,2803318.20011162,-241478.746983232
2.85,-2111381.68851657,2803084.45178753,-241489.50489675
2.9,-2111556.94587534,2802850.69784376,-241500.262234042
2.95,-2111732.19989313,2802616.93801571,-241511.018977426
3,-2111907.45024937,2802383.17269201,-241521.77511499
3.05,-2112082.69713843,2802149.40160214,-241532.530678036
3.1,-2112257.94052648,2801915.62489033,-241543.285666891
3.15,-2112433.17999888,2801681.8431168,-241554.040043526
3.2,-2112608.41652656,2801448.05488354,-241564.793735083
3.25,-2112783.64901313,2801214.26164799,-241575.546828132
3.3,-2112958.87866652,2800980.46192686,-241586.299376742
3.35,-2113134.10423688,2800746.65735196,-241597.051314735
3.4,-2113309.32615807,2800512.84721442,-241607.802666831
3.45,-2113484.54472198,2800279.03113727,-241618.55340226
3.5,-2113659.75985728,2800045.2093493,-241629.30356838
3.55,-2113834.97146154,2799811.38192001,-241640.0531595
3.6,-2114010.17929684,2799577.54915391,-241650.802144294
3.65,-2114185.38393341,2799343.71031365,-241661.550473899
3.7,-2114360.58451444,2799109.86654569,-241672.298150265
3.75,-2114535.78234085,2798876.01610528,-241683.045296181
3.8,-2114710.9759572,2798642.16091064,-241693.791824231
3.85,-2114886.16665816,2798408.29930904,-241704.5378139
3.9,-2115061.35303044,2798174.4330529,-241715.283132675
3.95,-2115236.53666381,2797940.56004302,-241726.027910147
4,-2115411.71597058,2797706.68247126,-241736.772058314
4.05,-2115586.8923935,2797472.79846995,-241747.515645074
4.1,-2115762.06499375,2797238.9092504,-241758.258568037
4.15,-2115937.23387293,2797005.01449,-241769.000844264
4.2,-2116112.39933001,2796771.11399442,-241779.742549704
4.25,-2116287.56124888,2796537.20788958,-241790.483683138
4.3,-2116462.71994675,2796303.29571631,-241801.224254265
4.35,-2116637.87457685,2796069.37851493,-241811.964186049
4.4,-2116813.02612375,2795835.45507597,-241822.70354672
4.45,-2116988.17370638,2795601.52659485,-241833.442303763
4.5,-2117163.31801295,2795367.5920927,-241844.180474811
4.55,-2117338.45860483,2795133.65225753,-241854.917977941
4.6,-2117513.59560994,2794899.70679372,-241865.654858664
4.65,-2117688.72911785,2794665.75559934,-241876.3911513
4.7,-2117863.85912169,2794431.79868434,-241887.126869003
4.75,-2118038.9858898,2794197.83578471,-241897.862027883
4.8,-2118214.10862443,2793963.86791834,-241908.596575517
4.85,-2118389.22820359,2793729.89371819,-241919.330520505
4.9,-2118564.34380466,2793495.91449275,-241930.063849945
4.95,-2118739.45606197,2793261.92943878,-241940.796582325
5,-2118914.56456842,2793027.93906828,-241951.528680254
5.05,-2119089.6700829,2792793.94222431,-241962.260183618
5.1,-2119264.77171347,2792559.94015599,-241972.991065355
5.15,-2119439.86964547,2792325.9327001,-241983.721360027
5.2,-2119614.96403044,2792091.9195815,-241994.451075014
5.25,-2119790.05504122,2791857.90057509,-242005.180222254
5.3,-2119965.14214189,2791623.87633856,-242015.908728716
5.35,-2120140.22605409,2791389.8460323,-242026.636654682
5.4,-2120315.3061573,2791155.81039346,-242037.363937265
5.45,-2120490.38287523,2790921.76895294,-242048.09061357
5.5,-2120665.45591224,2790687.72206576,-242058.816683423
5.55,-2120840.52550344,2790453.66927137,-242069.542142656
5.6,-2121015.59155004,2790219.61081559,-242080.267022383
5.65,-2121190.65349932,2789985.54748127,-242090.99128986
5.7,-2121365.71262087,2789751.47758617,-242101.715022278
5.75,-2121540.76768551,2789517.40261732,-242112.438127605
5.8,-2121715.81932717,2789283.32178647,-242123.160614183
5.85,-2121890.86758022,2789049.23518552,-242133.882448573
5.9,-2122065.9120216,2788815.14333239,-242144.60367931
5.95,-2122240.95288517,2788581.04579477,-242155.324328744
6,-2122415.99037132,2788346.9423601,-242166.044383454
6.05,-2122591.02427529,2788112.83328897,-242176.763832886
6.1,-2122766.05452984,2787878.71869468,-242187.482697272
6.15,-2122941.08109889,2787644.59859769,-242198.200972191
6.2,-2123116.10438441,2787410.4725485,-242208.918683257
6.25,-2123291.12396905,2787176.34094264,-242219.635752321
6.3,-2123466.13972426,2786942.20403749,-242230.352141835
6.35,-2123641.15221401,2786708.06115983,-242241.067953001
6.4,-2123816.16070235,2786473.91326151,-242251.783158177
6.45,-2123991.16618721,2786239.75895012,-242262.497804259
6.5,-2124166.16768322,2786005.59943425,-242273.211802458
6.55,-2124341.16585342,2785771.43399004,-242283.925237146
6.6,-2124516.16024127,2785537.26324395,-242294.63807909
6.65,-2124691.15072324,2785303.0872598,-242305.350309299
6.7,-2124866.13829301,2785068.90477976,-242316.061960969
6.75,-2125041.1219438,2784834.71710756,-242326.772908852
6.8,-2125216.10227239,2784600.5235193,-242337.483282866
6.85,-2125391.07864781,2784366.32470993,-242348.193053467
6.9,-2125566.05184394,2784132.11980927,-242358.902265495
6.95,-2125741.02102865,2783897.9098303,-242369.610850349
7,-2125915.98685008,2783663.6938091,-242380.318832668
7.05,-2126090.94896316,2783429.47233751,-242391.026230852
7.1,-2126265.90785088,2783195.24482996,-242401.733048987
7.15,-2126440.86247639,2782961.01267075,-242412.439167351
7.2,-2126615.81432427,2782726.77368584,-242423.144710531
7.25,-2126790.76199956,2782492.52983869,-242433.84961728
7.3,-2126965.70610204,2782258.28039406,-242444.55394459
7.35,-2127140.64701905,2782024.0247493,-242455.257711204
7.4,-2127315.58406187,2781789.76387477,-242465.960878054
7.45,-2127490.5173064,2781555.49757397,-242476.663404968
7.5,-2127665.44713368,2781321.22542843,-242487.3653561
7.55,-2127840.37349907,2781086.94743868,-242498.066720557
7.6,-2128015.29624593,2780852.66396774,-242508.767414977
7.65,-2128190.21523962,2780618.37515038,-242519.467507833
7.7,-2128365.13045946,2780384.0807379,-242530.16695818
7.75,-2128540.0426098,2780149.78004671,-242540.865854096
7.8,-2128714.95068235,2779915.47440739,-242551.564140659
7.85,-2128889.85579751,2779681.16231888,-242562.261885091
7.9,-2129064.75636332,2779446.84578044,-242572.958975926
7.95,-2129239.65381476,2779212.5229354,-242583.655468491
8,-2129414.54781016,2778978.19432962,-242594.351368269
8.05,-2129589.43811998,2778743.8602139,-242605.046593745
8.1,-2129764.32480565,2778509.5205339,-242615.741237577
8.15,-2129939.20750832,2778275.1757322,-242626.435255755
8.2,-2130114.08725897,2778040.82438235,-242637.128697125
8.25,-2130288.96282389,2777806.46812332,-242647.821521314
8.3,-2130463.83549805,2777572.10536415,-242658.513803128
8.35,-2130638.70402363,2777337.73773262,-242669.205472296
8.4,-2130813.56907429,2777103.36421773,-242679.896549701
8.45,-2130988.43008041,2776868.98561089,-242690.586946016
8.5,-2131163.28820343,2776634.60054326,-242701.276730259
8.55,-2131338.14241765,2776400.21024001,-242711.965913268
8.6,-2131512.99295414,2776165.81437678,-242722.654505895
8.65,-2131687.83985088,2775931.41290189,-242733.342484727
8.7,-2131862.68327684,2775697.00559407,-242744.029864657
8.75,-2132037.52288065,2775462.59287805,-242754.716647645
8.8,-2132212.35890152,2775228.17455948,-242765.402849529
8.85,-2132387.19170193,2774993.75016752,-242776.088448315
8.9,-2132562.02012938,2774759.3211079,-242786.773330486
8.95,-2132736.84577944,2774524.88527005,-242797.457646277
9,-2132911.66720064,2774290.44466115,-242808.1413459
9.05,-2133086.48539896,2774055.99794244,-242818.824484666
9.1,-2133261.29970065,2773821.54591275,-242829.507021115
9.15,-2133436.11040584,2773587.08822665,-242840.18895433
9.2,-2133610.91752948,2773352.62483736,-242850.870273778
9.25,-2133785.72094527,2773118.15588536,-242861.550999069
9.3,-2133960.52099841,2772883.68105865,-242872.231091449
9.35,-2134135.31722473,2772649.2009525,-242882.910550243
9.4,-2134310.11012376,2772414.71481953,-242893.589418915
9.45,-2134484.89903568,2772180.22340797,-242904.267648459
9.5,-2134659.68472529,2771945.72590763,-242914.945317472
9.55,-2134834.46631319,2771711.22344344,-242925.622376942
9.6,-2135009.24454566,2771476.71494612,-242936.298864209
9.65,-2135184.01892856,2771242.20115779,-242946.97472904
9.7,-2135358.78997735,2771007.68132021,-242957.649945091
9.75,-2135533.55701281,2770773.15637313,-242968.324509324
9.8,-2135708.32093492,2770538.62514196,-242978.998516628
9.85,-2135883.0809098,2770304.08875833,-242989.671913374
9.9,-2136057.83729892,2770069.54670033,-243000.344724332
9.95,-2136232.58979881,2769834.99923974,-243011.016889794
10,-2136407.33902875,2769600.44569087,-243021.688485809
10.05,-2136582.08449636,2769365.88675742,-243032.359487206
10.1,-2136756.82636073,2769131.32211263,-243043.029893332
10.15,-2136931.5645057,2768896.75205103,-243053.699631314
10.2,-2137106.2988579,2768662.17649847,-243064.368705595
10.25,-2137281.02968697,2768427.5951319,-243075.03719649
10.3,-2137455.75722884,2768193.00771517,-243085.705122838
10.35,-2137630.48111645,2767958.41475414,-243096.372463502
10.4,-2137805.2007038,2767723.81705387,-243107.039180227
10.45,-2137979.91714854,2767489.21297183,-243117.705302962
10.5,-2138154.62984981,2767254.6034039,-243128.370816345
10.55,-2138329.33917056,2767019.98795322,-243139.035706394
10.6,-2138504.04451134,2766785.36730827,-243149.699936604
10.65,-2138678.74596597,2766550.74142504,-243160.363564951
10.7,-2138853.44445275,2766316.10903669,-243171.026636598
10.75,-2139028.13906068,2766081.47119421,-243181.689063769
10.8,-2139202.82990992,2765846.82791925,-243192.350897521
10.85,-2139377.51732071,2765612.17878877,-243203.012158739
10.9,-2139552.20060858,2765377.52466457,-243213.672793337
10.95,-2139726.88035218,2765142.8647863,-243224.332845346
11,-2139901.55695243,2764908.19861653,-243234.992208028
11.05,-2140076.22934952,2764673.52756573,-243245.650937695
11.1,-2140250.89840453,2764438.85047006,-243256.309095986
11.15,-2140425.56341231,2764204.16832487,-243266.96664495
11.2,-2140600.22494291,2763969.48036479,-243277.623618034
11.25,-2140774.88319393,2763734.78615286,-243288.279985118
11.3,-2140949.53741813,2763500.08682895,-243298.935727337
11.35,-2141124.18840058,2763265.38139792,-243309.590900011
11.4,-2141298.83498283,2763030.6713336,-243320.245384007
11.45,-2141473.47879379,2762795.95454088,-243330.899289456
11.5,-2141648.11833702,2762561.23295643,-243341.552554828
11.55,-2141822.75446066,2762326.50531341,-243352.205211805
11.6,-2141997.38660556,2762091.77249063,-243362.857260454
11.65,-2142172.01559206,2761857.03344824,-243373.508753863
11.7,-2142346.64041459,2761622.28940866,-243384.159626104
11.75,-2142521.26217561,2761387.53899011,-243394.809934431
11.8,-2142695.87986857,2761152.78351275,-243405.45954613
11.85,-2142870.49377397,2760918.02252526,-243416.108501468
11.9,-2143045.10425122,2760683.25562934,-243426.756880017
11.95,-2143219.71092828,2760448.48335494,-243437.404661341
12,-2143394.31429806,2760213.70499397,-243448.051875997
12.05,-2143568.91348193,2759978.92168025,-243458.698469848
12.1,-2143743.50938099,2759744.13218287,-243469.344450829
12.15,-2143918.10132462,2759509.33749182,-243479.989810831
12.2,-2144092.6898219,2759274.53685911,-243490.634543282
12.25,-2144267.27437766,2759039.73107144,-243501.27862685
12.3,-2144441.85577236,2758804.91901782,-243511.922151851
12.35,-2144616.43298392,2758570.1019184,-243522.565029177
12.4,-2144791.00695657,2758335.27862264,-243533.20732085
12.45,-2144965.57681677,2758100.45033184,-243543.848997361
12.5,-2145140.14312841,2757865.61620766,-243554.490088856
12.55,-2145314.70597615,2757630.77624779,-243565.130594816
12.6,-2145489.26508912,2757395.93084899,-243575.770454087
12.65,-2145663.82052289,2757161.07980272,-243586.409663336
12.7,-2145838.37196315,2756926.22347758,-243597.048231043
12.75,-2146012.9200743,2756691.36114338,-243607.686225679
12.8,-2146187.46447628,2756456.49317146,-243618.323628727
12.85,-2146362.00523906,2756221.61958035,-243628.960446702
12.9,-2146536.54194491,2755986.74093156,-243639.596654392
12.95,-2146711.07543874,2755751.85596193,-243650.232248274
13,-2146885.6048651,2755516.96586682,-243660.867171574
13.05,-2147060.13106059,2755282.06966018,-243671.501478723
13.1,-2147234.65317973,2755047.16830272,-243682.135172396
13.15,-2147409.17182031,2754812.26111576,-243692.768287937
13.2,-2147583.6864549,2754577.34877735,-243703.400798397
13.25,-2147758.19756754,2754342.43053693,-243714.032706587
13.3,-2147932.70533609,2754107.50617528,-243724.664009676
13.35,-2148107.20922671,2753872.57650828,-243735.294700281
13.4,-2148281.70902275,2753637.64173555,-243745.924741506
13.45,-2148456.20526835,2753402.70125812,-243756.554141164
13.5,-2148630.69833164,2753167.75455434,-243767.182978235
13.55,-2148805.18725133,2752932.80273571,-243777.811188393
13.6,-2148979.67289458,2752697.84472391,-243788.43878928
13.65,-2149154.15410499,2752462.88212241,-243799.06575756
13.7,-2149328.63217028,2752227.91313556,-243809.692163021
13.75,-2149503.10650752,2751992.93862648,-243820.317976958
13.8,-2149677.57724907,2751757.95846456,-243830.943141161
13.85,-2149852.04387464,2751522.97320551,-243841.567644559
13.9,-2150026.50680665,2751287.98228938,-243852.191505917
13.95,-2150200.96651114,2751052.98514347,-243862.814805113
14,-2150375.42266762,2750817.98216737,-243873.437520859
14.05,-2150549.87468617,2750582.97421554,-243884.059620885
14.1,-2150724.32288681,2750347.96080132,-243894.681118435
14.15,-2150898.76762623,2750112.94151068,-243905.301978762
14.2,-2151073.20840767,2749877.91700299,-243915.922197188
14.25,-2151247.64596172,2749642.88612767,-243926.541786953
14.3,-2151422.07956617,2749407.84999576,-243937.160772522
14.35,-2151596.5094411,2749172.8083372,-243947.779165658
14.4,-2151770.93543304,2748937.76124929,-243958.396955681
14.45,-2151945.35795218,2748702.7082908,-243969.014169056
14.5,-2152119.77669954,2748467.64985218,-243979.630782791
14.55,-2152294.191833,2748232.58563229,-243990.246688442
14.6,-2152468.60300559,2747997.51614122,-244000.861953107
14.65,-2152643.0106425,2747762.44082586,-244011.47663345
14.7,-2152817.41453212,2747527.35993507,-244022.090720718
14.75,-2152991.8146057,2747292.27363185,-244032.704208606
14.8,-2153166.21122101,2747057.18135683,-244043.317118612
14.85,-2153340.60405859,2746822.08357794,-244053.929430064
14.9,-2153514.99301114,2746586.98048047,-244064.54109078
14.95,-2153689.37830097,2746351.87157695,-244075.152091255
15,-2153863.76005472,2746116.75689277,-244085.762470758
15.05,-2154038.13777456,2745881.63706062,-244096.372239507
15.1,-2154212.5123892,2745646.51077759,-244106.981448031
15.15,-2154386.88242747,2745411.38008136,-244117.590014898
15.2,-2154561.24957516,2745176.24265063,-244128.198026319
15.25,-2154735.61239983,2744941.10044062,-244138.805416642
15.3,-2154909.9714293,2744705.95275031,-244149.41216604
15.35,-2155084.32735991,2744470.7985443,-244160.018244364
15.4,-2155258.67912387,2744235.63937635,-244170.623705272
15.45,-2155433.0274327,2744000.47426901,-244181.228588354
15.5,-2155607.37157026,2743765.30411174,-244191.832849527
15.55,-2155781.71259231,2743530.12761296,-244202.436553754
15.6,-2155956.04945166,2743294.94608151,-244213.03963818
15.65,-2156130.38277001,2743059.75871058,-244223.642118508
15.7,-2156304.71211203,2742824.56612099,-244234.243901474
15.75,-2156479.0380103,2742589.36742277,-244244.845058618
15.8,-2156653.3601443,2742354.16323717,-244255.445617846
15.85,-2156827.67859765,2742118.95337334,-244266.045587443
15.9,-2157001.99291041,2741883.73844852,-244276.644937949
15.95,-2157176.30366399,2741648.51774291,-244287.243707713
16,-2157350.6110205,2741413.29092732,-244297.841899021
16.05,-2157524.9143478,2741178.05902195,-244308.439395145
16.1,-2157699.21449112,2740942.82083332,-244319.036308641
16.15,-2157873.50998232,2740707.57815754,-244329.632544664
16.2,-2158047.80216579,2740472.32930099,-244340.228185748
16.25,-2158222.09061836,2740237.07477931,-244350.823231486
16.3,-2158396.37577526,2740001.81412326,-244361.417709676
16.35,-2158570.65652285,2739766.54875029,-244372.011542334
16.4,-2158744.93369867,2739531.2776195,-244382.604724285
16.45,-2158919.20728756,2739296.00075649,-244393.197294848
16.5,-2159093.47714729,2739060.71821744,-244403.789268903
16.55,-2159267.74313284,2738825.43031808,-244414.380637937
16.6,-2159442.00552812,2738590.13655899,-244424.97142052
16.65,-2159616.26372168,2738354.83777999,-244435.561555319
16.7,-2159790.51836088,2738119.533133,-244446.151075607
16.75,-2159964.76966646,2737884.22237288,-244456.739923349
16.8,-2160139.01691682,2737648.90649264,-244467.328155875
16.85,-2160313.26052485,2737413.58480522,-244477.915799294
16.9,-2160487.50017815,2737178.2578505,-244488.502834562
16.95,-2160661.73636563,2736942.92491186,-244499.089290396
17,-2160835.96852982,2736707.58673145,-244509.675136881
17.05,-2161010.19723242,2736472.24261173,-244520.260390951
17.1,-2161184.42196754,2736236.89321939,-244530.844951125
17.15,-2161358.64262222,2736001.53873462,-244541.428887919
17.2,-2161532.86016213,2735766.17774109,-244552.012268166
17.25,-2161707.07379035,2735530.81138206,-244562.595024413
17.3,-2161881.28342271,2735295.43962271,-244573.177132822
17.35,-2162055.48926008,2735060.06234155,-244583.758641692
17.4,-2162229.69168044,2734824.67905729,-244594.339552795
17.45,-2162403.89002159,2734589.29063546,-244604.919767785
17.5,-2162578.08504423,2734353.8960838,-244615.49941151
17.55,-2162752.27591626,2734118.49641011,-244626.078431967
17.6,-2162926.46341628,2733883.09066081,-244636.656882005
17.65,-2163100.64653396,2733647.68009363,-244647.234696939
17.7,-2163274.82650029,2733412.26318403,-244657.811950613
17.75,-2163449.00235722,2733176.84114516,-244668.388526786
17.8,-2163623.17431692,2732941.41375945,-244678.964453329
17.85,-2163797.34291933,2732705.98022635,-244689.539809787
17.9,-2163971.50748236,2732470.54147755,-244700.114550417
17.95,-2164145.66828704,2732235.09710726,-244710.688695534
18,-2164319.82512825,2731999.64740012,-244721.262234205
18.05,-2164493.97873254,2731764.19134481,-244731.835170414
18.1,-2164668.1281921,2731528.73020487,-244742.407369008
18.15,-2164842.27404407,2731293.26330996,-244752.978973334
18.2,-2165016.41576313,2731057.79123705,-244763.549960618
18.25,-2165190.55414142,2730822.31305856,-244774.120373336
18.3,-2165364.68860998,2730586.82941389,-244784.690181388
18.35,-2165538.81939838,2730351.34011576,-244795.259397432
18.4,-2165712.94605008,2730115.8456789,-244805.827979781
18.45,-2165887.06937468,2729880.34516149,-244816.395899589
18.5,-2166061.18860472,2729644.83941548,-244826.963203691
18.55,-2166235.30417872,2729409.3279818,-244837.529914696
18.6,-2166409.41609956,2729173.81073224,-244848.096036822
18.65,-2166583.52373619,2728938.28861583,-244858.661532262
18.7,-2166757.62823648,2728702.76002746,-244869.22646628
18.75,-2166931.72846859,2728467.22659887,-244879.790679603
18.8,-2167105.82551288,2728231.68676047,-244890.354317065
18.85,-2167279.91814396,2727996.14220023,-244900.917321976
18.9,-2167454.00711833,2727760.59183992,-244911.479734274
18.95,-2167628.09248749,2727525.03569663,-244922.041561456
19,-2167802.17401948,2727289.47402033,-244932.602773657
19.05,-2167976.25157315,2727053.90708022,-244943.163323303
19.1,-2168150.32579005,2726818.33393857,-244953.723270131
19.15,-2168324.39557556,2726582.75610166,-244964.282572153
19.2,-2168498.46206636,2726347.17196363,-244974.84130473
19.25,-2168672.5247201,2726111.58235369,-244985.399433685
19.3,-2168846.58321026,2725875.98760091,-244995.956941083
19.35,-2169020.63831308,2725640.38679863,-245006.513823977
19.4,-2169194.68933826,2725404.7808025,-245017.07004835
19.45,-2169368.73678846,2725169.16893459,-245027.625674561
19.5,-2169542.78010951,2724933.5519125,-245038.180686706
19.55,-2169716.82017042,2724697.92860087,-245048.735125569
19.6,-2169890.85590487,2724462.30041088,-245059.288936151
19.65,-2170064.88822659,2724226.66611195,-245069.84214546
19.7,-2170238.91651483,2723991.02663618,-245080.394670072
19.75,-2170412.94105191,2723755.38146967,-245090.946589439
19.8,-2170586.96180734,2723519.73073417,-245101.497909109
19.85,-2170760.97876418,2723284.07435722,-245112.048631951
19.9,-2170934.99196843,2723048.41237462,-245122.59875553
19.95,-2171109.00120685,2722812.74500157,-245133.14824994
20,-2171283.00685145,2722577.07185109,-245143.697072868
20.05,-2171457.00835759,2722341.39354993,-245154.245277168
20.1,-2171631.00651379,2722105.70905283,-245164.792906181
20.15,-2171805.00033384,2721870.01969207,-245175.339904441
20.2,-2171978.99086143,2721634.32400236,-245185.886326152
20.25,-2172152.97712385,2721398.62339616,-245196.432108669
20.3,-2172326.95970165,2721162.91705262,-245206.977226332
20.35,-2172500.93875564,2720927.20477472,-245217.521750332
20.4,-2172674.91372248,2720691.4872887,-245228.065655115
20.45,-2172848.88485331,2720455.76423102,-245238.60896077
20.5,-2173022.85203938,2720220.03576001,-245249.151658812
20.55,-2173196.81598126,2719984.30092807,-245259.693776718
20.6,-2173370.77552172,2719748.56139111,-245270.235169945
20.65,-2173544.73136573,2719512.81609258,-245280.775968562
20.7,-2173718.68334599,2719277.06525258,-245291.316160407
20.75,-2173892.63200319,2719041.30819407,-245301.855783787
20.8,-2174066.57619401,2718805.54637816,-245312.39475713
20.85,-2174240.51723957,2718569.77815872,-245322.933075167
20.9,-2174414.45361466,2718334.00551036,-245333.470743568
20.95,-2174588.38663107,2718098.22661757,-245344.007842291
21,-2174762.31584715,2717862.44213869,-245354.544337772
21.05,-2174936.24126146,2717626.65202399,-245365.080233689
21.1,-2175110.1625114,2717390.85681781,-245375.615466136
21.15,-2175284.07987865,2717155.05614019,-245386.150040406
21.2,-2175457.99396198,2716919.24920279,-245396.684067377
21.25,-2175631.90403226,2716683.43701588,-245407.217511473
21.3,-2175805.81015227,2716447.6194057,-245417.75034625
21.35,-2175979.71232756,2716211.79634514,-245428.282551565
21.4,-2176153.61071803,2715975.96771964,-245438.814073794
21.45,-2176327.50542985,2715740.13330754,-245449.345008043
21.5,-2176501.39629232,2715504.29330367,-245459.875339438
21.55,-2176675.28303777,2715268.44814145,-245470.405033051
21.6,-2176849.16600262,2715032.59734822,-245480.934072847
21.65,-2177023.04525193,2714796.7408483,-245491.462425544
21.7,-2177196.92069506,2714560.87877395,-245501.990173173
21.75,-2177370.79206491,2714325.01143104,-245512.51704794
21.8,-2177544.65974979,2714089.13827134,-245523.043375705
21.85,-2177718.52347538,2713853.2596665,-245533.568967234
21.9,-2177892.3828294,2713617.37613172,-245544.093779716
21.95,-2178066.23906951,2713381.48602505,-245554.618037275
22,-2178240.09136411,2713145.59060962,-245565.141461035
22.05,-2178413.93968991,2712909.68974677,-245575.664283495
22.1,-2178587.78388779,2712673.78373169,-245586.186485317
22.15,-2178761.62450278,2712437.87181727,-245596.708047322
22.2,-2178935.46126963,2712201.95439655,-245607.228949666
22.25,-2179109.2940016,2711966.03163846,-245617.749256703
22.3,-2179283.12313431,2711730.10292621,-245628.268969311
22.35,-2179456.94835893,2711494.16874113,-245638.788057865
22.4,-2179630.76953489,2711258.22925741,-245649.30652355
22.45,-2179804.58692826,2711022.28419968,-245659.824406395
22.5,-2179978.40056976,2710786.33349069,-245670.341635112
22.55,-2180152.2101686,2710550.37748439,-245680.858238718
22.6,-2180326.01632467,2710314.41534148,-245691.374248939
22.65,-2180499.81797137,2710078.44850394,-245701.889570928
22.7,-2180673.61641287,2709842.47530587,-245712.404356443
22.75,-2180847.41049228,2709606.49727242,-245722.918514799
22.8,-2181021.20101312,2709370.5132471,-245733.432076538
22.85,-2181194.98759812,2709134.52373905,-245743.945027041
22.9,-2181368.77014157,2708898.52885981,-245754.457361247
22.95,-2181542.54880247,2708662.52853789,-245764.969111666
23,-2181716.32373943,2708426.52256379,-245775.480202529
23.05,-2181890.09500506,2708190.51071933,-245785.990703084
23.1,-2182063.86241175,2707954.49328409,-245796.500597672
23.15,-2182237.62541159,2707718.47106627,-245807.00988827
23.2,-2182411.38465675,2707482.44316764,-245817.518568321
23.25,-2182585.14051288,2707246.40910937,-245828.026629333
23.3,-2182758.89188392,2707010.37026803,-245838.534031102
23.35,-2182932.64007329,2706774.32501836,-245849.040918833
23.4,-2183106.38352899,2706538.27537682,-245859.547135236
23.45,-2183280.12368878,2706302.21945399,-245870.052697093
23.5,-2183453.85983567,2706066.1581397,-245880.55766131
23.55,-2183627.59221556,2705830.09121336,-245891.062071203
23.6,-2183801.32033239,2705594.01919113,-245901.565850285
23.65,-2183975.04450899,2705357.94165151,-245912.06901969
23.7,-2184148.76536789,2705121.85798064,-245922.571585965
23.75,-2184322.48179043,2704885.76945221,-245933.073510954
23.8,-2184496.19498993,2704649.6744805,-245943.574861315
23.85,-2184669.90366082,2704413.57487088,-245954.075604413
23.9,-2184843.60858678,2704177.46954511,-245964.575767563
23.95,-2185017.30955014,2703941.35878742,-245975.075218129
24,-2185191.00689897,2703705.24214617,-245985.574106989
24.05,-2185364.70009403,2703469.12032231,-245996.072404978
24.1,-2185538.3897928,2703232.9924117,-246006.570111898
24.15,-2185712.07506562,2702996.85970998,-246017.067195217
24.2,-2185885.75679937,2702760.72106279,-246027.563637872
24.25,-2186059.43440445,2702524.57714634,-246038.059462521
24.3,-2186233.10813862,2702288.42771107,-246048.554739385
24.35,-2186406.77810078,2702052.2725267,-246059.049412774
24.4,-2186580.44375905,2701816.1124217,-246069.543434045
24.45,-2186754.10622425,2701579.94589162,-246080.036865655
24.5,-2186927.76410813,2701343.77465803,-246090.529654144
24.55,-2187101.41836146,2701107.59759063,-246101.02189502
24.6,-2187275.06864001,2700871.41508859,-246111.513503149
24.65,-2187448.71497568,2700635.22717472,-246122.004458615
24.7,-2187622.35736649,2700399.03377851,-246132.494833224
24.75,-2187795.99619719,2700162.83433433,-246142.984625821
24.8,-2187969.63059944,2699926.63012465,-246153.473802439
24.85,-2188143.26137961,2699690.42001945,-246163.962311703
24.9,-2188316.88803704,2699454.20472277,-246174.450248721
24.95,-2188490.51102739,2699217.98353321,-246184.93760236
25,-2188664.12985354,2698981.75720089,-246195.424380307
25.05,-2188837.74468992,2698745.52542406,-246205.910525074
25.1,-2189011.35606978,2698509.28756373,-246216.39604488
25.15,-2189184.96289504,2698273.04503908,-246226.880946756
25.2,-2189358.5663533,2698036.79623648,-246237.365301654
25.25,-2189532.16550402,2697800.54242017,-246247.849053614
25.3,-2189705.76117215,2697564.28261,-246258.332163999
25.35,-2189879.35236098,2697328.01800013,-246268.814643499
25.4,-2190052.93975859,2697091.74770881,-246279.296557278
25.45,-2190226.52331996,2696855.47175775,-246289.77787872
25.5,-2190400.10304346,2696619.19026923,-246300.25856127
25.55,-2190573.67878116,2696382.90331574,-246310.738631531
25.6,-2190747.25062767,2696146.61084622,-246321.218150325
25.65,-2190920.81806005,2695910.31347006,-246331.697042528
25.7,-2191094.38173235,2695674.01040406,-246342.175327045
25.75,-2191267.94173678,2695437.70149676,-246352.653002258
25.8,-2191441.49784616,2695201.38699364,-246363.130093984
25.85,-2191615.04990638,2694965.06716906,-246373.606613523
25.9,-2191788.59747557,2694728.74259161,-246384.082472834
25.95,-2191962.14163817,2694492.41186109,-246394.557737527
26,-2192135.68182017,2694256.07563702,-246405.032410782
26.05,-2192309.21791079,2694019.73409721,-246415.506500882
26.1,-2192482.75016129,2693783.38698351,-246425.979990488
26.15,-2192656.27799966,2693547.03497774,-246436.452812196
26.2,-2192829.80240803,2693310.67680915,-246446.925089496
26.25,-2193003.32306141,2693074.3128789,-246457.396802301
26.3,-2193176.83933823,2692837.94401689,-246467.867892373
26.35,-2193350.35147297,2692601.56997755,-246478.338320663
26.4,-2193523.85973551,2692365.19034878,-246488.808178398
26.45,-2193697.36401031,2692128.80525601,-246499.277462037
26.5,-2193870.86497505,2691892.41381903,-246509.74616138
26.55,-2194044.36140542,2691656.01776163,-246520.214217163
26.6,-2194217.85403119,2691419.61596043,-246530.681702897
26.65,-2194391.34209642,2691183.20947507,-246541.148580352
26.7,-2194564.82691493,2690946.79658609,-246551.614868772
26.75,-2194738.30755011,2690710.3785253,-246562.080530738
26.8,-2194911.78426332,2690473.95490715,-246572.545635165
26.85,-2195085.25666347,2690237.52627191,-246583.01013803
26.9,-2195258.72517806,2690001.09210994,-246593.474002669
26.95,-2195432.18993249,2689764.65217534,-246603.937294537
27,-2195605.65051048,2689528.20704612,-246614.400007229
27.05,-2195779.10721517,2689291.75628589,-246624.862131554
27.1,-2195952.55970197,2689055.3004083,-246635.323611991
27.15,-2196126.00842772,2688818.8388166,-246645.784523791
27.2,-2196299.45299246,2688582.37197154,-246656.244869029
27.25,-2196472.89394895,2688345.89917198,-246666.704621877
27.3,-2196646.33037899,2688109.42166035,-246677.163715899
27.35,-2196819.76315569,2687872.93825406,-246687.622265784
27.4,-2196993.19168366,2687636.44970089,-246698.080237197
27.45,-2197166.61641603,2687399.95548079,-246708.537619404
27.5,-2197340.0369702,2687163.45605995,-246718.994372113
27.55,-2197513.453724,2686926.95092985,-246729.450571718
27.6,-2197686.86657953,2686690.44018189,-246739.906202479
27.65,-2197860.27505179,2686453.92456731,-246750.361186891
27.7,-2198033.67956214,2686217.4034441,-246760.815589643
27.75,-2198207.07998248,2685980.8769996,-246771.269419088
27.8,-2198380.47675638,2685744.34462622,-246781.722691964
27.85,-2198553.86906384,2685507.80746843,-246792.175304159
27.9,-2198727.25779812,2685271.26429247,-246802.627386714
27.95,-2198900.64202538,2685034.71632207,-246813.078884364
28,-2199074.02257243,2684798.16253597,-246823.529744404
28.05,-2199247.39910916,2684561.60328321,-246833.980052778
28.1,-2199420.77155255,2684325.03870421,-246844.429800622
28.15,-2199594.13960504,2684088.46926139,-246854.878884051
28.2,-2199767.50375303,2683851.89419679,-246865.327413322
28.25,-2199940.86426497,2683615.31318846,-246875.775412991
28.3,-2200114.22027133,2683378.72741801,-246886.222767962
28.35,-2200287.57288671,2683142.13538225,-246896.669560849
28.4,-2200460.92056518,2682905.5391632,-246907.115765791
28.45,-2200634.26475395,2682668.9367899,-246917.561413473
28.5,-2200807.60472775,2682432.32931023,-246928.006449752
28.55,-2200980.94084679,2682195.71612852,-246938.450943022
28.6,-2201154.2726547,2681959.09789913,-246948.894847141
28.65,-2201327.60037243,2681722.47438876,-246959.338138789
28.7,-2201500.92425839,2681485.84517405,-246969.780889831
28.75,-2201674.24428637,2681249.21029644,-246980.22309032
28.8,-2201847.559818,2681012.57064427,-246990.664648477
28.85,-2202020.87164185,2680775.92511312,-247001.10567934
28.9,-2202194.17887963,2680539.27489513,-247011.546132627
28.95,-2202367.48205309,2680302.61934912,-247021.985972511
29,-2202540.78165432,2680065.95773722,-247032.425297274
29.05,-2202714.07693349,2679829.29112954,-247042.86403926
29.1,-2202887.36806678,2679592.61926573,-247053.302179682
29.15,-2203060.6547125,2679355.9425854,-247063.739766481
29.2,-2203233.93795255,2679119.25961484,-247074.176792722
29.25,-2203407.21682898,2678882.57169732,-247084.613248481
29.3,-2203580.49170183,2678645.87826925,-247095.049170365
29.35,-2203753.76213673,2678409.18002291,-247105.4844456
29.4,-2203927.02858937,2678172.4762849,-247115.919217247
29.45,-2204100.29110119,2677935.76698534,-247126.353464993
29.5,-2204273.54944727,2677699.05243292,-247136.787108466
29.55,-2204446.80361036,2677462.33268474,-247147.220220269
29.6,-2204620.05335869,2677225.60802922,-247157.652644312
29.65,-2204793.29909625,2676988.87784379,-247168.08446696
29.7,-2204966.54106478,2676752.14188224,-247178.515707729
29.75,-2205139.77877992,2676515.4008305,-247188.946384747
29.8,-2205313.01197273,2676278.65497918,-247199.376505249
29.85,-2205486.24126937,2676041.90353146,-247209.806085408
29.9,-2205659.46623686,2675805.14700766,-247220.235144036
29.95,-2205832.68763628,2675568.38445092,-247230.663681576
30,-2206005.90422772,2675331.61748216,-247241.091608247
30.05,-2206179.11703103,2675094.84479943,-247251.519010402
30.1,-2206352.32559207,2674858.06695098,-247261.945856786
30.15,-2206525.52981177,2674621.28415146,-247272.372111296
30.2,-2206698.72987249,2674384.49602697,-247282.797870882
30.25,-2206871.92566447,2674147.7027872,-247293.223076971
30.3,-2207045.11758311,2673910.9038989,-247303.647766261
30.35,-2207218.30509303,2673674.10002877,-247314.071937244
30.4,-2207391.48863232,2673437.29064788,-247324.495586039
30.45,-2207564.66758026,2673200.47658062,-247334.918674188
30.5,-2207737.84263976,2672963.65690282,-247345.341236623
30.55,-2207911.01330122,2672726.83227712,-247355.763260725
30.6,-2208084.18001239,2672490.00216673,-247366.184741313
30.65,-2208257.3422005,2672253.16720964,-247376.605701954
30.7,-2208430.50015259,2672016.32705369,-247387.026188988
30.75,-2208603.65431526,2671779.48118307,-247397.446132723
30.8,-2208776.80373266,2671542.63079787,-247407.865549643
30.85,-2208949.94960129,2671305.77435195,-247418.284449961
30.9,-2209123.09036917,2671068.91390059,-247428.702780411
30.95,-2209296.22735322,2670832.04764731,-247439.120622953
31,-2209469.36017054,2670595.17617045,-247449.537930527
31.05,-2209642.48870989,2670358.29952909,-247459.954741573
31.1,-2209815.61265117,2670121.41819368,-247470.371031826
31.15,-2209988.7328076,2669884.5311158,-247480.786831947
31.2,-2210161.84830865,2669647.63940185,-247491.202124608
31.25,-2210334.9598082,2669410.74218852,-247501.616906867
31.3,-2210508.0669658,2669173.83995669,-247512.031183088
31.35,-2210681.16992499,2668936.93249003,-247522.444962361
31.4,-2210854.26814138,2668700.02054854,-247532.85820933
31.45,-2211027.36219058,2668463.10331168,-247543.270980715
31.5,-2211200.45239306,2668226.18038079,-247553.683286408
31.55,-2211373.53807772,2667989.25263134,-247564.095080196
31.6,-2211546.61929311,2667752.32002295,-247574.506361802
31.65,-2211719.69592604,2667515.38271542,-247584.917162954
31.7,-2211892.76890425,2667278.43945946,-247595.327480393
31.75,-2212065.83716551,2667041.49163098,-247605.737334269
31.8,-2212238.90145355,2666804.53828661,-247616.146681652
31.85,-2212411.96101982,2666567.58043501,-247626.555541038
31.9,-2212585.01614292,2666330.61767681,-247636.963919868
31.95,-2212758.06722055,2666093.649454,-247647.371845723
32,-2212931.11389336,2665856.67624952,-247657.779296355
32.05,-2213104.15634118,2665619.69787904,-247668.186266843
32.1,-2213277.19403122,2665382.71497513,-247678.592763393
32.15,-2213450.22754847,2665145.72687552,-247688.998792736
32.2,-2213623.25676475,2664908.73362251,-247699.404339248
32.25,-2213796.28134458,2664671.73569857,-247709.809449659
32.3,-2213969.30148378,2664434.73290986,-247720.214086169
32.35,-2214142.31768963,2664197.72454713,-247730.618276316
32.4,-2214315.3287416,2663960.71222746,-247741.022004689
32.45,-2214488.33607712,2663723.69402706,-247751.425308734
32.5,-2214661.33857873,2663486.67142118,-247761.828165703
32.55,-2214834.33673256,2663249.64377495,-247772.230567879
32.6,-2215007.33040095,2663012.61127713,-247782.632506101
32.65,-2215180.31976393,2662775.57364242,-247793.034050658
32.7,-2215353.30462747,2662538.53121722,-247803.435143022
32.75,-2215526.28475149,2662301.48425679,-247813.835785636
32.8,-2215699.26091706,2662064.43173063,-247824.236035664
32.85,-2215872.23207654,2661827.37503071,-247834.635809262
32.9,-2216045.19916719,2661590.31294838,-247845.035217862
32.95,-2216218.16129691,2661353.24658355,-247855.434158527
33,-2216391.11933386,2661116.17489175,-247865.83270511
33.05,-2216564.07250494,2660879.09886755,-247876.230790821
33.1,-2216737.02165192,2660642.01736092,-247886.628496663
33.15,-2216909.96583404,2660404.9316279,-247897.02577672
33.2,-2217082.90580937,2660167.8406857,-247907.42265619
33.25,-2217255.84083268,2659930.74544656,-247917.819115524
33.3,-2217428.77197476,2659693.64451654,-247928.215205749
33.35,-2217601.69800057,2659456.53957839,-247938.610841166
33.4,-2217774.61971254,2659219.4295829,-247949.006087575
33.45,-2217947.53658382,2658982.31520548,-247959.400958754
33.5,-2218120.44894172,2658745.19599507,-247969.795435584
33.55,-2218293.35719689,2658508.07141124,-247980.189529552
33.6,-2218466.26028745,2658270.94286584,-247990.583190742
33.65,-2218639.15890361,2658033.80944294,-248000.976491855
33.7,-2218812.05276638,2657796.67150198,-248011.369398916
33.75,-2218984.94251835,2657559.52822492,-248021.761954277
33.8,-2219157.82725931,2657322.38077054,-248032.154100003
33.85,-2219330.70782249,2657085.2280481,-248042.545904259
33.9,-2219503.58299239,2656848.07166699,-248052.937291122
33.95,-2219676.45402457,2656610.90997539,-248063.328337579
34,-2219849.32038697,2656373.74365755,-248073.71902058
34.05,-2220022.18201367,2656136.57280425,-248084.109335108
34.1,-2220195.03910476,2655899.39714714,-248094.49929051
34.15,-2220367.89094933,2655662.21766058,-248104.88883932
34.2,-2220540.73925862,2655425.03202768,-248115.278106623
34.25,-2220713.58165658,2655187.84345785,-248125.666946306
34.3,-2220886.42031403,2654950.64901132,-248136.055480685
34.35,-2221059.25360207,2654713.45087291,-248146.443641215
34.4,-2221232.08244802,2654476.2478166,-248156.831475814
34.45,-2221404.90627487,2654239.04062178,-248167.218942946
34.5,-2221577.72600822,2654001.82798803,-248177.606111038
34.55,-2221750.54035453,2653764.61171662,-248187.992936545
34.6,-2221923.3502854,2653527.39050553,-248198.379407544
34.65,-2222096.15522712,2653290.16509189,-248208.765538153
34.7,-2222268.95564283,2653052.93486914,-248219.151356943
34.75,-2222441.75110101,2652815.70040806,-248229.536848757
34.8,-2222614.54161038,2652578.46168699,-248239.922009661
34.85,-2222787.32785942,2652341.2178301,-248250.306869583
34.9,-2222960.10857064,2652103.9705243,-248260.691382435
34.95,-2223132.88514196,2651866.71785311,-248271.075619461
35,-2223305.65651489,2651629.46125553,-248281.459518799
35.05,-2223478.42327774,2651392.20001566,-248291.843106728
35.1,-2223651.18501704,2651154.93458315,-248302.226368183
35.15,-2223823.9419086,2650917.66476595,-248312.609345523
35.2,-2223996.69405218,2650680.39041783,-248322.992036722
35.25,-2224169.44109017,2650443.11209226,-248333.374423165
35.3,-2224342.18373799,2650205.82876447,-248343.756517035
35.35,-2224514.92094911,2649968.54180662,-248354.138297932
35.4,-2224687.65356435,2649731.25016864,-248364.519798854
35.45,-2224860.38122458,2649493.95430447,-248374.901022661
35.5,-2225033.10394076,2649256.6541842,-248385.281969222
35.55,-2225205.8214784,2649019.35012762,-248395.662628672
35.6,-2225378.53473711,2648782.04086787,-248406.043031419
35.65,-2225551.24218822,2648544.72854668,-248416.423096061
35.7,-2225723.94545612,2648307.41098695,-248426.802974955
35.75,-2225896.6433105,2648070.08976336,-248437.182528291
35.8,-2226069.33640696,2647832.76404073,-248447.561830744
35.85,-2226242.0243128,2647595.43444924,-248457.940883905
35.9,-2226414.70703198,2647358.10094253,-248468.31964481
35.95,-2226587.38524413,2647120.7625409,-248478.698178683
36,-2226760.05793813,2646883.42066383,-248489.076426699
36.05,-2226932.72602096,2646646.0740995,-248499.454478859
36.1,-2227105.38893877,2646408.72360848,-248509.832262819
36.15,-2227278.0464888,2646171.36942282,-248520.209779122
36.2,-2227450.69896513,2645934.01118273,-248530.58707974
36.25,-2227623.34684547,2645696.64821505,-248540.964168897
36.3,-2227795.98921774,2645459.2817718,-248551.340962923
36.35,-2227968.62687465,2645221.91076324,-248561.71757388
36.4,-2228141.25876985,2644984.53663752,-248572.093914004
36.45,-2228313.88580891,2644747.1581304,-248582.470058715
36.5,-2228486.50791877,2644509.77536585,-248592.845994734
36.55,-2228659.12477057,2644272.38877869,-248603.221725794
36.6,-2228831.73651979,2644034.99816642,-248613.597234952
36.65,-2229004.34278072,2643797.60405513,-248623.972532338
36.7,-2229176.94388603,2643560.20596887,-248634.347617327
36.75,-2229349.54009884,2643322.80359789,-248644.722511922
36.8,-2229522.13073405,2643085.39782674,-248655.097198108
36.85,-2229694.71607872,2642847.98829376,-248665.471707426
36.9,-2229867.29640429,2642610.574621,-248675.846036614
36.95,-2230039.87108412,2642373.15765106,-248686.220182532
37,-2230212.44114105,2642135.73600256,-248696.59415132
37.05,-2230385.00528891,2641898.31142038,-248706.967921119
37.1,-2230557.56443397,2641660.88266472,-248717.341521268
37.15,-2230730.11783627,2641423.45074301,-248727.714941304
37.2,-2230902.66630387,2641186.0145925,-248738.088202373
37.25,-2231075.20936864,2640948.57482912,-248748.461282337
37.3,-2231247.74687782,2640711.13165382,-248758.834192718
37.35,-2231420.27946367,2640473.68420361,-248769.207002498
37.4,-2231592.80584733,2640236.23420778,-248779.57959789
37.45,-2231765.32772348,2639998.77937776,-248789.952106682
37.5,-2231937.84354615,2639761.32185772,-248800.324419815
37.55,-2232110.35427819,2639523.86029909,-248810.696605632
37.6,-2232282.85936422,2639286.39544019,-248821.068635825
37.65,-2232455.35899794,2639048.92708662,-248831.440527854
37.7,-2232627.85312003,2638811.45520818,-248841.812291069
37.75,-2232800.34214367,2638573.97929693,-248852.183928395
37.8,-2232972.82540432,2638336.50028347,-248862.555436977
37.85,-2233145.30328185,2638099.01764061,-248872.926813481
37.9,-2233317.77521171,2637861.5321165,-248883.298081201
37.95,-2233490.24183201,2637624.04281084,-248893.669222479
38,-2233662.70321261,2637386.54971568,-248904.040275141
38.05,-2233835.15849632,2637149.05395585,-248914.411187322
38.1,-2234007.60889338,2636911.55385458,-248924.782047222
38.15,-2234180.05282653,2636674.05160689,-248935.152743081
38.2,-2234352.49170693,2636436.54526361,-248945.523400284
38.25,-2234524.92469638,2636199.03594739,-248955.893933562
38.3,-2234697.35235949,2635961.52293343,-248966.264406514
38.35,-2234869.77411432,2635724.0069926,-248976.634771485
38.4,-2235042.19039241,2635486.48756754,-248987.00505211
38.45,-2235214.60059554,2635248.96539159,-248997.375260815
38.5,-2235387.005373,2635011.43967993,-249007.745399706
38.55,-2235559.40465255,2634773.91047047,-249018.115473572
38.6,-2235731.7980089,2634536.37835325,-249028.485488544
38.65,-2235904.18550389,2634298.84322918,-249038.855430562
38.7,-2236076.56712585,2634061.30514554,-249049.225333937
38.75,-2236248.94362034,2633823.76308385,-249059.595228497
38.8,-2236421.31373574,2633586.21873727,-249069.965018336
38.85,-2236593.67859355,2633348.67059603,-249080.334818569
38.9,-2236766.0369717,2633111.12029812,-249090.704540798
38.95,-2236938.3901408,2632873.56610775,-249101.074269174
39,-2237110.73695312,2632636.0095862,-249111.443963344
39.05,-2237283.0786073,2632398.44914697,-249121.813657574
39.1,-2237455.41366482,2632160.88667072,-249132.183292092
39.15,-2237627.743018,2631923.32104754,-249142.552935424
39.2,-2237800.06651372,2631685.7524259,-249152.92260511
39.25,-2237972.38430429,2631448.18059991,-249163.292282143
39.3,-2238144.69600852,2631210.60606017,-249173.661947102
39.35,-2238317.00163944,2630973.02883891,-249184.031600314
39.4,-2238489.30151949,2630735.44844458,-249194.401288322
39.45,-2238661.59540407,2630497.86526513,-249204.771017477
39.5,-2238833.88331774,2630260.27925378,-249215.140790689
39.55,-2239006.16492877,2630022.69086813,-249225.510572254
39.6,-2239178.44076619,2629785.09935832,-249235.880416285
39.65,-2239350.71018704,2629547.50557481,-249246.25031099
39.7,-2239522.97392013,2629309.90855902,-249256.620303667
39.75,-2239695.23144152,2629072.30903998,-249266.990360871
39.8,-2239867.48266327,2628834.70709146,-249277.360506098
39.85,-2240039.72819977,2628597.10190056,-249287.73076033
39.9,-2240211.96716389,2628359.4947061,-249298.101099811
39.95,-2240384.20004529,2628121.88477901,-249308.471570183
40,-2240556.42667818,2627884.272426,-249318.842152861
40.05,-2240728.64713994,2627646.65746122,-249329.212850068
40.1,-2240900.86113744,2627409.04034477,-249339.583642288
40.15,-2241073.0695582,2627171.41979824,-249349.954641847
40.2,-2241245.27093959,2626933.79786784,-249360.325754599
40.25,-2241417.46640621,2626696.17302517,-249370.69703627
40.3,-2241589.65539996,2626458.54599635,-249381.068494295
40.35,-2241761.83825433,2626220.91632923,-249391.44010053
40.4,-2241934.01438311,2625983.2848253,-249401.811921905
40.45,-2242106.18412825,2625745.65101031,-249412.183930095
40.5,-2242278.34783996,2625508.01444963,-249422.556136283
40.55,-2242450.50501557,2625270.37574971,-249432.928554432
40.6,-2242622.6559888,2625032.73454112,-249443.301215159
40.65,-2242794.79978447,2624795.09210495,-249453.674064189
40.7,-2242966.93758386,2624557.44682448,-249464.047188014
40.75,-2243139.06866652,2624319.79965979,-249474.420535945
40.8,-2243311.19368909,2624082.14975918,-249484.794127917
40.85,-2243483.31178619,2623844.49830342,-249495.167976378
40.9,-2243655.42356177,2623606.84447319,-249505.542134132
40.95,-2243827.52846099,2623369.18896377,-249515.916540339
41,-2243999.62697296,2623131.53111443,-249526.291247658
41.05,-2244171.71911912,2622893.87092397,-249536.666261135
41.1,-2244343.80429144,2622656.20926524,-249547.041557061
41.15,-2244515.88259869,2622418.54592108,-249557.41714481
41.2,-2244687.95447181,2622180.88034179,-249567.793107446
41.25,-2244860.02009137,2621943.21228236,-249578.169395152
41.3,-2245032.07849331,2621705.54294793,-249588.54602606
41.35,-2245204.13032203,2621467.87159059,-249598.922990584
41.4,-2245376.17492177,2621230.19907477,-249609.300325352
41.45,-2245548.21332454,2620992.52392454,-249619.678068506
41.5,-2245720.24446355,2620754.84770548,-249630.056153057
41.55,-2245892.26939947,2620517.16888327,-249640.434674671
41.6,-2246064.28681425,2620279.48923425,-249650.81357371
41.65,-2246236.29743092,2620041.80786158,-249661.192899764
41.7,-2246408.30122596,2619804.12476146,-249671.572658303
41.75,-2246580.29816407,2619566.43997164,-249681.952843512
41.8,-2246752.28813226,2619328.75361161,-249692.333505988
41.85,-2246924.27089896,2619091.06602095,-249702.714604379
41.9,-2247096.24685899,2618853.37671821,-249713.096178284
41.95,-2247268.21547825,2618615.68635441,-249723.478199178
42,-2247440.17768557,2618377.99366873,-249733.860731808
42.05,-2247612.13218543,2618140.30044904,-249744.243709799
42.1,-2247784.07981623,2617902.60548927,-249754.627236706
42.15,-2247956.01993582,2617664.90972806,-249765.011296182
42.2,-2248127.9532887,2617427.21215673,-249775.395917124
42.25,-2248299.87919481,2617189.51368221,-249785.78104168
42.3,-2248471.79827085,2616951.81348868,-249796.166728837
42.35,-2248643.70981829,2616714.11248287,-249806.552963357
42.4,-2248815.61391729,2616476.41055858,-249816.939774224
42.45,-2248987.51063437,2616238.70765476,-249827.327160026
42.5,-2249159.40008894,2616001.00361054,-249837.715137286
42.55,-2249331.28242495,2615763.29818688,-249848.103728913
42.6,-2249503.15688908,2615525.59246325,-249858.492900203
42.65,-2249675.02428066,2615287.88532239,-249868.882737064
42.7,-2249846.88375589,2615050.17792466,-249879.273194163
42.75,-2250018.73603107,2614812.46931729,-249889.664261821
42.8,-2250190.58066542,2614574.76009571,-249900.055940841
42.85,-2250362.41790379,2614337.04987021,-249910.448261852
42.9,-2250534.24706191,2614099.33958943,-249920.841242043
42.95,-2250706.06883406,2613861.62832881,-249931.23489912
43,-2250877.88318073,2613623.91617228,-249941.629250147
43.05,-2251049.68976002,2613386.20351931,-249952.024265372
43.1,-2251221.48869963,2613148.49024378,-249962.419972232
43.15,-2251393.27936549,2612910.77715225,-249972.816376647
43.2,-2251565.06272026,2612673.06302987,-249983.213528475
43.25,-2251736.83799868,2612435.3487978,-249993.611352905
43.3,-2251908.60571013,2612197.63383287,-250004.009902942
43.35,-2252080.36534618,2611959.91893235,-250014.409105804
43.4,-2252252.1172872,2611722.20346193,-250024.809081486
43.45,-2252423.86086982,2611484.48830255,-250035.20979041
43.5,-2252595.59703797,2611246.77224757,-250045.611261627
43.55,-2252767.32467508,2611009.05677127,-250056.013444198
43.6,-2252939.04487456,2610771.34039988,-250066.416430677
43.65,-2253110.756137,2610533.62518027,-250076.82015012
43.7,-2253282.45981329,2610295.90926295,-250087.22469091
43.75,-2253454.15518763,2610058.19363116,-250097.630005599
43.8,-2253625.8425624,2609820.47787499,-250108.036102086
43.85,-2253797.52173554,2609582.7622903,-250118.442979845
43.9,-2253969.19207876,2609345.0477054,-250128.85064664
43.95,-2254140.85471892,2609107.33261479,-250139.259156462
44,-2254312.5089347,2608869.61799753,-250149.668467676
44.05,-2254484.15507696,2608631.90338607,-250160.078604169
44.1,-2254655.79234274,2608394.18984195,-250170.489519375
44.15,-2254827.42128827,2608156.47666767,-250180.901306097
44.2,-2254999.0417826,2607918.76399534,-250191.313937939
44.25,-2255170.65397416,2607681.05164438,-250201.727398761
44.3,-2255342.25761371,2607443.33997599,-250212.141713675
44.35,-2255513.85249268,2607205.62928907,-250222.556887016
44.4,-2255685.43877314,2606967.9192963,-250232.972934532
44.45,-2255857.01650059,2606730.21000041,-250243.389863588
44.5,-2256028.58587469,2606492.50112154,-250253.807687109
44.55,-2256200.14599914,2606254.79386707,-250264.22637672
44.6,-2256371.69772379,2606017.08709677,-250274.645966248
44.65,-2256543.24034978,2605779.38178275,-250285.066468099
44.7,-2256714.77452887,2605541.67700251,-250295.487924312
44.75,-2256886.29951633,2605303.97379726,-250305.910274865
44.8,-2257057.81587068,2605066.27142318,-250316.333554619
44.85,-2257229.32304621,2604828.57062934,-250326.757785693
44.9,-2257400.8212213,2604590.87111598,-250337.182980297
44.95,-2257572.31049979,2604353.17283258,-250347.609182581
45,-2257743.79083729,2604115.47581358,-250358.036359002
45.05,-2257915.26171858,2603877.78072612,-250368.464468692
45.1,-2258086.72363283,2603640.08696277,-250378.893556277
45.15,-2258258.17641426,2603402.39470718,-250389.323709014
45.2,-2258429.62000134,2603164.70409987,-250399.754876994
45.25,-2258601.05421815,2602927.01535116,-250410.187085892
45.3,-2258772.47903844,2602689.32846738,-250420.620326912
45.35,-2258943.89501764,2602451.64270941,-250431.054672034
45.4,-2259115.30099235,2602213.95966664,-250441.490093781
45.45,-2259286.69816725,2601976.27772125,-250451.926616963
45.5,-2259458.08550837,2601738.59827173,-250462.364196873
45.55,-2259629.46346552,2601500.92072016,-250472.802913137
45.6,-2259800.83212715,2601263.24493202,-250483.24279752
45.65,-2259972.19087348,2601025.57176695,-250493.683831407
45.7,-2260143.54011139,2600787.90067144,-250504.126005665
45.75,-2260314.87988215,2600550.23155254,-250514.569399984
45.8,-2260486.21002746,2600312.56462986,-250525.013963746
45.85,-2260657.53041089,2600074.90012489,-250535.459732702
45.9,-2260828.84076562,2599837.23842038,-250545.906735651
45.95,-2261000.14127924,2599599.57926127,-250556.355030156
46,-2261171.43247048,2599361.92190903,-250566.804571265
46.05,-2261342.71329612,2599124.26778606,-250577.255409736
46.1,-2261513.9848083,2598886.61542922,-250587.707552026
46.15,-2261685.24543791,2598648.96705579,-250598.161008278
46.2,-2261856.49646304,2598411.32091363,-250608.615731963
46.25,-2262027.73794792,2598173.67707512,-250619.071601932
46.3,-2262198.96951664,2597936.03612225,-250629.528683522
46.35,-2262370.19102837,2597698.39802696,-250639.986949327
46.4,-2262541.40224378,2597460.76337433,-250650.446339947
46.45,-2262712.60391206,2597223.13091832,-250660.90710651
46.5,-2262883.79529973,2596985.50187724,-250671.368957015
46.55,-2263054.9771612,2596747.87509684,-250681.832198504
46.6,-2263226.14816567,2596510.25234573,-250692.296660791
46.65,-2263397.30932582,2596272.632492,-250702.762304782
46.7,-2263568.46002998,2596035.01606821,-250713.229401255
46.75,-2263739.60098054,2595797.40234206,-250723.697683507
46.8,-2263910.7314343,2595559.79225602,-250734.167336356
46.85,-2264081.85148077,2595322.1855971,-250744.638323596
46.9,-2264252.96119961,2595084.58244984,-250755.110595485
46.95,-2264424.06070039,2594846.98245895,-250765.584376974
47,-2264595.14972419,2594609.38618957,-250776.059378631
47.05,-2264766.22798919,2594371.79393688,-250786.535831653
47.1,-2264937.29622671,2594134.20463319,-250797.01365705
47.15,-2265108.35326066,2593896.61997161,-250807.492776597
47.2,-2265279.40028931,2593659.0382938,-250817.973496102
47.25,-2265450.43629171,2593421.46110741,-250828.455485426
47.3,-2265621.46185632,2593183.88747609,-250838.9390087
47.35,-2265792.47638009,2592946.31830061,-250849.423851937
47.4,-2265963.48054626,2592708.75270478,-250859.91011193
47.45,-2266134.47354326,2592471.19166332,-250870.397923549
47.5,-2266305.45609237,2592233.63438947,-250880.887088337
47.55,-2266476.42723527,2591996.08204569,-250891.377799414
47.6,-2266647.38778033,2591758.53357912,-250901.869950119
47.65,-2266818.33721637,2591520.98977154,-250912.36348858
47.7,-2266989.27533276,2591283.45044474,-250922.858897269
47.75,-2267160.20225116,2591045.91564591,-250933.355988873
47.8,-2267331.11772938,2590808.38567188,-250943.85470031
47.85,-2267502.02223325,2590570.85962466,-250954.355236666
47.9,-2267672.9151456,2590333.33869199,-250964.85749781
47.95,-2267843.79675194,2590095.82240699,-250975.361594054
48,-2268014.66640006,2589858.31159462,-250985.86751417
48.05,-2268185.52492895,2589620.80542474,-250996.375061867
48.1,-2268356.37188887,2589383.30400463,-251006.884541794
48.15,-2268527.2073965,2589145.80772498,-251017.39580603
48.2,-2268698.03087156,2588908.31709788,-251027.908943259
48.25,-2268868.84283842,2588670.83151851,-251038.424008028
48.3,-2269039.64306418,2588433.35161419,-251048.940656621
48.35,-2269210.43171208,2588195.87661818,-251059.459283563
48.4,-2269381.20833283,2587958.40758158,-251069.979776802
48.45,-2269551.97327625,2587720.94385045,-251080.502173214
48.5,-2269722.72609323,2587483.48618393,-251091.026478889
48.55,-2269893.46694481,2587246.03456234,-251101.552515061
48.6,-2270064.19631818,2587008.58787782,-251112.080626719
48.65,-2270234.91300367,2586771.14823392,-251122.610509487
48.7,-2270405.61809551,2586533.71392227,-251133.142409075
48.75,-2270576.31082038,2586296.28608436,-251143.676276486
48.8,-2270746.99181238,2586058.86418901,-251154.211973324
48.85,-2270917.66044495,2585821.44857684,-251164.749735992
48.9,-2271088.31684007,2585584.03953594,-251175.289443033
48.95,-2271258.96099745,2585346.63684664,-251185.831185189
49,-2271429.59251674,2585109.24110117,-251196.375006456
49.05,-2271600.21254526,2584871.85112897,-251206.920731188
49.1,-2271770.81946235,2584634.46857335,-251217.468637005
49.15,-2271941.41447157,2584397.09234013,-251228.018542363
49.2,-2272111.99630502,2584159.72411795,-251238.570441586
49.25,-2272282.56683992,2583922.36144689,-251249.124491671
49.3,-2272453.12386443,2583685.00740977,-251259.680545181
49.35,-2272623.66863784,2583447.66026323,-251270.23877422
49.4,-2272794.2004063,2583210.3210343,-251280.799124285
49.45,-2272964.71995894,2582972.98870584,-251291.361635035
49.5,-2273135.22668313,2582735.66416877,-251301.926400893
49.55,-2273305.72031842,2582498.34776412,-251312.493394797
49.6,-2273476.20168064,2582261.03846179,-251323.062664064
49.65,-2273646.66951027,2582023.73793427,-251333.634195782
49.7,-2273817.12510088,2581786.44443244,-251344.208115401
49.75,-2273987.56748944,2581549.15933585,-251354.784412568
49.8,-2274157.99678637,2581311.88253903,-251365.363157505
49.85,-2274328.41285408,2581074.61417886,-251375.944329039
49.9,-2274498.81620451,2580837.35360491,-251386.527976921
49.95,-2274669.20624201,2580600.10161426,-251397.1141221
50,-2274839.58346702,2580362.85761147,-251407.702879751
50.05,-2275009.94718022,2580125.62251953,-251418.294238266
50.1,-2275180.29749239,2579888.39620879,-251428.888199885
50.15,-2275350.63463002,2579651.17836065,-251439.484838722
50.2,-2275520.95848161,2579413.96906494,-251450.084194273
50.25,-2275691.26918077,2579176.76827124,-251460.686313126
50.3,-2275861.56590076,2578939.57712481,-251471.291224375
50.35,-2276031.84936669,2578702.39453439,-251481.898961896
50.4,-2276202.11921178,2578465.22104258,-251492.509530095
50.45,-2276372.37555587,2578228.0564064,-251503.122975722
50.5,-2276542.6179096,2577990.90134588,-251513.739347673
50.55,-2276712.8470432,2577753.75491754,-251524.358719869
50.6,-2276883.061871,2577516.61847236,-251534.981034586
50.65,-2277053.26327206,2577279.49083409,-251545.606372868
50.7,-2277223.45043734,2577042.37306771,-251556.234724078
50.75,-2277393.62368143,2576805.26476995,-251566.866140474
50.8,-2277563.78295471,2576568.16604128,-251577.500698696
50.85,-2277733.92816669,2576331.07690718,-251588.138371949
50.9,-2277904.05899001,2576093.99778514,-251598.779150156
50.95,-2278074.17545241,2575856.92863723,-251609.42308724
51,-2278244.27806852,2575619.86882633,-251620.07020485
51.05,-2278414.36564158,2575382.81988723,-251630.720529796
51.1,-2278584.43935503,2575145.78025723,-251641.374113262
51.15,-2278754.49766653,2574908.75199252,-251652.030869523
51.2,-2278924.54181044,2574671.73331912,-251662.69086733
51.25,-2279094.57084829,2574434.72559336,-251673.354137929
51.3,-2279264.58556989,2574197.72770715,-251684.020714824
51.35,-2279434.58489963,2573960.74112488,-251694.690562492
51.4,-2279604.56930748,2573723.76514143,-251705.363694245
51.45,-2279774.53833364,2573486.800352,-251716.04010943
51.5,-2279944.49260312,2573249.84599609,-251726.719860583
51.55,-2280114.43108866,2573012.90341747,-251737.402930195
51.6,-2280284.35418137,2572775.97207311,-251748.089377897
51.65,-2280454.2618984,2572539.05192987,-251758.779174487
51.7,-2280624.15357205,2572302.14388069,-251769.472300251
51.75,-2280794.03008906,2572065.24673925,-251780.168885564
51.8,-2280963.89001493,2571828.36248679,-251790.868848198
51.85,-2281133.73416529,2571591.48999579,-251801.572268515
51.9,-2281303.5617827,2571354.63032055,-251812.279108216
51.95,-2281473.37358608,2571117.78246255,-251822.989431617
52,-2281643.16870815,2570880.94762825,-251833.703199848
52.05,-2281812.94761995,2570644.12522764,-251844.420543375
52.1,-2281982.70931292,2570407.31665599,-251855.141426931
52.15,-2282152.45414296,2570170.52143517,-251865.865870009
52.2,-2282322.18257136,2569933.73893358,-251876.593946373
52.25,-2282491.89361492,2569696.97056203,-251887.32565633
52.3,-2282661.58754949,2569460.21602891,-251898.061102556
52.35,-2282831.26412579,2569223.4756819,-251908.800282442
52.4,-2283000.92283946,2568986.75022955,-251919.543177934
52.45,-2283170.56455976,2568750.03851086,-251930.289884215
52.5,-2283340.18895228,2568513.34102273,-251941.0404448
52.55,-2283509.79514577,2568276.65906158,-251951.794896039
52.6,-2283679.38367787,2568039.99192223,-251962.553326249
52.65,-2283848.95369319,2567803.34078762,-251973.315736069
52.7,-2284018.50654639,2567566.70384959,-251984.082213692
52.75,-2284188.04059758,2567330.08345109,-251994.852778439
52.8,-2284357.55668821,2567093.47855193,-252005.627574826
52.85,-2284527.0542544,2566856.88988824,-252016.406600257
52.9,-2284696.53342421,2566620.31730991,-252027.189907903
52.95,-2284865.99424619,2566383.7608182,-252037.977555917
53,-2285035.43622426,2566147.2211769,-252048.769611282
53.05,-2285204.86004249,2565910.69751409,-252059.566200668
53.1,-2285374.26449979,2565674.191413,-252070.367179364
53.15,-2285543.65064869,2565437.70159062,-252081.172753489
53.2,-2285713.01747386,2565201.2294226,-252091.982922071
53.25,-2285882.36565287,2564964.7740133,-252102.797852783
53.3,-2286051.69457717,2564728.33631906,-252113.61762454
53.35,-2286221.004536,2564491.91591756,-252124.442264631
53.4,-2286390.29494067,2564255.5136659,-252135.271812042
53.45,-2286559.56608084,2564019.12915167,-252146.106302582
53.5,-2286728.81828658,2563782.76192918,-252156.945843457
53.55,-2286898.05043289,2563546.41360009,-252167.790466341
53.6,-2287067.26344012,2563310.08294051,-252178.640291937
53.65,-2287236.45627622,2563073.77129935,-252189.495286144
53.7,-2287405.62950216,2562837.47790965,-252200.355475144
53.75,-2287574.78255226,2562601.20350649,-252211.220956521
53.8,-2287743.91614638,2562364.94717783,-252222.091835736
53.85,-2287913.02910997,2562128.71053228,-252232.96806013
53.9,-2288082.12165394,2561892.49325471,-252243.849671109
53.95,-2288251.19381932,2561656.29523578,-252254.736697924
54,-2288420.24557278,2561420.11649542,-252265.629216808
54.05,-2288589.27637741,2561183.95775979,-252276.52723676
54.1,-2288758.28604869,2560947.81931699,-252287.430782353
54.15,-2288927.27493327,2560711.70060396,-252298.339888619
54.2,-2289096.24223541,2560475.60261964,-252309.254548688
54.25,-2289265.18872277,2560239.52441675,-252320.174831682
54.3,-2289434.11310989,2560003.4677069,-252331.100691913
54.35,-2289603.01597738,2559767.4316291,-252342.03223291
54.4,-2289771.89635088,2559531.41746376,-252352.969390505
54.45,-2289940.75539453,2559295.42355172,-252363.912265412
54.5,-2290109.59187142,2559059.45162878,-252374.860933364
54.55,-2290278.40632137,2558823.50101571,-252385.815327668
54.6,-2290447.19781845,2558587.57300854,-252396.775443512
54.65,-2290615.96609253,2558351.66782921,-252407.741258937
54.7,-2290784.71219281,2558115.78404625,-252418.712894493
54.75,-2290953.43477978,2557879.92347999,-252429.690265307
54.8,-2291122.13427455,2557644.0855683,-252440.673457029
54.85,-2291290.80987254,2557408.27144977,-252451.662487362
54.9,-2291459.46216254,2557172.48031238,-252462.657381999
54.95,-2291628.0908841,2556936.7124972,-252473.658152796
55,-2291796.69566711,2556700.96854294,-252484.664864006
55.05,-2291965.27620067,2556465.24897399,-252495.67755105
55.1,-2292133.83299652,2556229.55308981,-252506.696325267
55.15,-2292302.36467058,2555993.88281869,-252517.721126394
55.2,-2292470.87280301,2555758.23607805,-252528.752092064
55.25,-2292639.35575427,2555522.61512395,-252539.789232264
55.3,-2292807.81421536,2555287.01914095,-252550.832640271
55.35,-2292976.24763123,2555051.44890284,-252561.882404352
55.4,-2293144.6560942,2554815.90435498,-252572.938590628
55.45,-2293313.03966088,2554580.38546158,-252584.001197283
55.5,-2293481.39786078,2554344.89297121,-252595.070367149
55.55,-2293649.73119817,2554109.42626737,-252606.146200247
55.6,-2293818.03854653,2553873.98697254,-252617.228741898
55.65,-2293986.32082879,2553638.5739639,-252628.318151698
55.7,-2294154.57708503,2553403.1885762,-252639.414408989
55.75,-2294322.80793834,2553167.82998815,-252650.51764854
55.8,-2294491.012858,2552932.49906163,-252661.627937655
55.85,-2294659.19202635,2552697.19557779,-252672.745405631
55.9,-2294827.3447581,2552461.92057223,-252683.870103283
55.95,-2294995.47202592,2552226.6727096,-252695.002103015
56,-2295163.57284679,2551991.45342786,-252706.141447226
56.05,-2295331.64734985,2551756.26255878,-252717.288263479
56.1,-2295499.69526214,2551521.1005778,-252728.442625804
56.15,-2295667.71614547,2551285.96811196,-252739.604605391
56.2,-2295835.71084716,2551050.86396227,-252750.774276946
56.25,-2296003.6781617,2550815.78980633,-252761.951618221
56.3,-2296171.61900851,2550580.74444436,-252773.136797445
56.35,-2296339.53190255,2550345.72988042,-252784.329807242
56.4,-2296507.41744912,2550110.74532506,-252795.530696125
56.45,-2296675.27548551,2549875.79092233,-252806.739477363
56.5,-2296843.10600811,2549640.86666084,-252817.956209252
56.55,-2297010.90820258,2549405.97364611,-252829.180902128
56.6,-2297178.68243634,2549171.111355,-252840.413624026
56.65,-2297346.42809014,2548936.28059155,-252851.654388781
56.7,-2297514.14510291,2548701.48137663,-252862.903223906
56.75,-2297681.83356685,2548466.71356064,-252874.160133096
56.8,-2297849.49260406,2548231.97830313,-252885.425124713
56.85,-2298017.12237097,2547997.27531077,-252896.698259012
56.9,-2298184.72227363,2547762.60547471,-252907.979511833
56.95,-2298352.29303137,2547527.96762623,-252919.26890511
57,-2298519.83325173,2547293.36365197,-252930.566369504
57.05,-2298687.34405388,2547058.79201471,-252941.872033593
57.1,-2298854.82401021,2546824.25466794,-252953.185854092
57.15,-2299022.27362492,2546589.75085094,-252964.507894356
57.2,-2299189.69224254,2546355.28145405,-252975.838099665
57.25,-2299357.08058706,2546120.84545991,-252987.176563521
57.3,-2299524.43727954,2545886.44479256,-252998.523289313
57.35,-2299691.76289298,2545652.07868163,-253009.878395119
57.4,-2299859.05680547,2545417.74799265,-253021.241822168
57.45,-2300026.3196033,2545183.45193762,-253032.613684558
57.5,-2300193.55067826,2544949.19136643,-253043.993988957
57.55,-2300360.74969252,2544714.96682141,-253055.382833285
57.6,-2300527.91729083,2544480.77753133,-253066.780371968
57.65,-2300695.05206353,2544246.62542432,-253078.18654193
57.7,-2300862.1555969,2544012.50845582,-253089.601519733
57.75,-2301029.22633821,2543778.42877211,-253101.025328063
57.8,-2301196.26492241,2543544.38568357,-253112.458132087
57.85,-2301363.27083112,2543310.37992066,-253123.900016349
57.9,-2301530.24412862,2543076.41155534,-253135.351082467
57.95,-2301697.18486583,2542842.48059867,-253146.811433907
58,-2301864.09258784,2542608.58771085,-253158.281121954
58.05,-2302030.96786177,2542374.73224997,-253169.760335923
58.1,-2302197.80954624,2542140.91594889,-253181.249122737
58.15,-2302364.61849617,2541907.13762409,-253192.747633014
58.2,-2302531.39376352,2541673.39871474,-253204.255876299
58.25,-2302698.13575604,2541439.69869315,-253215.773985659
58.3,-2302864.84387557,2541206.0384843,-253227.302049541
58.35,-2303031.51888686,2540972.41712801,-253238.840235829
58.4,-2303198.15895896,2540738.83721219,-253250.388511902
58.45,-2303364.76529049,2540505.29704638,-253261.947008045
58.5,-2303531.33708368,2540271.79775148,-253273.515730044
58.55,-2303697.87443998,2540038.33923812,-253285.094750411
58.6,-2303864.37687775,2539804.9222143,-253296.684114405
58.65,-2304030.8438147,2539571.54740292,-253308.283877271
58.7,-2304197.27597323,2539338.21374892,-253319.894081886
58.75,-2304363.67248388,2539104.92244419,-253331.5146669
58.8,-2304530.03343656,2538871.67335548,-253343.1457172
58.85,-2304696.35772257,2538638.46793257,-253354.787246479
58.9,-2304862.64566842,2538405.30567982,-253366.439285284
58.95,-2305028.89711374,2538172.18672946,-253378.101804899
59,-2305195.11187054,2537939.11124863,-253389.774790904
59.05,-2305361.28926086,2537706.08014478,-253401.458284331
59.1,-2305527.42980465,2537473.09267147,-253413.15230123
59.15,-2305693.53200818,2537240.15073893,-253424.85681156
59.2,-2305859.5967498,2537007.25309234,-253436.571861513
59.25,-2306025.62386896,2536774.39990055,-253448.297463784
59.3,-2306191.61232678,2536541.59251556,-253460.033618199
59.35,-2306357.5623988,2536308.83064933,-253471.780402242
59.4,-2306523.47392693,2536076.11443339,-253483.53788206
59.45,-2306689.346606,2535843.44426975,-253495.306068557
59.5,-2306855.18041748,2535610.82020038,-253507.085054314
59.55,-2307020.97499434,2535378.24279092,-253518.874912794
59.6,-2307186.72987068,2535145.712765,-253530.675791813
59.65,-2307352.44539052,2534913.22968029,-253542.487814268
59.7,-2307518.12088452,2534680.79453909,-253554.311006965
59.75,-2307683.7570115,2534448.40648504,-253566.145606731
59.8,-2307849.35233146,2534216.06770608,-253577.991645846
59.85,-2308014.9074356,2533983.77744416,-253589.849384912
59.9,-2308180.4218494,2533751.53654272,-253601.718934532
59.95,-2308345.89550735,2533519.34515064,-253613.60043791
60,-2308511.32812927,2533287.20380318,-253625.494047247
60.05,-2308676.71927642,2533055.11330255,-253637.399878149
60.1,-2308842.06955804,2532823.07295721,-253649.318115209
60.15,-2309007.37754405,2532591.08477762,-253661.248767453
60.2,-2309172.64467068,2532359.14690905,-253673.192050366
60.25,-2309337.86923909,2532127.26184075,-253685.14790917
60.3,-2309503.05198489,2531895.42864922,-253697.116569263
60.35,-2309668.19216611,2531663.64848277,-253709.098083686
60.4,-2309833.28970634,2531431.92149298,-253721.092517862
60.45,-2309998.34447624,2531200.24789495,-253733.099928481
60.5,-2310163.35559598,2530968.62892581,-253745.12033433
60.55,-2310328.32357275,2530737.06395705,-253757.153886409
60.6,-2310493.24738126,2530505.55440051,-253769.200586825
60.65,-2310658.12636616,2530274.10115469,-253781.260466656
60.7,-2310822.96090859,2530042.70361643,-253793.333530931
60.75,-2310987.75070396,2529811.36211981,-253805.41980914
60.8,-2311152.49459017,2529580.07823763,-253817.519275315
60.85,-2311317.19338735,2529348.85087884,-253829.632055193
60.9,-2311481.8451803,2529117.68252599,-253841.757976154
60.95,-2311646.45110568,2528886.57145371,-253853.897231469
61,-2311811.01008169,2528655.51910976,-253866.049759799
61.05,-2311975.52209134,2528424.52539806,-253878.215662589
61.1,-2312139.98635132,2528193.59135446,-253890.394958714
61.15,-2312304.40266039,2527962.7171765,-253902.587697741
61.2,-2312468.77131237,2527731.90238784,-253914.793993274
61.25,-2312633.09153524,2527501.14798878,-253927.01387703
61.3,-2312797.36326018,2527270.45417353,-253939.247505832
61.35,-2312961.5856701,2527039.82205259,-253951.494994622
61.4,-2313125.75897952,2526809.25131248,-253963.756480419
61.45,-2313289.88284574,2526578.74249204,-253976.032033675
61.5,-2313453.95762667,2526348.29519787,-253988.32185918
61.55,-2313617.98254549,2526117.91061165,-254000.626109497
61.6,-2313781.9573347,2525887.58920685,-254012.944954322
61.65,-2313945.88135362,2525657.33206723,-254025.278517981
61.7,-2314109.75567548,2525427.13780164,-254037.627022047
61.75,-2314273.57897393,2525197.00842852,-254049.990580044
61.8,-2314437.35165903,2524966.94352176,-254062.36941094
61.85,-2314601.07277248,2524736.9447089,-254074.763627146
61.9,-2314764.7426476,2524507.01163079,-254087.173402945
61.95,-2314928.36097027,2524277.14482024,-254099.598796817
62,-2315091.92778314,2524047.34446482,-254112.039910867
62.05,-2315255.44244368,2523817.61152892,-254124.49687521
62.1,-2315418.90457506,2523587.9467014,-254136.969772213
62.15,-2315582.31435044,2523358.34982854,-254149.458618545
62.2,-2315745.67105633,2523128.82191484,-254161.963453362
62.25,-2315908.97507957,2522899.36249039,-254174.484338391
62.3,-2316072.22493263,2522669.97366436,-254187.021277685
62.35,-2316235.421178,2522440.65460973,-254199.574333073
62.4,-2316398.56285445,2522211.40665595,-254212.143430695
62.45,-2316561.6502856,2521982.2292353,-254224.728625321
62.5,-2316724.68268929,2521753.1233277,-254237.32995647
62.55,-2316887.65948381,2521524.08971159,-254249.947398468
62.6,-2317050.58089389,2521295.12798046,-254262.581044991
62.65,-2317213.44547596,2521066.23997224,-254275.23083229
62.7,-2317376.2544163,2520837.42384645,-254287.896926477
62.75,-2317539.00586675,2520608.68211213,-254300.579255596
62.8,-2317701.70058716,2520380.01364141,-254313.278013065
62.85,-2317864.33720008,2520151.42027337,-254325.993272524
62.9,-2318026.91606471,2519922.90134306,-254338.72516511
62.95,-2318189.43622502,2519694.458204,-254351.473775742
63,-2318351.89853978,2519466.08962642,-254364.239394702
63.05,-2318514.30139045,2519237.79793077,-254377.022097984
63.1,-2318676.64497892,2519009.5828729,-254389.822095075
63.15,-2318838.92932734,2518781.44449357,-254402.639573319
63.2,-2319001.15399238,2518553.38344252,-254415.474714327
63.25,-2319163.31850025,2518325.40061436,-254428.327699725
63.3,-2319325.42267269,2518097.49643741,-254441.19869314
63.35,-2319487.46694434,2517869.67046658,-254454.087892193
63.4,-2319649.45019533,2517641.92445621,-254466.995409553
63.45,-2319811.37264468,2517414.25830964,-254479.921388055
63.5,-2319973.23388924,2517186.67280324,-254492.865996998
63.55,-2320135.03426465,2516959.16768193,-254505.829381067
63.6,-2320296.77250392,2516731.74486999,-254518.811536635
63.65,-2320458.44920881,2516504.40369574,-254531.812578104
63.7,-2320620.0634744,2516277.14557567,-254544.832505255
63.75,-2320781.61533199,2516049.97063705,-254557.871386656
63.8,-2320943.10437684,2515822.87947285,-254570.929332817
63.85,-2321104.5300877,2515595.87281746,-254584.006288611
63.9,-2321265.89219123,2515368.95113922,-254597.102261266
63.95,-2321427.19001663,2515142.11532291,-254610.217235999
64,-2321588.4236927,2514915.36509238,-254623.351336311
64.05,-2321749.59241177,2514688.70153509,-254636.504524391
64.1,-2321910.69568522,2514462.12525063,-254649.676855781
64.15,-2322071.73275873,2514235.63707619,-254662.868349848
64.2,-2322232.70421729,2514009.23604135,-254676.079188378
64.25,-2322393.60843216,2513782.92436854,-254689.309380371
64.3,-2322554.44600867,2513556.70102125,-254702.559120734
64.35,-2322715.21543977,2513330.56796339,-254715.828433799
64.4,-2322875.91712732,2513104.52450497,-254729.117549114
64.45,-2323036.55053816,2512878.57128404,-254742.42659961
64.5,-2323197.11541146,2512652.70870439,-254755.755822945
64.55,-2323357.61123859,2512426.93742002,-254769.10544282
64.6,-2323518.03740106,2512201.2582854,-254782.475573232
64.65,-2323678.39429872,2511975.67084255,-254795.86647606
64.7,-2323838.68107816,2511750.17636095,-254809.278298785
64.75,-2323998.8982885,2511524.77423237,-254822.711286551
64.8,-2324159.04459957,2511299.46655373,-254836.165563278
64.85,-2324319.12067152,2511074.25259858,-254849.641266481
64.9,-2324479.12553918,2510849.13385741,-254863.138540039
64.95,-2324639.05968974,2510624.10991767,-254876.657507072
65,-2324798.92245979,2510399.18201428,-254890.198257107
65.05,-2324958.71354811,2510174.35079864,-254903.760839486
65.1,-2325118.43279455,2509949.61668453,-254917.345333679
65.15,-2325278.07981553,2509724.98040432,-254930.951718074
65.2,-2325437.6541181,2509500.44281982,-254944.580076118
65.25,-2325597.15526349,2509276.00467553,-254958.230413742
65.3,-2325756.58261998,2509051.66694423,-254971.902726237
65.35,-2325915.9361703,2508827.42962185,-254985.597018288
65.4,-2326075.21562886,2508603.29311981,-254999.313278436
65.45,-2326234.42009414,2508379.25862567,-255013.051488697
65.5,-2326393.54964502,2508155.32590464,-255026.811772086
65.55,-2326552.60328293,2507931.49628561,-255040.594184742
65.6,-2326711.58086407,2507707.76975879,-255054.398838082
65.65,-2326870.48200325,2507484.14667557,-255068.225880109
65.7,-2327029.30623251,2507260.62747556,-255082.075464131
65.75,-2327188.05258747,2507037.21336109,-255095.947720064
65.8,-2327346.72130781,2506813.90383162,-255109.842938317
65.85,-2327505.31189604,2506590.6994973,-255123.761270622
65.9,-2327663.82361628,2506367.60120547,-255137.702933192
65.95,-2327822.25645444,2506144.60894785,-255151.668162127
66,-2327980.60989185,2505921.72349729,-255165.657214495
66.05,-2328138.88428436,2505698.94435027,-255179.670365442
66.1,-2328297.07819826,2505476.27367012,-255193.707654537
66.15,-2328455.19229546,2505253.71065911,-255207.769386891
66.2,-2328613.22541314,2505031.2570814,-255221.855644484
66.25,-2328771.17782795,2504808.91290257,-255235.966638005
66.3,-2328929.04927152,2504586.67870121,-255250.10245358
66.35,-2329086.83956102,2504364.55497662,-255264.263039273
66.4,-2329244.54737857,2504142.54384123,-255278.448386682
66.45,-2329402.17340368,2503920.6446928,-255292.65867087
66.5,-2329559.7165414,2503698.85927348,-255306.893869414
66.55,-2329717.17682456,2503477.18779099,-255321.153992739
66.6,-2329874.55363921,2503255.63127309,-255335.438920701
66.65,-2330031.84627006,2503034.19076292,-255349.748615362
66.7,-2330189.05540976,2502812.86540857,-255364.083180194
66.75,-2330346.17954191,2502591.65730686,-255378.442486185
66.8,-2330503.21924256,2502370.56556198,-255392.826676188
66.85,-2330660.17301532,2502149.59215344,-255407.235745561
66.9,-2330817.04088916,2501928.73692216,-255421.669843798
66.95,-2330973.82239375,2501708.0004138,-255436.129227062
67,-2331130.51732081,2501487.38265962,-255450.614139368
67.05,-2331287.12470093,2501266.88479319,-255465.124688177
67.1,-2331443.64413494,2501046.50716337,-255479.661108888
67.15,-2331600.07575007,2500826.24946897,-255494.223702801
67.2,-2331756.41850922,2500606.11296742,-255508.812710197
67.25,-2331912.67289443,2500386.09691364,-255523.428397883
67.3,-2332068.83786536,2500166.20272226,-255538.070891852
67.35,-2332224.91387442,2499946.42970566,-255552.740436505
67.4,-2332380.8990102,2499726.78064696,-255567.437058871
67.45,-2332536.79505114,2499507.25324119,-255582.161083845
67.5,-2332692.60038052,2499287.84992115,-255596.912473248
67.55,-2332848.31468579,2499068.57128774,-255611.691289909
67.6,-2333003.93761619,2498849.41821011,-255626.497492923
67.65,-2333159.46934587,2498630.39068396,-255641.331141899
67.7,-2333314.90905449,2498411.49025536,-255656.19213374
67.75,-2333470.25683335,2498192.71703749,-255671.080381793
67.8,-2333625.51262698,2497974.0713707,-255685.995804918
67.85,-2333780.67530107,2497755.55510478,-255700.938283409
67.9,-2333935.74508015,2497537.16811877,-255715.907891566
67.95,-2334090.72102151,2497318.91190021,-255730.904674668
68,-2334245.60320156,2497100.78643141,-255745.928633645
68.05,-2334400.39078106,2496882.79282645,-255760.979810759
68.1,-2334555.08419037,2496664.93045057,-255776.058387407
68.15,-2334709.68183925,2496447.20146379,-255791.164476969
68.2,-2334864.18454803,2496229.60451091,-255806.298461516
68.25,-2335018.59055142,2496012.14193858,-255821.460437235
68.3,-2335172.90021657,2495794.81293272,-255836.650789263
68.35,-2335327.11285819,2495577.61825992,-255851.869774201
68.4,-2335481.22786352,2495360.55864126,-255867.117586041
68.45,-2335635.24528762,2495143.63373195,-255882.3944795
68.5,-2335789.16475286,2494926.84389891,-255897.70062759
68.55,-2335942.98595242,2494710.18953482,-255913.036130564
68.6,-2336096.70840061,2494493.67125158,-255928.401138374
68.65,-2336250.33153986,2494277.28998685,-255943.795766491
68.7,-2336403.85509882,2494061.04616209,-255959.219996755
68.75,-2336557.27920972,2493844.93988225,-255974.673904282
68.8,-2336710.60227879,2493628.97349343,-255990.157470012
68.85,-2336863.8249259,2493413.14655662,-256005.670784876
68.9,-2337016.94549685,2493197.46169097,-256021.213645046
68.95,-2337169.9648861,2492981.9180015,-256036.786096892
69,-2337322.88219221,2492766.51706398,-256052.388025958
69.05,-2337475.69745105,2492551.25912662,-256068.019438096
69.1,-2337628.41000341,2492336.14542466,-256083.680312842
69.15,-2337781.01953765,2492121.17658412,-256099.370773302
69.2,-2337933.52588981,2491906.35296156,-256115.090903029
69.25,-2338085.92867926,2491691.67509325,-256130.84078089
69.3,-2338238.22824559,2491477.14255932,-256146.620685455
69.35,-2338390.4230699,2491262.75743084,-256162.430834339
69.4,-2338542.51322035,2491048.51949929,-256178.271612038
69.45,-2338694.49831219,2490834.42906497,-256194.143237291
69.5,-2338846.3783703,2490620.48583617,-256210.045981256
69.55,-2338998.15234452,2490406.69105265,-256225.980013544
69.6,-2339149.82026065,2490193.04450274,-256241.945680288
69.65,-2339301.38101643,2489979.54755836,-256257.943118274
69.7,-2339452.83472857,2489766.19983199,-256273.972490793
69.75,-2339604.18087546,2489553.0019569,-256290.033937616
69.8,-2339755.41872391,2489339.95501251,-256306.127542817
69.85,-2339906.54722602,2489127.0604875,-256322.25330398
69.9,-2340057.56609719,2488914.3189368,-256338.411090164
69.95,-2340208.47572727,2488701.73003257,-256354.600959896
70,-2340359.27489131,2488489.29567141,-256370.822752028
70.05,-2340509.96347909,2488277.01640283,-256387.076385446
70.1,-2340660.54079747,2488064.89357442,-256403.361826382
70.15,-2340811.00654585,2487852.92790032,-256419.679001441
70.2,-2340961.36109742,2487641.11925322,-256436.027975378
70.25,-2341111.60375219,2487429.46887126,-256452.408805379
70.3,-2341261.73363253,2487217.97831099,-256468.82157711
70.35,-2341411.75064805,2487006.64787413,-256485.266525713
70.4,-2341561.65497877,2486795.47745521,-256501.743816352
70.45,-2341711.4462766,2486584.46764197,-256518.253546802
70.5,-2341861.12399214,2486373.61905549,-256534.796033232
70.55,-2342010.68749512,2486162.93237292,-256551.371714172
70.6,-2342160.13690404,2485952.4074162,-256567.980913209
70.65,-2342309.47071155,2485742.04597599,-256584.623729417
70.7,-2342458.68976798,2485531.8466118,-256601.300465283
70.75,-2342607.79242276,2485321.81139795,-256618.011150193
70.8,-2342756.77867013,2485111.94017974,-256634.755924332
70.85,-2342905.64814918,2484902.23335809,-256651.53469377
70.9,-2343054.40028443,2484692.69146977,-256668.347373852
70.95,-2343203.03409295,2484483.31586251,-256685.194047896
71,-2343351.54969525,2484274.1065034,-256702.074630258
71.05,-2343499.94622613,2484065.06472754,-256718.989002086
71.1,-2343648.22359698,2483856.19089731,-256735.937060527
71.15,-2343796.38107524,2483647.48642457,-256752.918648033
71.2,-2343944.4186715,2483438.95163744,-256769.933655794
71.25,-2344092.33669255,2483230.58656023,-256786.982141689
71.3,-2344240.13371999,2483022.39354133,-256804.064194019
71.35,-2344387.81077252,2482814.37174355,-256821.179876951
71.4,-2344535.36635867,2482606.52339782,-256838.329200904
71.45,-2344682.80138555,2482398.84754935,-256855.512733507
71.5,-2344830.11484488,2482191.34596428,-256872.730551443
71.55,-2344977.30720221,2481984.018194,-256889.983007627
71.6,-2345124.37755839,2481776.86546903,-256907.270287323
71.65,-2345271.32574038,2481569.88791942,-256924.592611089
71.7,-2345418.15143201,2481363.08588503,-256941.950192772
71.75,-2345564.85401138,2481156.46005696,-256959.343189317
71.8,-2345711.43375634,2480950.00982218,-256976.771784778
71.85,-2345857.88903805,2480743.73720067,-256994.235848104
71.9,-2346004.2196671,2480537.64221235,-257011.735433334
71.95,-2346150.42510472,2480331.72545288,-257029.270545009
72,-2346296.50561465,2480125.98649922,-257046.841160643
72.05,-2346442.45941579,2479920.42784243,-257064.446963809
72.1,-2346588.28698958,2479715.04884472,-257082.087843887
72.15,-2346733.98717748,2479509.85133634,-257099.76369426
72.2,-2346879.56027564,2479304.83532315,-257117.474543684
72.25,-2347025.00570723,2479100.00203537,-257135.220412571
72.3,-2347170.32338374,2478895.35206334,-257153.001306955
72.35,-2347315.51243473,2478690.88708564,-257170.817230394
72.4,-2347460.57302744,2478486.60741076,-257188.668430783
72.45,-2347605.50545717,2478282.51317913,-257206.555197793
72.5,-2347750.30857653,2478078.60647344,-257224.477724789
72.55,-2347894.98262068,2477874.88732922,-257242.436364481
72.6,-2348039.52684938,2477671.35695226,-257260.431373775
72.65,-2348183.94124634,2477468.01555166,-257278.46297378
72.7,-2348328.22589746,2477264.86297351,-257296.531420919
72.75,-2348472.38030016,2477061.89978217,-257314.636810576
72.8,-2348616.40333708,2476859.12735123,-257332.779098806
72.85,-2348760.29509343,2476656.54528532,-257350.958439656
72.9,-2348904.05447419,2476454.154824,-257369.17476684
72.95,-2349047.68108626,2476251.95630779,-257387.428093917
73,-2349191.17406406,2476049.95070852,-257405.718210102
73.05,-2349334.53290385,2475848.13859339,-257424.04498927
73.1,-2349477.75767494,2475646.51975569,-257442.40839653
73.15,-2349620.84678884,2475445.09663585,-257460.808182994
73.2,-2349763.80069223,2475243.86901196,-257479.244292741
73.25,-2349906.61854061,2475042.83824015,-257497.716846981
73.3,-2350049.30002882,2474842.00529342,-257516.225980892
73.35,-2350191.8446374,2474641.37171085,-257534.77144614
73.4,-2350334.25292677,2474440.93695573,-257553.353803439
73.45,-2350476.52380658,2474240.70362108,-257571.973104854
73.5,-2350618.6581172,2474040.67097614,-257590.629654848
73.55,-2350760.65466444,2473840.84126854,-257609.323832542
73.6,-2350902.51350536,2473641.21521315,-257628.055730559
73.65,-2351044.23375058,2473441.7941479,-257646.825729796
73.7,-2351185.81560705,2473242.57834517,-257665.633929532
73.75,-2351327.25925016,2473043.56753976,-257684.480321676
73.8,-2351468.56328663,2472844.76360119,-257703.364955637
73.85,-2351609.72764086,2472646.16687894,-257722.287543604
73.9,-2351750.75188931,2472447.77763661,-257741.248137175
73.95,-2351891.63536515,2472249.59711043,-257760.246567386
74,-2352032.37754777,2472051.62579098,-257779.282583352
74.05,-2352172.97824201,2471853.86424301,-257798.356229857
74.1,-2352313.43619261,2471656.314629,-257817.467151442
74.15,-2352453.75140834,2471458.97709039,-257836.615592847
74.2,-2352593.92316864,2471261.85366058,-257855.801335298
74.25,-2352733.95161338,2471064.94469221,-257875.024457498
74.3,-2352873.83692636,2470868.25102089,-257894.285163211
74.35,-2353013.57915174,2470671.77369159,-257913.583339286
74.4,-2353153.17841433,2470475.51340294,-257932.919248544
74.45,-2353292.6351114,2470279.47090183,-257952.292927372
74.5,-2353431.94978843,2470083.64644271,-257971.704462571
74.55,-2353571.12225171,2469888.04139961,-257991.15401731
74.6,-2353710.15279967,2469692.65637347,-258010.641313516
74.65,-2353849.04113313,2469497.49226029,-258030.166534025
74.7,-2353987.78815586,2469302.54872231,-258049.729502625
74.75,-2354126.39291965,2469107.82737708,-258069.329861349
74.8,-2354264.85594808,2468913.32809627,-258088.967634728
74.85,-2354403.17610207,2468719.05281775,-258108.642210288
74.9,-2354541.35357787,2468525.00125097,-258128.353604838
74.95,-2354679.38830082,2468331.17414161,-258148.101382771
75,-2354817.28016878,2468137.57188209,-258167.885288083
75.05,-2354955.02912378,2467944.19527134,-258187.705266439
75.1,-2355092.63492708,2467751.04542915,-258207.560920656
75.15,-2355230.098175,2467558.12217779,-258227.452443977
75.2,-2355367.4184323,2467365.42748607,-258247.379587787
75.25,-2355504.59718946,2467172.96037734,-258267.342446416
75.3,-2355641.6336523,2466980.7235374,-258287.340944206
75.35,-2355778.52930386,2466788.71647476,-258307.374867889
75.4,-2355915.28418451,2466596.94029567,-258327.444260528
75.45,-2356051.89938245,2466405.39527833,-258347.548918289
75.5,-2356188.37450314,2466214.08329016,-258367.688425576
75.55,-2356324.71082921,2466023.00411517,-258387.862740017
75.6,-2356460.90785083,2465832.15955003,-258408.071093191
75.65,-2356596.9663544,2465641.54926815,-258428.313384149
75.7,-2356732.88594705,2465451.17491769,-258448.588872533
75.75,-2356868.66720924,2465261.03635038,-258468.897126542
75.8,-2357004.31013578,2465071.13445071,-258489.237718355
75.85,-2357139.8141645,2464881.47048909,-258509.609801941
75.9,-2357275.18017033,2464692.04370701,-258530.013336993
75.95,-2357410.40742613,2464502.8561568,-258550.44764407
76,-2357545.49698645,2464313.90718981,-258570.912533744
76.05,-2357680.44854727,2464125.19840954,-258591.407738131
76.1,-2357815.2629908,2463936.72969152,-258611.932831486
76.15,-2357949.9402113,2463748.50243791,-258632.487804103
76.2,-2358084.48149358,2463560.51679251,-258653.072361059
76.25,-2358218.88687504,2463372.77423307,-258673.686074128
76.3,-2358353.15710339,2463185.27567561,-258694.328713072
76.35,-2358487.29324233,2462998.02122504,-258714.999571774
76.4,-2358621.2952912,2462811.0124185,-258735.698287682
76.45,-2358755.16399801,2462624.25011167,-258756.424039362
76.5,-2358888.89979837,2462437.73496493,-258777.1760236
76.55,-2359022.5035651,2462251.46725353,-258797.953513323
76.6,-2359155.97476744,2462065.44877411,-258818.755442353
76.65,-2359289.31360586,2461879.68032864,-258839.580948774
76.7,-2359422.5204523,2461694.1624569,-258860.429326213
76.75,-2359555.59563282,2461508.89544298,-258881.299625169
76.8,-2359688.53883007,2461323.88059868,-258902.191119639
76.85,-2359821.35111135,2461139.11719889,-258923.10319206
76.9,-2359954.03172484,2460954.60727541,-258944.035031717
76.95,-2360086.58198124,2460770.35038435,-258964.986559068
77,-2360219.00219346,2460586.34717388,-258985.957056095
77.05,-2360351.29297186,2460402.59825824,-259006.946006572
77.1,-2360483.45463112,2460219.10447332,-259027.952771578
77.15,-2360615.48774519,2460035.86709933,-259048.976906069
77.2,-2360747.39349235,2459852.88616718,-259070.017708953
77.25,-2360879.171652,2459670.16337283,-259091.074211086
77.3,-2361010.82340638,2459487.69861947,-259112.145783808
77.35,-2361142.34867328,2459305.49331182,-259133.23105141
77.4,-2361273.74795315,2459123.54796316,-259154.328842712
77.45,-2361405.02179202,2458941.86295785,-259175.437908006
77.5,-2361536.17016547,2458760.43892651,-259196.556893495
77.55,-2361667.1930137,2458579.27682323,-259217.684546267
77.6,-2361798.09054447,2458398.37708859,-259238.819695094
77.65,-2361928.86272092,2458217.74057093,-259259.961120982
77.7,-2362059.50948683,2458037.36819165,-259281.107776105
77.75,-2362190.03110827,2457857.26000277,-259302.258564173
77.8,-2362320.42746004,2457677.41722308,-259323.412818652
77.85,-2362450.69944914,2457497.83955564,-259344.569549313
77.9,-2362580.84695893,2457318.52803135,-259365.727951058
77.95,-2362710.8706957,2457139.48293603,-259386.887464334
78,-2362840.771836,2456960.70342686,-259408.047252617
78.05,-2362970.5504924,2456782.19058206,-259429.206299626
78.1,-2363100.20683677,2456603.94526321,-259450.363556607
78.15,-2363229.74174108,2456425.96721152,-259471.517851226
78.2,-2363359.15501848,2456248.25765288,-259492.668168935
78.25,-2363488.4472153,2456070.81636899,-259513.812892379
78.3,-2363617.61778201,2455893.64498813,-259534.950648897
78.35,-2363746.66701459,2455716.74336484,-259556.079784991
78.4,-2363875.59436638,2455540.11252394,-259577.198691952
78.45,-2364004.40002725,2455363.75236017,-259598.305843809
78.5,-2364133.08391554,2455187.66300554,-259619.399533049
78.55,-2364261.64545286,2455011.84583125,-259640.478473131
78.6,-2364390.08531857,2454836.3000486,-259661.541308419
78.65,-2364518.40275669,2454661.02686903,-259682.586776812
78.7,-2364646.59904278,2454486.02497941,-259703.613958684
78.75,-2364774.6735885,2454311.29575703,-259724.621756124
78.8,-2364902.62737319,2454136.83848878,-259745.609350809
78.85,-2365030.46051415,2453962.65358682,-259766.575814889
78.9,-2365158.17323135,2453788.74134401,-259787.52022293
78.95,-2365285.7658507,2453615.10176486,-259808.441635645
79,-2365413.23858917,2453441.73502149,-259829.338938019
79.05,-2365540.59111378,2453268.64176839,-259850.210880796
79.1,-2365667.82315918,2453095.82212332,-259871.056159414
79.15,-2365794.93448977,2452923.27613908,-259891.873344348
79.2,-2365921.92481127,2452751.00383576,-259912.660932097
79.25,-2366048.79386415,2452579.00490425,-259933.417310996
79.3,-2366175.5405411,2452407.28025888,-259954.140802756
79.35,-2366302.16525204,2452235.82865534,-259974.829957049
79.4,-2366428.66640997,2452064.65156164,-259995.483024817
79.45,-2366555.04466595,2451893.74772613,-260016.098710144
79.5,-2366681.29950763,2451723.11760778,-260036.675555869
79.55,-2366807.43083563,2451552.7610959,-260057.21231036
79.6,-2366933.43844469,2451382.67845494,-260077.707846659
79.65,-2367059.32287791,2451212.86917762,-260098.161130474
79.7,-2367185.0838231,2451043.33380757,-260118.571145317
79.75,-2367310.72164432,2450874.07182368,-260138.936973152
79.8,-2367436.23621618,2450705.08329042,-260159.257757287
79.85,-2367561.62766625,2450536.36772658,-260179.532585117
79.9,-2367686.89572806,2450367.92506589,-260199.760451592
79.95,-2367812.04015569,2450199.75491985,-260219.940366904
80,-2367937.06027493,2450031.85730311,-260240.071114255
80.05,-2368061.95523305,2449864.23226097,-260260.151481877
80.1,-2368186.72484359,2449696.87890834,-260280.180327704
80.15,-2368311.36740552,2449529.79803009,-260300.155908506
80.2,-2368435.88285523,2449362.98892298,-260320.077193702
80.25,-2368560.26952656,2449196.45175916,-260339.942462756
80.3,-2368684.52765407,2449030.18537876,-260359.750455632
80.35,-2368808.65597215,2448864.19048206,-260379.499942485
80.4,-2368932.65451651,2448698.46575396,-260399.189485247
80.45,-2369056.52279686,2448533.01159793,-260418.818111557
80.5,-2369180.26095847,2448367.82674694,-260438.384780252
80.55,-2369303.86885214,2448202.91117569,-260457.888560345
80.6,-2369427.34667807,2448038.26438314,-260477.328871983
80.65,-2369550.69443894,2447873.88556679,-260496.704791015
80.7,-2369673.91197161,2447709.77476667,-260516.015927172
80.75,-2369796.99919894,2447545.93092779,-260535.261616237
80.8,-2369919.9552244,2447382.35466927,-260554.441151127
80.85,-2370042.78012209,2447219.04503757,-260573.554158086
80.9,-2370165.47266589,2447056.00202888,-260592.599700931
80.95,-2370288.03260262,2446893.22494002,-260611.577360345
81,-2370410.4585591,2446730.71337705,-260630.486191318
81.05,-2370532.74995027,2446568.46682859,-260649.325331224
81.1,-2370654.90636839,2446406.48440053,-260668.09404888
81.15,-2370776.92604711,2446244.76637145,-260686.79108742
81.2,-2370898.80965972,2446083.31087283,-260705.41582659
81.25,-2371020.55554798,2445922.11822997,-260723.967100996
81.3,-2371142.16415448,2445761.18721205,-260742.444024893
81.35,-2371263.63516283,2445600.5173583,-260760.845856844
81.4,-2371384.96839087,2445440.1078465,-260779.171747925
81.45,-2371506.163746,2445279.95856747,-260797.421226731
81.5,-2371627.22126436,2445120.06840458,-260815.593718552
81.55,-2371748.14081724,2444960.43740366,-260833.688720136
81.6,-2371868.92213187,2444801.06559431,-260851.705980283
81.65,-2371989.56426267,2444641.95308357,-260869.645088498
81.7,-2372110.06775874,2444483.09878994,-260887.506163932
81.75,-2372230.43157753,2444324.50256332,-260905.288832668
81.8,-2372350.65474291,2444166.16497149,-260922.992818876
81.85,-2372470.73733751,2444008.08465161,-260940.618113249
81.9,-2372590.67737296,2443850.2625873,-260958.164092323
81.95,-2372710.47521598,2443692.69729097,-260975.630576653
82,-2372830.12934627,2443535.38876001,-260993.016926991
82.05,-2372949.6393562,2443378.33659948,-261010.322450283
82.1,-2373069.00461323,2443221.54043215,-261027.546661452
82.15,-2373188.2249554,2443064.99888465,-261044.688857412
82.2,-2373307.3000062,2442908.71209831,-261061.748462251
82.25,-2373426.22962816,2442752.67879112,-261078.724849963
82.3,-2373545.01330612,2442596.89924881,-261095.617363596
82.35,-2373663.65157596,2442441.37240661,-261112.425865791
82.4,-2373782.14380053,2442286.09813106,-261129.149987235
82.45,-2373900.49060678,2442131.07555196,-261145.789804445
82.5,-2374018.69117673,2441976.30475898,-261162.345225458
82.55,-2374136.74571699,2441821.78521456,-261178.816344673
82.6,-2374254.65399006,2441667.51680905,-261195.203484616
82.65,-2374372.41507706,2441513.49961229,-261211.506697796
82.7,-2374490.02953838,2441359.73277144,-261227.726248014
82.75,-2374607.4957653,2441206.21694108,-261243.862099663
82.8,-2374724.81415219,2441052.95105234,-261259.914273328
82.85,-2374841.98361124,2440899.93565067,-261275.882673214
82.9,-2374959.00389606,2440747.1698472,-261291.7669971
82.95,-2375075.87496282,2440594.6532185,-261307.56689854
83,-2375192.59580511,2440442.38559696,-261323.281895475
83.05,-2375309.16635061,2440290.36665491,-261338.911424979
83.1,-2375425.58677776,2440138.59547297,-261354.45522947
83.15,-2375541.85675053,2439987.07161891,-261369.912731892
83.2,-2375657.97639034,2439835.79495214,-261385.283616865
83.25,-2375773.94481257,2439684.76539347,-261400.56766007
83.3,-2375889.76264914,2439533.98223438,-261415.764757239
83.35,-2376005.42991774,2439383.44521732,-261430.875170798
83.4,-2376120.94597977,2439233.15466167,-261445.898860763
83.45,-2376236.31115886,2439083.11041822,-261460.836155253
83.5,-2376351.52458408,2438933.31277104,-261475.68741645
83.55,-2376466.586916,2438783.76104254,-261490.452942111
83.6,-2376581.4972727,2438634.456304,-261505.133099402
83.65,-2376696.25557174,2438485.3979287,-261519.728015922
83.7,-2376810.86172231,2438336.58621293,-261534.237960245
83.75,-2376925.31561119,2438188.02035204,-261548.663019587
83.8,-2377039.61749238,2438039.69979936,-261563.003118324
83.85,-2377153.76737194,2437891.62438625,-261577.258111109
83.9,-2377267.76431158,2437743.79432916,-261591.427649078
83.95,-2377381.60956281,2437596.20780499,-261605.511607128
84,-2377495.30286121,2437448.86471493,-261619.509690075
84.05,-2377608.84435769,2437301.76416374,-261633.421719756
84.1,-2377722.23402399,2437154.90614958,-261647.247469437
84.15,-2377835.47141047,2437008.29079458,-261660.986799759
84.2,-2377948.55742601,2436861.91676017,-261674.639862775
84.25,-2378061.49110451,2436715.78519806,-261688.206810336
84.3,-2378174.27308941,2436569.89505107,-261701.688044656
84.35,-2378286.90269049,2436424.24740132,-261715.083965738
84.4,-2378399.38005898,2436278.84184057,-261728.395164118
84.45,-2378511.70587151,2436133.67785474,-261741.622291303
84.5,-2378623.87968276,2435988.75577533,-261754.765855443
84.55,-2378735.90173871,2435844.07561361,-261767.826232868
84.6,-2378847.77209667,2435699.63754429,-261780.803804124
84.65,-2378959.49116348,2435555.44076844,-261793.698850904
84.7,-2379071.05921251,2435411.48527321,-261806.51156062
84.75,-2379182.47676968,2435267.76996319,-261819.241909025
84.8,-2379293.74357245,2435124.29555331,-261831.889625417
84.85,-2379404.86043862,2434981.06097449,-261844.454620508
84.9,-2379515.82694606,2434838.06620884,-261856.936590815
84.95,-2379626.64406574,2434695.31024412,-261869.335513274
85,-2379737.31128552,2434552.79338897,-261881.651192709
85.05,-2379847.82862633,2434410.51520126,-261893.883604061
85.1,-2379958.19605163,2434268.47566405,-261906.03303548
85.15,-2380068.41397878,2434126.67421252,-261918.099812727
85.2,-2380178.48188093,2433985.11109924,-261930.084340665
85.25,-2380288.40005645,2433843.7863305,-261941.987179214
85.3,-2380398.16880606,2433702.69961007,-261953.808953676
85.35,-2380507.78776111,2433561.85167496,-261965.550197771
85.4,-2380617.25760053,2433421.24190453,-261977.211695081
85.45,-2380726.57870777,2433280.87024855,-261988.793986222
85.5,-2380835.75129115,2433140.73682166,-262000.297448974
85.55,-2380944.77557733,2433000.84172924,-262011.722378667
85.6,-2381053.65269305,2432861.18395987,-262023.069054653
85.65,-2381162.38229248,2432721.7640561,-262034.337543745
85.7,-2381270.96556793,2432582.58079274,-262045.527806891
85.75,-2381379.40222461,2432443.63462525,-262056.639650387
85.8,-2381487.69311461,2432304.92433725,-262067.673046298
85.85,-2381595.83813116,2432166.44984283,-262078.627937802
85.9,-2381703.83759397,2432028.21056662,-262089.504238326
85.95,-2381811.69148146,2431890.20616598,-262100.301969407
86,-2381919.39940356,2431752.43669253,-262111.021215168
86.05,-2382026.9618535,2431614.90122386,-262121.662345562
86.1,-2382134.37844436,2431477.59990899,-262132.225750474
86.15,-2382241.64891472,2431340.53294678,-262142.711845089
86.2,-2382348.77338765,2431203.7000735,-262153.121198398
86.25,-2382455.75242352,2431067.10060269,-262163.454445867
86.3,-2382562.5857098,2430930.73514222,-262173.712179129
86.35,-2382669.27430188,2430794.60270104,-262183.895052814
86.4,-2382775.81773784,2430658.70427459,-262194.003386462
86.45,-2382882.21742041,2430523.03859462,-262204.03765286
86.5,-2382988.47356003,2430387.60581313,-262213.998170625
86.55,-2383094.58701914,2430252.40525968,-262223.885165201
86.6,-2383200.55821211,2430117.43682059,-262233.698708636
86.65,-2383306.38758867,2429982.70012246,-262243.438768116
86.7,-2383412.07562857,2429848.19465098,-262253.105349059
86.75,-2383517.62249898,2429713.9200885,-262262.698476022
86.8,-2383623.02895394,2429579.87524939,-262272.218185236
86.85,-2383728.29411391,2429446.06089377,-262281.664408594
86.9,-2383833.41845997,2429312.47609882,-262291.037230249
86.95,-2383938.40154662,2429179.12061107,-262300.336921876
87,-2384043.24389644,2429045.99355524,-262309.563864374
87.05,-2384147.94455683,2428913.09552379,-262318.718300352
87.1,-2384252.5036642,2428780.42614908,-262327.800613895
87.15,-2384356.92090923,2428647.98569011,-262336.811294676
87.2,-2384461.19681126,2428515.77347416,-262345.75091534
87.25,-2384565.33182594,2428383.7890057,-262354.620038211
87.3,-2384669.32584589,2428252.03276582,-262363.419084736
87.35,-2384773.17987585,2428120.50398186,-262372.148507257
87.4,-2384876.89393894,2427989.20313138,-262380.808626923
87.45,-2384980.46940942,2427858.12891417,-262389.399831685
87.5,-2385083.90670711,2427727.28137738,-262397.922326331
87.55,-2385187.20638321,2427596.66030498,-262406.376182371
87.6,-2385290.36880817,2427466.26547541,-262414.761470093
87.65,-2385393.39481102,2427336.09597389,-262423.078276322
87.7,-2385496.284149,2427206.15188582,-262431.326685223
87.75,-2385599.03768934,2427076.4321885,-262439.506730198
87.8,-2385701.65418547,2426946.93773099,-262447.618346306
87.85,-2385804.13405029,2426817.66756781,-262455.661657699
87.9,-2385906.47697552,2426688.62168045,-262463.636873462
87.95,-2386008.68269848,2426559.79969546,-262471.544108601
88,-2386110.75079657,2426431.20169608,-262479.383625042
88.05,-2386212.68094656,2426302.82765007,-262487.155653956
88.1,-2386314.47351615,2426174.67675607,-262494.8605851
88.15,-2386416.12790595,2426046.74958708,-262502.498742007
88.2,-2386517.64536657,2425919.04470634,-262510.070545555
88.25,-2386619.02542316,2425791.56293032,-262517.576203593
88.3,-2386720.26910195,2425664.30335416,-262525.01605723
88.35,-2386821.37684891,2425537.26601453,-262532.390362893
88.4,-2386922.34942621,2425410.45043161,-262539.699416375
88.45,-2387023.1876602,2425283.85614275,-262546.943420266
88.5,-2387123.89178047,2425157.4833543,-262554.122440121
88.55,-2387224.46272438,2425031.33115889,-262561.236784938
88.6,-2387324.90092162,2424905.3992334,-262568.286655046
88.65,-2387425.206154,2424779.68779315,-262575.272164479
88.7,-2387525.37887746,2424654.19607517,-262582.193526792
88.75,-2387625.41860821,2424528.92429021,-262589.050873227
88.8,-2387725.32545395,2424403.87181462,-262595.84442775
88.85,-2387825.09919788,2424279.03800135,-262602.57453196
88.9,-2387924.73892672,2424154.42363014,-262609.241380781
88.95,-2388024.24495971,2424030.02755675,-262615.845129999
89,-2388123.61663336,2423905.85018385,-262622.386010123
89.05,-2388222.85439512,2423781.89054012,-262628.864344417
89.1,-2388321.95784993,2423658.14881842,-262635.280328146
89.15,-2388420.92730233,2423534.62460805,-262641.634167719
89.2,-2388519.76304135,2423411.31772292,-262647.92603083
89.25,-2388618.46590497,2423288.22739429,-262654.15613126
89.3,-2388717.03637557,2423165.35343923,-262660.324680964
89.35,-2388815.4751691,2423042.69551014,-262666.431863114
89.4,-2388913.78276139,2422920.25341062,-262672.477851225
89.45,-2389011.96010465,2422798.02653585,-262678.462809583
89.5,-2389110.0080002,2422676.01419173,-262684.387004884
89.55,-2389207.92631906,2422554.21670257,-262690.250643131
89.6,-2389305.71616541,2422432.63280159,-262696.054031351
89.65,-2389403.37661758,2422311.26344927,-262701.797367373
89.7,-2389500.90858363,2422190.10719268,-262707.480974499
89.75,-2389598.31127587,2422069.16459356,-262713.105118781
89.8,-2389695.58516009,2421948.43449884,-262718.670168276
89.85,-2389792.72921608,2421827.9175246,-262724.176360276
89.9,-2389889.74354958,2421707.61297386,-262729.623932305
89.95,-2389986.62791183,2421587.5205134,-262735.013109483
90,-2390083.38234153,2421467.63961153,-262740.344130518
90.05,-2390180.00668146,2421347.97011183,-262745.617200915
90.1,-2390276.5010349,2421228.51179062,-262750.832404912
90.15,-2390372.86590027,2421109.26395486,-262755.989918318
90.2,-2390469.10147625,2420990.22654874,-262761.089841577
90.25,-2390565.20897678,2420871.39833531,-262766.132377495
90.3,-2390661.18821324,2420752.77982589,-262771.117658963
90.35,-2390757.04039493,2420634.36998567,-262776.045841748
90.4,-2390852.76584872,2420516.16889985,-262780.917111724
90.45,-2390948.36563929,2420398.17548546,-262785.731789214
90.5,-2391043.83985461,2420280.38988212,-262790.490212482
90.55,-2391139.18908118,2420162.81148041,-262795.192675981
90.6,-2391234.41359362,2420045.43999486,-262799.839538253
90.65,-2391329.51322375,2419928.27537005,-262804.431216011
90.7,-2391424.48802146,2419811.31722299,-262808.968116817
90.75,-2391519.33801267,2419694.56510026,-262813.450641728
90.8,-2391614.06326839,2419578.01849809,-262817.879112874
90.85,-2391708.66288756,2419461.67786128,-262822.253797789
90.9,-2391803.13733963,2419345.54216469,-262826.574972209
90.95,-2391897.48618857,2419229.61139993,-262830.842895789
91,-2391991.70995769,2419113.88458955,-262835.057717553
91.05,-2392085.8081088,2418998.3620713,-262839.219473326
91.1,-2392179.781503,2418883.04269219,-262843.328188214
91.15,-2392273.62978934,2418767.92676704,-262847.38394787
91.2,-2392367.3542716,2418653.01281588,-262851.386843191
91.25,-2392460.95485084,2418538.30116404,-262855.336927737
91.3,-2392554.43247564,2418423.79081982,-262859.234291314
91.35,-2392647.78762279,2418309.48152523,-262863.079098054
91.4,-2392741.02068662,2418195.37299313,-262866.871572613
91.45,-2392834.13235499,2418081.46457498,-262870.612038016
91.5,-2392927.12290746,2417967.75614706,-262874.300802129
91.55,-2393019.99281093,2417854.24715326,-262877.938183533
91.6,-2393112.74194961,2417740.9376144,-262881.524664547
91.65,-2393205.37077456,2417627.82677617,-262885.060739612
91.7,-2393297.87895976,2417514.91484368,-262888.546819134
91.75,-2393390.26683258,2417402.20108469,-262891.983274821
91.8,-2393482.5340638,2417289.68544806,-262895.370469889
91.85,-2393574.6804971,2417177.36752872,-262898.708754995
91.9,-2393666.70611244,2417065.24718216,-262901.99842265
91.95,-2393758.61101757,2416953.3238071,-262905.239532241
92,-2393850.39552788,2416841.59688795,-262908.432189475
92.05,-2393942.05966753,2416730.06610723,-262911.576402917
92.1,-2394033.60348413,2416618.73121004,-262914.672201605
92.15,-2394125.02749949,2416507.59145302,-262917.719594158
92.2,-2394216.33194782,2416396.64662358,-262920.718524878
92.25,-2394307.51781837,2416285.89561545,-262923.668960361
92.3,-2394398.58517936,2416175.33838476,-262926.570945022
92.35,-2394489.53449791,2416064.97445079,-262929.424551641
92.4,-2394580.36612997,2415954.80347563,-262932.2299522
92.45,-2394671.0805735,2415844.82498339,-262934.987344853
92.5,-2394761.67837754,2415735.03837584,-262937.697007666
92.55,-2394852.15928996,2415625.44386836,-262940.359333255
92.6,-2394942.52400016,2415516.04054757,-262942.974737906
92.65,-2395032.77198748,2415406.82888699,-262945.543654719
92.7,-2395122.90385002,2415297.8080163,-262948.066485817
92.75,-2395212.91957185,2415188.97768853,-262950.543683285
92.8,-2395302.81892092,2415080.33791097,-262952.975601245
92.85,-2395392.60200294,2414971.88820689,-262955.362616521
92.9,-2395482.26871902,2414863.62848229,-262957.704971429
92.95,-2395571.81973253,2414755.55770218,-262960.002851092
93,-2395661.25453986,2414647.67626404,-262962.256318859
93.05,-2395750.57387602,2414539.98301735,-262964.465486536
93.1,-2395839.77756106,2414432.47813521,-262966.630355014
93.15,-2395928.86642446,2414325.1605437,-262968.750880799
93.2,-2396017.8402716,2414218.03045243,-262970.826922764
93.25,-2396106.69992831,2414111.08681617,-262972.858477121
93.3,-2396195.44546979,2414004.32953155,-262974.845537236
93.35,-2396284.07772375,2413897.75761345,-262976.788142791
93.4,-2396372.59652555,2413791.37118993,-262978.686306822
93.45,-2396461.00217644,2413685.16966923,-262980.540187915
93.5,-2396549.29496574,2413579.15291506,-262982.350052549
93.55,-2396637.4750217,2413473.3204019,-262984.116187768
93.6,-2396725.54277331,2413367.67167458,-262985.83888093
93.65,-2396813.49759952,2413262.207285,-262987.518515772
93.7,-2396901.34036708,2413156.92600931,-262989.155487964
93.75,-2396989.07032571,2413051.82849861,-262990.750226998
93.8,-2397076.68811349,2412946.91375579,-262992.303215492
93.85,-2397164.1936711,2412842.18174386,-262993.814755452
93.9,-2397251.58692703,2412737.63232286,-262995.285157339
93.95,-2397338.86814911,2412633.26497833,-262996.714627295
94,-2397426.03758498,2412529.07933904,-262998.103385495
94.05,-2397513.09572859,2412425.07471382,-262999.451517109
94.1,-2397600.0428052,2412321.25074276,-263000.759056474
94.15,-2397686.87858228,2412217.60770688,-263002.025941441
94.2,-2397773.60422551,2412114.14433658,-263003.252142986
94.25,-2397860.21984422,2412010.86020433,-263004.437663479
94.3,-2397946.72589139,2411907.75479093,-263005.582407429
94.35,-2398033.1226525,2411804.82792539,-263006.686408835
94.4,-2398119.40983629,2411702.07951739,-263007.749567232
94.45,-2398205.58863395,2411599.50824268,-263008.772039746
94.5,-2398291.65828984,2411497.11465362,-263009.753987811
94.55,-2398377.61944394,2411394.89778623,-263010.695610413
94.6,-2398463.47200969,2411292.85778049,-263011.597254737
94.65,-2398549.21562395,2411190.99447662,-263012.459197536
94.7,-2398634.85062451,2411089.30761286,-263013.281911591
94.75,-2398720.37730597,2410987.79643332,-263014.065846164
94.8,-2398805.79510225,2410886.46139877,-263014.811493484
94.85,-2398891.10469831,2410785.30192433,-263015.519354447
94.9,-2398976.30571581,2410684.31809505,-263016.18981207
94.95,-2399061.39893067,2410583.50929424,-263016.823323568
95,-2399146.38460274,2410482.87512176,-263017.420295832
95.05,-2399231.26288131,2410382.41548626,-263017.980999192
95.1,-2399316.03456564,2410282.12990088,-263018.505738248
95.15,-2399400.69928118,2410182.01864728,-263018.994642064
95.2,-2399485.25858297,2410082.08043968,-263019.447933592
95.25,-2399569.71224823,2409982.31548532,-263019.865722451
95.3,-2399654.06104552,2409882.7231048,-263020.248044923
95.35,-2399738.30522094,2409783.30322484,-263020.595160494
95.4,-2399822.44521632,2409684.05509193,-263020.907010389
95.45,-2399906.48141453,2409584.97893279,-263021.183825299
95.5,-2399990.41394331,2409486.07384686,-263021.425809364
95.55,-2400074.24300052,2409387.33958012,-263021.633078538
95.6,-2400157.96848677,2409288.776398,-263021.806042139
95.65,-2400241.5905367,2409190.38357406,-263021.944942086
95.7,-2400325.10953916,2409092.16104681,-263022.050245139
95.75,-2400408.52523203,2408994.10812944,-263022.122384588
95.8,-2400491.83766951,2408896.22542192,-263022.161725856
95.85,-2400575.0472094,2408798.51232161,-263022.168911332
95.9,-2400658.153495,2408700.96863907,-263022.14432698
95.95,-2400741.15742118,2408603.59401144,-263022.088568733
96,-2400824.05883982,2408506.3884886,-263022.002112142
96.05,-2400906.85845603,2408409.35131348,-263021.885433171
96.1,-2400989.55650519,2408312.48285427,-263021.739010331
96.15,-2401072.1536435,2408215.78232851,-263021.563150924
96.2,-2401154.65035854,2408119.24992839,-263021.358352185
96.25,-2401237.04735967,2408022.88479952,-263021.124950735
96.3,-2401319.34493935,2407926.68698744,-263020.863148579
96.35,-2401401.54403675,2407830.65595029,-263020.573371894
96.4,-2401483.64466765,2407734.79167961,-263020.255818104
96.45,-2401565.64798221,2407639.09376008,-263019.910918498
96.5,-2401647.55346946,2407543.5617199,-263019.538872959
96.55,-2401729.36187082,2407448.19573397,-263019.139925039
96.6,-2401811.0737387,2407352.9951046,-263018.714512719
96.65,-2401892.68813067,2407257.96034702,-263018.262875411
96.7,-2401974.20639312,2407163.09038412,-263017.785625868
96.75,-2402055.6277389,2407068.38528708,-263017.283061317
96.8,-2402136.95275225,2406973.84484013,-263016.755644694
96.85,-2402218.18128219,2406879.46908154,-263016.203998855
96.9,-2402299.31307349,2406785.257594,-263015.628489249
96.95,-2402380.34889487,2406691.21011239,-263015.029895519
97,-2402461.28836873,2406597.32630503,-263014.408673775
97.05,-2402542.13230093,2406503.60604343,-263013.765385278
97.1,-2402622.88090045,2406410.04924198,-263013.100790014
97.15,-2402703.53424408,2406316.65540244,-263012.415320271
97.2,-2402784.09315301,2406223.42461504,-263011.709762581
97.25,-2402864.55816773,2406130.35599648,-263010.984634074
97.3,-2402944.92964754,2406037.44970937,-263010.240424403
97.35,-2403025.20831591,2405944.70538903,-263009.477926627
97.4,-2403105.39441899,2405852.12287163,-263008.69755425
97.45,-2403185.4895826,2405759.70126857,-263007.900093336
97.5,-2403265.49294791,2405667.44072206,-263007.085863778
97.55,-2403345.40595141,2405575.34065968,-263006.255435263
97.6,-2403425.22848148,2405483.40127002,-263005.409515702
97.65,-2403504.96051548,2405391.62209281,-263004.548456863
97.7,-2403584.60326813,2405300.0025451,-263003.673042415
97.75,-2403664.15590326,2405208.54240746,-263002.783607154
97.8,-2403743.618834,2405117.24193698,-263001.880742186
97.85,-2403822.99214033,2405026.10062484,-263000.96519317
97.9,-2403902.27575945,2404935.11786089,-263000.037301827
97.95,-2403981.46975409,2404844.29394515,-262999.097906243
98,-2404060.57434151,2404753.62795943,-262998.147472219
98.05,-2404139.58906199,2404663.12037713,-262997.186557705
98.1,-2404218.51470146,2404572.7702806,-262996.216046051
98.15,-2404297.35085673,2404482.57779958,-262995.236440214
98.2,-2404376.09878091,2404392.54201416,-262994.248699574
98.25,-2404454.7578064,2404302.6627261,-262993.253217339
98.3,-2404533.32868914,2404212.94002399,-262992.250902109
98.35,-2404611.81179969,2404123.37346546,-262991.242616976
98.4,-2404690.20765759,2404033.96212651,-262990.228906844
98.45,-2404768.51687817,2403944.70609651,-262989.210914945
98.5,-2404846.73950759,2403855.60450026,-262988.189008996
98.55,-2404924.87620845,2403766.65754856,-262987.164213251
98.6,-2405002.92735633,2403677.86468068,-262986.137377064
98.65,-2405080.89329684,2403589.22504516,-262985.1090478
98.7,-2405158.77427088,2403500.7388358,-262984.080375269
98.75,-2405236.57034003,2403412.40501582,-262983.051733884
98.8,-2405314.2815898,2403324.22394468,-262982.024047603
98.85,-2405391.9084327,2403236.19463483,-262980.998112277
98.9,-2405469.45021059,2403148.31711613,-262979.974480164
98.95,-2405546.90759365,2403060.5907563,-262978.954197883
99,-2405624.27965593,2402973.01531719,-262977.937557531
99.05,-2405701.56690591,2402885.59039701,-262976.925477305
99.1,-2405778.76915641,2402798.31548808,-262975.918775866
99.15,-2405855.88588527,2402711.19028805,-262974.917854048
99.2,-2405932.9174443,2402624.214383,-262973.923664641
99.25,-2406009.86357802,2402537.38739768,-262972.936795477
99.3,-2406086.72456479,2402450.70864803,-262971.957897005
99.35,-2406163.50008487,2402364.17806999,-262970.98777036
99.4,-2406240.19075772,2402277.79463582,-262970.027186378
99.45,-2406316.79634424,2402191.55827715,-262969.076925145
99.5,-2406393.31731993,2402105.46815842,-262968.137770366
99.55,-2406469.75399277,2402019.52373193,-262967.210512539
99.6,-2406546.10641358,2401933.72410347,-262966.295642125
99.65,-2406622.37452763,2401848.06929091,-262965.394361456
99.7,-2406698.55881571,2401762.55808173,-262964.507008249
99.75,-2406774.65954439,2401677.19007264,-262963.634666766
99.8,-2406850.6765285,2401591.96496547,-262962.777968244
99.85,-2406926.60958926,2401506.88207279,-262961.937396128
99.9,-2407002.45893593,2401421.94068662,-262961.11399628
99.95,-2407078.2241659,2401337.14044249,-262960.308113274
100,-2407153.90526214,2401252.48068948,-262959.520436503
100.05,-2407229.50205253,2401167.96094383,-262958.751512889
100.1,-2407305.01393098,2401083.58078076,-262958.001657168
100.15,-2407380.44074741,2400999.33968463,-262957.271712147
100.2,-2407455.78215055,2400915.23714286,-262956.561842706
100.25,-2407531.03837963,2400831.27218265,-262955.872557566
100.3,-2407606.20852999,2400747.44512019,-262955.204361681
100.35,-2407681.29283814,2400663.7547776,-262954.557375375
100.4,-2407756.29083021,2400580.20102548,-262953.932392656
100.45,-2407831.20286122,2400496.78293974,-262953.329537785
100.5,-2407906.02857337,2400413.5003659,-262952.749343847
100.55,-2407980.76820633,2400330.35262315,-262952.192311884
100.6,-2408055.42185387,2400247.33898437,-262951.658552302
100.65,-2408129.98930139,2400164.45924793,-262951.148938531
100.7,-2408204.47113308,2400081.71233378,-262950.663554421
100.75,-2408278.86731096,2399999.09792089,-262950.202980911
100.8,-2408353.17776758,2399916.61566435,-262949.767724524
100.85,-2408427.4026513,2399834.26480627,-262949.357908015
100.9,-2408501.54229418,2399752.04441092,-262948.974316982
100.95,-2408575.59627417,2399669.95444846,-262948.617025688
101,-2408649.56506925,2399587.99379623,-262948.28652446
101.05,-2408723.44793917,2399506.16258713,-262947.983202025
101.1,-2408797.24521365,2399424.45963295,-262947.707074768
101.15,-2408870.95650719,2399342.88453766,-262947.458702093
101.2,-2408944.58162004,2399261.43683869,-262947.23810121
101.25,-2409018.12039263,2399180.11588464,-262947.045576132
101.3,-2409091.5723822,2399098.92140121,-262946.881384805
101.35,-2409164.93757987,2399017.85248726,-262946.745392046
101.4,-2409238.21548248,2398936.90878063,-262946.638075356
101.45,-2409311.40609595,2398856.08964195,-262946.559260185
101.5,-2409384.50898262,2398775.39490653,-262946.509275635
101.55,-2409457.52421289,2398694.82387769,-262946.488270877
101.6,-2409530.45165086,2398614.37597932,-262946.496144302
101.65,-2409603.29113295,2398534.05079754,-262946.533365854
101.7,-2409676.0427848,2398453.8478887,-262946.599819313
101.75,-2409748.70669375,2398373.76669015,-262946.695825546
101.8,-2409821.28305356,2398293.80668155,-262946.821600011
101.85,-2409893.7720149,2398213.96724908,-262946.97701368
101.9,-2409966.17342541,2398134.24810998,-262947.162580507
101.95,-2410038.48775386,2398054.64867717,-262947.378249363
102,-2410110.71492994,2397975.16867121,-262947.624263768
102.05,-2410182.85546725,2397895.80727756,-262947.900893768
102.1,-2410254.90925045,2397816.56424325,-262948.207899536
102.15,-2410326.87628466,2397737.43903486,-262948.545853729
102.2,-2410398.75662935,2397658.4313536,-262948.914519805
102.25,-2410470.55056454,2397579.54045824,-262949.31410577
102.3,-2410542.25772639,2397500.7663128,-262949.744703884
102.35,-2410613.87812592,2397422.1083564,-262950.206007033
102.4,-2410685.41183531,2397343.56574606,-262950.698433012
102.45,-2410756.85835671,2397265.13869973,-262951.221697021
102.5,-2410828.21808751,2397186.82615132,-262951.775835034
102.55,-2410899.49037152,2397108.62832202,-262952.36085792
102.6,-2410970.67535463,2397030.54439152,-262952.976380542
102.65,-2411041.77274783,2396952.57395792,-262953.622721096
102.7,-2411112.78250214,2396874.71677825,-262954.299626032
102.75,-2411183.70493914,2396796.97194952,-262955.007117977
102.8,-2411254.53944874,2396719.33975449,-262955.745238054
102.85,-2411325.28663606,2396641.81917604,-262956.513686239
102.9,-2411395.94589593,2396564.41024164,-262957.312789889
102.95,-2411466.51804877,2396487.11209503,-262958.142394368
103,-2411537.00272671,2396409.92485762,-262959.002578769
103.05,-2411607.40040812,2396332.84788392,-262959.89344493
103.1,-2411677.71115037,2396255.88095235,-262960.814746767
103.15,-2411747.93543941,2396179.02320737,-262961.766869067
103.2,-2411818.07320079,2396102.27487163,-262962.749601622
103.25,-2411888.12495358,2396025.63533746,-262963.763127975
103.3,-2411958.09060632,2395949.10459773,-262964.807459991
103.35,-2412027.97088311,2395872.68184234,-262965.882316388
103.4,-2412097.76541657,2395796.36712851,-262966.987980614
103.45,-2412167.47497913,2395720.15979289,-262968.124166091
103.5,-2412237.09925336,2395644.05995425,-262969.290898136
103.55,-2412306.63855764,2395568.06717323,-262970.488151823
103.6,-2412376.09297946,2395492.18120186,-262971.715514515
103.65,-2412445.46247678,2395416.4015956,-262972.973153857
103.7,-2412514.7471971,2395340.72829096,-262974.26068087
103.75,-2412583.94711667,2395265.16093811,-262975.578045078
103.8,-2412653.06228239,2395189.69929547,-262976.925125283
103.85,-2412722.09256737,2395114.34328285,-262978.301448093
103.9,-2412791.03827482,2395039.09198898,-262979.707190749
103.95,-2412859.8989977,2394963.94595754,-262981.141923161
104,-2412928.67529218,2394888.9042693,-262982.605698719
104.05,-2412997.36694501,2394813.96702171,-262984.098399877
104.1,-2413065.97434835,2394739.13363624,-262985.619543726
104.15,-2413134.49734144,2394664.40390836,-262987.169486919
104.2,-2413202.93618765,2394589.77776991,-262988.747881365
104.25,-2413271.29150851,2394515.25442373,-262990.354798298
104.3,-2413339.56294239,2394440.83425404,-262991.990243119
104.35,-2413407.7513474,2394366.5164525,-262993.653883647
104.4,-2413475.85655258,2394292.30100673,-262995.346031021
104.45,-2413543.8792487,2394218.18754809,-262997.066429713
104.5,-2413611.81929434,2394144.17626198,-262998.815106679
104.55,-2413679.67771677,2394070.26617821,-263000.592124223
104.6,-2413747.45413433,2393996.45783536,-263002.397470021
104.65,-2413815.14906246,2393922.75078302,-263004.231117104
104.7,-2413882.76284591,2393849.144847,-263006.092942331
104.75,-2413950.29568492,2393775.63996334,-263007.98280026
104.8,-2414017.74800313,2393702.23577475,-263009.900565807
104.85,-2414085.11986015,2393628.93227431,-263011.846031564
104.9,-2414152.41157501,2393555.7291677,-263013.819061193
104.95,-2414219.62307796,2393482.62657412,-263015.819431261
105,-2414286.75480947,2393409.62407424,-263017.846935694
105.05,-2414353.80665848,2393336.72179869,-263019.901383295
105.1,-2414420.77893976,2393263.91933451,-263021.982524098
105.15,-2414487.67148963,2393191.21678399,-263024.090130027
105.2,-2414554.48489025,2393118.61347497,-263026.224016764
105.25,-2414621.21867085,2393046.10989043,-263028.38405539
105.3,-2414687.87353112,2392973.70523565,-263030.57000938
105.35,-2414754.44914694,2392901.39964898,-263032.781716913
105.4,-2414820.94580688,2392829.19279648,-263035.019022065
105.45,-2414887.36381342,2392757.08430614,-263037.281980718
105.5,-2414953.7031598,2392685.07414062,-263039.570105629
105.55,-2415019.96401667,2392613.16210421,-263041.883654278
105.6,-2415086.14693181,2392541.34752856,-263044.222480357
105.65,-2415152.25147786,2392469.63075569,-263046.586356106
105.7,-2415218.27853035,2392398.01108673,-263048.975441487
105.75,-2415284.22822764,2392326.48831076,-263051.38957109
105.8,-2415350.10050283,2392255.06252697,-263053.828674535
105.85,-2415415.89619401,2392183.73279848,-263056.292740466
105.9,-2415481.61482931,2392112.49968259,-263058.78160355
105.95,-2415547.25746569,2392041.36215074,-263061.295511687
106,-2415612.82372373,2391970.32072519,-263063.834029592
106.05,-2415678.31414584,2391899.37485274,-263066.397295644
106.1,-2415743.72886465,2391828.524441,-263068.985130576
106.15,-2415809.06811771,2391757.76924514,-263071.59732348
106.2,-2415874.3320376,2391687.10915181,-263074.233951052
106.25,-2415939.52099975,2391616.54385459,-263076.894526087
106.3,-2416004.63473373,2391546.07357921,-263079.579213394
106.35,-2416069.67378865,2391475.69761108,-263082.287710861
106.4,-2416134.63782958,2391405.41635903,-263085.019783459
106.45,-2416199.52736619,2391335.22935307,-263087.775353449
106.5,-2416264.3422439,2391265.13666286,-263090.554150205
106.55,-2416329.08257841,2391195.1380624,-263093.356044721
106.6,-2416393.74877423,2391125.23301229,-263096.180842746
106.65,-2416458.34043889,2391055.42182982,-263099.028386635
106.7,-2416522.85822077,2390985.703702,-263101.898666481
106.75,-2416587.3016706,2390916.07906789,-263104.791304544
106.8,-2416651.67139395,2390846.54719413,-263107.706485256
106.85,-2416715.9671795,2390777.10821499,-263110.644010945
106.9,-2416780.18947113,2390707.76157705,-263113.603815115
106.95,-2416844.3381956,2390638.50729881,-263116.585882382
107,-2416908.41361877,2390569.34506023,-263119.59014578
107.05,-2416972.41615447,2390500.27433985,-263122.616613681
107.1,-2417036.34580803,2390431.29501748,-263125.665247666
107.15,-2417100.20277901,2390362.40689486,-263128.736038381
107.2,-2417163.98732596,2390293.60969001,-263131.828973536
107.25,-2417227.69989185,2390224.90289205,-263134.944096439
107.3,-2417291.34025427,2390156.28666884,-263138.081311643
107.35,-2417354.90907555,2390087.76027567,-263141.240606767
107.4,-2417418.40614626,2390019.32394774,-263144.421914156
107.45,-2417481.83196582,2389950.97709781,-263147.625345354
107.5,-2417545.18654654,2389882.71973939,-263150.850422057
107.55,-2417608.47001307,2389814.55167717,-263154.097403804
107.6,-2417671.68252058,2389746.47273225,-263157.366087328
107.65,-2417734.82420894,2389678.48268955,-263160.65619941
107.7,-2417797.89511214,2389610.58151684,-263163.967710698
107.75,-2417860.89554694,2389542.76885745,-263167.300452253
107.8,-2417923.82526283,2389475.04487668,-263170.654224191
107.85,-2417986.68468484,2389407.40895793,-263174.028918809
107.9,-2418049.47352144,2389339.86131917,-263177.424304674
107.95,-2418112.19216406,2389272.4017213,-263180.84031386
108,-2418174.84054602,2389205.03008184,-263184.276726193
108.05,-2418237.41881661,2389137.74614211,-263187.733377483
108.1,-2418299.92706045,2389070.54967041,-263191.21017656
108.15,-2418362.3651934,2389003.44077003,-263194.706985976
108.2,-2418424.73375767,2388936.41884133,-263198.223782947
108.25,-2418487.03247657,2388869.48413011,-263201.76044868
108.3,-2418549.26192429,2388802.63587223,-263205.316933803
108.35,-2418611.42187099,2388735.87431833,-263208.893175734
108.4,-2418673.51287814,2388669.19879106,-263212.489218015
108.45,-2418735.53470962,2388602.60954407,-263216.105022815
108.5,-2418797.48786995,2388536.10596543,-263219.740581974
108.55,-2418859.37243528,2388469.68790519,-263223.395911239
108.6,-2418921.18859238,2388403.35508809,-263227.071009444
108.65,-2418982.936684,2388337.10714884,-263230.765860135
108.7,-2419044.6166476,2388270.94411342,-263234.480507641
108.75,-2419106.22896257,2388204.86543493,-263238.214939642
108.8,-2419167.77341251,2388138.87120732,-263241.969067981
108.85,-2419229.25063094,2388072.96071612,-263245.742903019
108.9,-2419290.66015832,2388007.13437416,-263249.536381229
108.95,-2419352.00257719,2387941.3915365,-263253.349444409
109,-2419413.27780743,2387875.73223756,-263257.182019835
109.05,-2419474.48593778,2387810.1562486,-263261.033994576
109.1,-2419535.6272784,2387744.66313868,-263264.905228694
109.15,-2419596.70150351,2387679.25321944,-263268.795589721
109.2,-2419657.70906775,2387613.9259588,-263272.70499836
109.25,-2419718.64964019,2387548.68163498,-263276.633292284
109.3,-2419779.52371242,2387483.51957719,-263280.580286163
109.35,-2419840.33099379,2387418.44008039,-263284.545847251
109.4,-2419901.07171393,2387353.4428492,-263288.529838296
109.45,-2419961.74590238,2387288.52778795,-263292.532167184
109.5,-2420022.35378551,2387223.69464256,-263296.552667098
109.55,-2420082.89537669,2387158.94329712,-263300.591232111
109.6,-2420143.37075709,2387094.27363019,-263304.647762104
109.65,-2420203.77993858,2387029.68565483,-263308.722135359
109.7,-2420264.12342744,2386965.17880449,-263312.814361
109.75,-2420324.40096583,2386900.75338648,-263316.924321225
109.8,-2420384.61317767,2386836.40860795,-263321.051995538
109.85,-2420444.75981032,2386772.14472728,-263325.197315464
109.9,-2420504.84119233,2386707.96141203,-263329.360310355
109.95,-2420564.85753825,2386643.85844042,-263333.540990716
110,-2420624.80908238,2386579.8355208,-263337.739314479
110.05,-2420684.69589488,2386515.89249142,-263341.955271353
110.1,-2420744.51814587,2386452.0291754,-263346.18887409
110.15,-2420804.27617812,2386388.2451607,-263350.440137277
110.2,-2420863.96982556,2386324.54060155,-263354.709030547
110.25,-2420923.59968034,2386260.9147748,-263358.995586478
110.3,-2420983.16540911,2386197.36797952,-263363.299713917
110.35,-2421042.66744683,2386133.89963372,-263367.621376158
110.4,-2421102.10566482,2386070.50985568,-263371.960533015
110.45,-2421161.48041349,2386007.19820318,-263376.317180417
110.5,-2421220.79148719,2385943.96474491,-263380.69115677
110.55,-2421280.03933484,2385880.80890397,-263385.082408591
110.6,-2421339.22368217,2385817.73085379,-263389.490822027
110.65,-2421398.34450929,2385754.7305739,-263393.916304028
110.7,-2421457.4022176,2385691.80758901,-263398.358778122
110.75,-2421516.39668629,2385628.96189251,-263402.818043199
110.8,-2421575.32799507,2385566.19324105,-263407.293971012
110.85,-2421634.19616426,2385503.50158077,-263411.786451854
110.9,-2421693.00124811,2385440.8868691,-263416.295400421
110.95,-2421751.74330305,2385378.34893628,-263420.820693947
111,-2421810.42255602,2385315.88753981,-263425.362206766
111.05,-2421869.03900075,2385253.50258031,-263429.919798095
111.1,-2421927.59301095,2385191.19366383,-263434.493431775
111.15,-2421986.08420549,2385128.96123996,-263439.082966492
111.2,-2422044.51316246,2385066.80461225,-263443.688420054
111.25,-2422102.87996187,2385004.72376602,-263448.309695238
111.3,-2422161.18470981,2384942.71854641,-263452.946730617
111.35,-2422219.42757635,2384880.78880307,-263457.599472747
111.4,-2422277.60873497,2384818.93439116,-263462.267958896
111.45,-2422335.72834776,2384757.15514415,-263466.952175253
111.5,-2422393.78653377,2384695.45085035,-263471.652072679
111.55,-2422451.78380456,2384633.8210413,-263476.367680244
111.6,-2422509.71989214,2384572.26594443,-263481.098961035
111.65,-2422567.59529548,2384510.78504028,-263485.845937561
111.7,-2422625.40986711,2384449.37850253,-263490.608602213
111.75,-2422683.16405741,2384388.04575323,-263495.386910813
111.8,-2422740.85775636,2384326.78681714,-263500.180848361
111.85,-2422798.49142167,2384265.6011574,-263504.990358826
111.9,-2422856.06472225,2384204.48908627,-263509.815422333
111.95,-2422913.57806813,2384143.45008527,-263514.656039989
112,-2422971.0312552,2384082.48419964,-263519.512101448
112.05,-2423028.42473006,2384021.59087361,-263524.383529523
112.1,-2423085.75815719,2383960.77035147,-263529.270238251
112.15,-2423143.03185363,2383900.0222189,-263534.172165631
112.2,-2423200.24563283,2383839.34660042,-263539.089205871
112.25,-2423257.39971527,2383778.74313635,-263544.021288112
112.3,-2423314.49428697,2383718.21143158,-263548.968281296
112.35,-2423371.52900981,2383657.75183043,-263553.930063385
112.4,-2423428.50414766,2383597.36396997,-263558.906579833
112.45,-2423485.41968649,2383537.04780805,-263563.89769606
112.5,-2423542.27595408,2383476.80288799,-263568.90331861
112.55,-2423599.07271326,2383416.62937185,-263573.923355485
112.6,-2423655.81036527,2383356.52685434,-263578.95773074
112.65,-2423712.4885571,2383296.49569709,-263584.006395325
112.7,-2423769.10785042,2383236.53535092,-263589.069267486
112.75,-2423825.66828984,2383176.64565444,-263594.146279049
112.8,-2423882.16995578,2383116.82650576,-263599.237377632
112.85,-2423938.61300315,2383057.07785044,-263604.342504236
112.9,-2423994.99747753,2382997.39965656,-263609.461678205
112.95,-2424051.32392554,2382937.79139709,-263614.594922172
113,-2424107.5921453,2382878.25323318,-263619.742104461
113.05,-2424163.80259004,2382818.78469964,-263624.903269987
113.1,-2424219.95525771,2382759.38584742,-263630.078361005
113.15,-2424276.05021535,2382700.05666808,-263635.267413735
113.2,-2424332.08791317,2382640.79671321,-263640.470411565
113.25,-2424388.06832619,2382581.60592417,-263645.687324384
113.3,-2424443.99162045,2382522.48414723,-263650.918104604
113.35,-2424499.85811851,2382463.43098123,-263656.162758442
113.4,-2424555.66750679,2382404.44676427,-263661.421262176
113.45,-2424611.42027856,2382345.5309204,-263666.69357293
113.5,-2424667.11628983,2382286.68351128,-263671.979624881
113.55,-2424722.75577661,2382227.90418546,-263677.27937175
113.6,-2424778.33888532,2382169.19273281,-263682.592755335
113.65,-2424833.86537764,2382110.54934023,-263687.919726388
113.7,-2424889.33541642,2382051.9737388,-263693.260180984
113.75,-2424944.74916125,2381993.46561994,-263698.614076767
113.8,-2425000.10657208,2381935.02487216,-263703.981292889
113.85,-2425055.4076321,2381876.6514124,-263709.361747035
113.9,-2425110.65252916,2381818.34497968,-263714.755397945
113.95,-2425165.84106728,2381760.10568491,-263720.162130812
114,-2425220.97360718,2381701.93302635,-263725.581858836
114.05,-2425276.04988268,2381643.82713932,-263731.014497886
114.1,-2425331.07029844,2381585.78756325,-263736.460020125
114.15,-2425386.0344346,2381527.81474585,-263741.918286862
114.2,-2425440.94278402,2381469.90804508,-263747.389287119
114.25,-2425495.79534157,2381412.06742808,-263752.872955394
114.3,-2425550.5922192,2381354.29274484,-263758.369251253
114.35,-2425605.33362127,2381296.5837715,-263763.878112261
114.4,-2425660.01945983,2381238.94064959,-263769.399521601
114.45,-2425714.65015264,2381181.36292311,-263774.93345208
114.5,-2425769.22549808,2381123.85079226,-263780.479879231
114.55,-2425823.74611678,2381066.40362915,-263786.03873855
114.6,-2425878.21173251,2381009.02172153,-263791.610062942
114.65,-2425932.62276986,2380951.704735,-263797.193861895
114.7,-2425986.97915411,2380894.45274728,-263802.79006505
114.75,-2426041.28137134,2380837.26527544,-263808.398709417
114.8,-2426095.52942013,2380780.14227574,-263814.019753734
114.85,-2426149.72342557,2380723.08366952,-263819.653169218
114.9,-2426203.86338809,2380666.08947842,-263825.298902063
114.95,-2426257.94973409,2380609.15931494,-263830.957018873
115,-2426311.98231819,2380552.29323835,-263836.627399182
115.05,-2426365.9614768,2380495.49079743,-263842.310002261
115.1,-2426419.88717982,2380438.75200842,-263848.004751065
115.15,-2426473.75932131,2380382.0770502,-263853.711688441
115.2,-2426527.57815141,2380325.46545914,-263859.43071946
115.25,-2426581.34368744,2380268.91713211,-263865.161689584
115.3,-2426635.05600652,2380212.43194058,-263870.904613226
115.35,-2426688.71497749,2380156.00975977,-263876.659328275
115.4,-2426742.32075358,2380099.65048335,-263882.425859419
115.45,-2426795.87319717,2380043.35405806,-263888.204087606
115.5,-2426849.37269792,2379987.11996019,-263893.993964738
115.55,-2426902.81890975,2379930.94844626,-263899.79533121
115.6,-2426956.21202271,2379874.83913284,-263905.608203039
115.65,-2427009.55193215,2379818.79207423,-263911.432501954
115.7,-2427062.83905005,2379762.80682912,-263917.268157692
115.75,-2427116.07297444,2379706.88362547,-263923.115116534
115.8,-2427169.25406327,2379651.02198346,-263928.973331011
115.85,-2427222.38227068,2379595.22194638,-263934.842763045
115.9,-2427275.45761611,2379539.48348904,-263940.723383108
115.95,-2427328.48054192,2379483.80613081,-263946.615208937
116,-2427381.45084142,2379428.19003374,-263952.518214439
116.05,-2427434.36892044,2379372.63476869,-263958.432356618
116.1,-2427487.23472369,2379317.14043673,-263964.357628939
116.15,-2427540.04851823,2379261.7068022,-263970.294073697
116.2,-2427592.81026303,2379206.33393151,-263976.241657711
116.25,-2427645.52037041,2379151.02139864,-263982.200394504
116.3,-2427698.17893139,2379095.76913556,-263988.170273166
116.35,-2427750.78616693,2379040.57696066,-263994.151305647
116.4,-2427803.34195776,2378985.44506845,-264000.143463304
116.45,-2427855.84692816,2378930.37286185,-264006.146813394
116.5,-2427908.30073666,2378875.36063447,-264012.161231857
116.55,-2427960.70383197,2378820.40793619,-264018.186740111
116.6,-2428013.05629964,2378765.5146561,-264024.22328401
116.65,-2428065.35801597,2378710.68102333,-264030.270875376
116.7,-2428117.60932107,2378655.90663076,-264036.329467509
116.75,-2428169.81015273,2378601.19144761,-264042.3989427
116.8,-2428221.96075696,2378546.53514932,-264048.47930048
116.85,-2428274.06090372,2378491.93796031,-264054.570455558
116.9,-2428326.11088986,2378437.39951757,-264060.67236783
116.95,-2428378.11043465,2378382.92001566,-264066.78493053
117,-2428430.06000472,2378328.49882788,-264072.908099366
117.05,-2428481.95920604,2378274.13624447,-264079.04170006
117.1,-2428533.80841971,2378219.83179669,-264085.185768301
117.15,-2428585.60717681,2378165.58590053,-264091.340165829
117.2,-2428637.3558664,2378111.39801563,-264097.504879182
117.25,-2428689.0543724,2378057.26809099,-264103.679822122
117.3,-2428740.70287838,2378003.19584739,-264109.86489423
117.35,-2428792.30116042,2377949.18142569,-264116.060065442
117.4,-2428843.84931723,2377895.22468802,-264122.265282097
117.45,-2428895.34763215,2377841.32521832,-264128.480570228
117.5,-2428946.79592569,2377787.48312636,-264134.705798549
117.55,-2428998.19429924,2377733.69819991,-264140.940980441
117.6,-2429049.54287906,2377679.97024832,-264147.186080645
117.65,-2429100.84172766,2377626.29927281,-264153.44112957
117.7,-2429152.09090814,2377572.68509124,-264159.706096904
117.75,-2429203.29083525,2377519.12725097,-264165.980983065
117.8,-2429254.44123322,2377465.62598068,-264172.265787329
117.85,-2429305.54244594,2377412.18097568,-264178.560545326
117.9,-2429356.59463275,2377358.79210578,-264184.865246013
117.95,-2429407.59771493,2377305.45948054,-264191.179905333
118,-2429458.55217926,2377252.1825316,-264197.504554067
118.05,-2429509.45795431,2377198.9613578,-264203.839157041
118.1,-2429560.31517431,2377145.79581545,-264210.183696417
118.15,-2429611.12386493,2377092.68600254,-264216.538216518
118.2,-2429661.88456472,2377039.63135216,-264222.902745186
118.25,-2429712.59708904,2376986.63199824,-264229.277175957
118.3,-2429763.26161346,2376933.68778818,-264235.661495075
118.35,-2429813.87817499,2376880.79873281,-264242.055714469
118.4,-2429864.44701267,2376827.96454879,-264248.45982127
118.45,-2429914.96797675,2376775.18543418,-264254.873710799
118.5,-2429965.44153567,2376722.46077008,-264261.297346928
118.55,-2430015.8673398,2376669.79091911,-264267.730662481
118.6,-2430066.24573835,2376617.17553006,-264274.173620046
118.65,-2430116.57656647,2376564.61474472,-264280.626111823
118.7,-2430166.85998331,2376512.10831043,-264287.088116648
118.75,-2430217.09594972,2376459.65611332,-264293.559490707
118.8,-2430267.28463895,2376407.25798648,-264300.040194357
118.85,-2430317.42589599,2376354.91400075,-264306.530140899
118.9,-2430367.51965715,2376302.62416823,-264313.029261247
118.95,-2430417.56624303,2376250.38804497,-264319.537500276
119,-2430467.56544589,2376198.20575135,-264326.054767983
119.05,-2430517.51746152,2376146.07695653,-264332.580993852
119.1,-2430567.42219796,2376094.00173601,-264339.116159843
119.15,-2430617.2796529,2376041.98003401,-264345.660212112
119.2,-2430667.08988172,2375990.01167014,-264352.21308651
119.25,-2430716.85321224,2375938.09622828,-264358.774756053
119.3,-2430766.5693804,2375886.2339053,-264365.34516203
119.35,-2430816.23852177,2375834.42449721,-264371.924352187
119.4,-2430865.86075716,2375782.66788032,-264378.512289584
119.45,-2430915.43621111,2375730.96390102,-264385.108964897
119.5,-2430964.9650611,2375679.31222584,-264391.714418535
119.55,-2431014.44727709,2375627.71287242,-264398.328623937
119.6,-2431063.88289231,2375576.16584508,-264404.951584837
119.65,-2431113.27210236,2375524.67094447,-264411.583350775
119.7,-2431162.61504342,2375473.22799732,-264418.22394441
119.75,-2431211.91183431,2375421.83683474,-264424.873353063
119.8,-2431261.16277795,2375370.49713537,-264431.531627248
119.85,-2431310.36768019,2375319.20911379,-264438.198733742
119.9,-2431359.52684594,2375267.97257035,-264444.874739692
119.95,-2431408.64028923,2375216.7873676,-264451.559612102
120,-2431457.70822963,2375165.65328387,-264458.253333511
120.05,-2431506.73088747,2375114.57011068,-264464.955931609
120.1,-2431555.70813166,2375063.53801106,-264471.667375955
120.15,-2431604.63998787,2375012.55694323,-264478.387636303
120.2,-2431653.52674503,2374961.62663618,-264485.116701439
120.25,-2431702.36861493,2374910.74679048,-264491.854541037
120.3,-2431751.16538585,2374859.91763127,-264498.601049081
120.35,-2431799.91733726,2374809.13882192,-264505.356197949
120.4,-2431848.62417803,2374758.41072401,-264512.119961525
120.45,-2431897.28631627,2374707.73285824,-264518.892247447
120.5,-2431945.90376297,2374657.10513027,-264525.672975134
120.55,-2431994.47639424,2374606.52756213,-264532.462079738
120.6,-2432043.00431828,2374556.00008709,-264539.259467165
120.65,-2432091.4875159,2374505.52271741,-264546.065095403
120.7,-2432139.92600271,2374455.09533954,-264552.878861479
120.75,-2432188.32006156,2374404.71751955,-264559.700731322
120.8,-2432236.66935894,2374354.38961801,-264566.530553583
120.85,-2432284.97424311,2374304.11120759,-264573.368374582
120.9,-2432333.23432435,2374253.88264864,-264580.214042757
120.95,-2432381.45002333,2374203.70345477,-264587.067536407
121,-2432429.62132742,2374153.5735222,-264593.92880961
121.05,-2432477.74824661,2374103.49277661,-264600.797806488
121.1,-2432525.83076482,2374053.46122185,-264607.674487837
121.15,-2432573.86895122,2374003.47875949,-264614.558855859
121.2,-2432621.86293232,2373953.54520648,-264621.450919697
121.25,-2432669.81270422,2373903.66045805,-264628.350604245
121.3,-2432717.71858748,2373853.82415686,-264635.257924904
121.35,-2432765.5803368,2373804.03659287,-264642.172894346
121.4,-2432813.39830511,2373754.29735659,-264649.095585242
121.45,-2432861.17229171,2373704.60662881,-264656.025963309
121.5,-2432908.90275008,2373654.96388606,-264662.964032764
121.55,-2432956.58961029,2373605.36917219,-264669.909830803
121.6,-2433004.23307394,2373555.82232007,-264676.863403702
121.65,-2433051.83300997,2373506.32341103,-264683.824723833
121.7,-2433099.38967682,2373456.87219649,-264690.793852767
121.75,-2433146.90341303,2373407.46825199,-264697.770810813
121.8,-2433194.37389798,2373358.11189605,-264704.755562931
121.85,-2433241.80161886,2373308.80262123,-264711.748198567
121.9,-2433289.18622148,2373259.54084112,-264718.748639125
121.95,-2433336.52819031,2373210.32602841,-264725.756968042
122,-2433383.82740783,2373161.15823731,-264732.773101075
122.05,-2433431.08423887,2373112.03707838,-264739.797038728
122.1,-2433478.2984804,2373062.96280488,-264746.828764118
122.15,-2433525.47012168,2373013.93537117,-264753.868248431
122.2,-2433572.59934745,2372964.95461821,-264760.915461754
122.25,-2433619.68629493,2372916.0202835,-264767.970347987
122.3,-2433666.73098916,2372867.13230828,-264775.032843449
122.35,-2433713.73352218,2372818.29060892,-264782.102922874
122.4,-2433760.6935337,2372769.495566,-264789.180466199
122.45,-2433807.61146911,2372720.7466756,-264796.265431881
122.5,-2433854.48725665,2372672.04390676,-264803.357770139
122.55,-2433901.32097264,2372623.38714356,-264810.457417784
122.6,-2433948.11257623,2372574.77640131,-264817.564295423
122.65,-2433994.86193429,2372526.21182996,-264824.678310602
122.7,-2434041.56943456,2372477.69299923,-264831.799416814
122.75,-2434088.23480688,2372429.22008201,-264838.927521069
122.8,-2434134.858425,2372380.79264629,-264846.062592094
122.85,-2434181.43991788,2372332.41105673,-264853.204537513
122.9,-2434227.97951815,2372284.07506818,-264860.353365487
122.95,-2434274.47731068,2372235.7845771,-264867.509008342
123,-2434320.93342374,2372187.53936518,-264874.671424931
123.05,-2434367.34775273,2372139.33952085,-264881.84055899
123.1,-2434413.72058083,2372091.18471358,-264889.016457107
123.15,-2434460.0516122,2372043.07525838,-264896.199025227
123.2,-2434506.34126362,2371995.01074896,-264903.388298225
123.25,-2434552.58943477,2371946.99122976,-264910.5842707
123.3,-2434598.79636221,2371899.01634087,-264917.786973239
123.35,-2434644.96208086,2371851.08612431,-264924.996353374
123.4,-2434691.08641049,2371803.20077978,-264932.212428608
123.45,-2434737.16998681,2371755.35962037,-264939.435287607
123.5,-2434783.21246833,2371707.56291955,-264946.664896389
123.55,-2434829.21426978,2371659.81022379,-264953.901268476
123.6,-2434875.17520592,2371612.10177809,-264961.144429663
123.65,-2434921.09551788,2371564.43732845,-264968.394428096
123.7,-2434966.97525737,2371516.81681785,-264975.650925984
123.75,-2435012.81474101,2371469.23965458,-264982.914103214
123.8,-2435058.61391876,2371421.70607798,-264990.183884262
123.85,-2435104.37291717,2371374.21592304,-264997.460152081
123.9,-2435150.0917327,2371326.76898498,-265004.742939992
123.95,-2435195.77041681,2371279.36546127,-265012.032374115
124,-2435241.40925441,2371232.00490888,-265019.328270144
124.05,-2435287.00801403,2371184.68746073,-265026.630759984
124.1,-2435332.56707532,2371137.41291218,-265033.939521062
124.15,-2435378.0861174,2371090.18130712,-265041.254635854
124.2,-2435423.56541169,2371042.99265411,-265048.57610553
124.25,-2435469.00500582,2370995.84676753,-265055.903688894
124.3,-2435514.40489197,2370948.74358666,-265063.237577822
124.35,-2435559.76521662,2370901.68308427,-265070.577296992
124.4,-2435605.0858435,2370854.6651818,-265077.922971379
124.45,-2435650.36681049,2370807.69015421,-265085.27451735
124.5,-2435695.60852754,2370760.7574536,-265092.631711237
124.55,-2435740.81052991,2370713.86751138,-265099.994719282
124.6,-2435785.97329009,2370667.02000472,-265107.363038438
124.65,-2435831.09671213,2370620.21480874,-265114.736781722
124.7,-2435876.18066163,2370573.45237822,-265122.115905011
124.75,-2435921.22557634,2370526.73223064,-265129.500160942
124.8,-2435966.23129464,2370480.05447068,-265136.889713691
124.85,-2436011.19807808,2370433.41903846,-265144.284062542
124.9,-2436056.12575708,2370386.82590583,-265151.683333836
124.95,-2436101.01457082,2370340.27515604,-265159.087514678
125,-2436145.86475138,2370293.76659888,-265166.49641386
125.05,-2436190.67631265,2370247.30013815,-265173.910178672
125.1,-2436235.44929931,2370200.87598117,-265181.328381518
125.15,-2436280.18409986,2370154.49357977,-265188.751139705
125.2,-2436324.88044429,2370108.15357805,-265196.178456872
125.25,-2436369.5390069,2370061.8552949,-265203.610163066
125.3,-2436414.15931784,2370015.59927041,-265211.046387626
125.35,-2436458.74193706,2369969.3851863,-265218.486995255
125.4,-2436503.28689841,2369923.21293565,-265225.931914728
125.45,-2436547.79426404,2369877.08274688,-265233.381258832
125.5,-2436592.26454016,2369830.99415674,-265240.834875927
125.55,-2436636.69738971,2369784.94757554,-265248.29273318
125.6,-2436681.09337079,2369738.94254184,-265255.754785212
125.65,-2436725.45244146,2369692.97912945,-265263.220904224
125.7,-2436769.77488385,2369647.05727645,-265270.691181502
125.75,-2436814.06066601,2369601.17704525,-265278.165477008
125.8,-2436858.30999543,2369555.33832673,-265285.643729381
125.85,-2436902.52294675,2369509.54109189,-265293.125848548
125.9,-2436946.69994838,2369463.7848656,-265300.611745236
125.95,-2436990.84082379,2369418.0701359,-265308.1014171
126,-2437034.94583508,2369372.39663731,-265315.594726789
126.05,-2437079.01483812,2369326.76457422,-265323.091571899
126.1,-2437123.04822889,2369281.17350196,-265330.591635866
126.15,-2437167.04613478,2369235.62318722,-265338.09495742
126.2,-2437211.00842592,2369190.11407096,-265345.601456465
126.25,-2437254.93518818,2369144.64616315,-265353.110959189
126.3,-2437298.82653254,2369099.21937327,-265360.623417977
126.35,-2437342.68266306,2369053.83343325,-265368.138404341
126.4,-2437386.50360167,2369008.48823748,-265375.655883614
126.45,-2437430.28926917,2368963.18412557,-265383.175688036
126.5,-2437474.03994944,2368917.92073402,-265390.697610476
126.55,-2437517.75561247,2368872.69832907,-265398.221646556
126.6,-2437561.43615903,2368827.51708817,-265405.747388055
126.65,-2437605.08201616,2368782.376395,-265413.274796489
126.7,-2437648.69287618,2368737.27685604,-265420.803622958
126.75,-2437692.26920599,2368692.21788012,-265428.333621939
126.8,-2437735.81074299,2368647.19994635,-265435.86471713
126.85,-2437779.31773195,2368602.22291055,-265443.396630815
126.9,-2437822.79015051,2368557.2866754,-265450.929223162
126.95,-2437866.22831087,2368512.39126018,-265458.462263811
127,-2437909.63244386,2368467.53622066,-265465.995579481
127.05,-2437953.00212762,2368422.72232799,-265473.529034297
127.1,-2437996.3378876,2368377.94919623,-265481.062367331
127.15,-2438039.63972314,2368333.21669872,-265488.5954758
127.2,-2438082.90792648,2368288.52482711,-265496.128163117
127.25,-2438126.14246814,2368243.87346425,-265503.660231921
127.3,-2438169.34363838,2368199.26269255,-265511.191631976
127.35,-2438212.51135158,2368154.69256384,-265518.721889271
127.4,-2438255.64593855,2368110.16263834,-265526.251102971
127.45,-2438298.74752963,2368065.67328899,-265533.779245496
127.5,-2438341.81644061,2368021.22419106,-265541.305997634
127.55,-2438384.85247204,2367976.81579078,-265548.831325459
127.6,-2438427.85605651,2367932.447544,-265556.354825211
127.65,-2438470.82725945,2367888.11930391,-265563.876500043
127.7,-2438513.76616308,2367843.83131121,-265571.396219525
127.75,-2438556.67317078,2367799.58308099,-265578.913767279
127.8,-2438599.54813571,2367755.37508976,-265586.429145425
127.85,-2438642.39108938,2367711.20709666,-265593.941825888
127.9,-2438685.20227856,2367667.07884074,-265601.451945018
127.95,-2438727.98198575,2367622.99034756,-265608.959317844
128,-2438770.73016915,2367578.94143731,-265616.463660414
128.05,-2438813.44704239,2367534.93219421,-265623.965049425
128.1,-2438856.13229333,2367490.96273817,-265631.462838283
128.15,-2438898.7863488,2367447.03257856,-265638.95720018
128.2,-2438941.409151,2367403.14196969,-265646.447845107
128.25,-2438984.00091847,2367359.29036158,-265653.934467655
128.3,-2439026.56144206,2367315.47828148,-265661.4171167
128.35,-2439069.09086094,2367271.7053302,-265668.895161187
128.4,-2439111.58925953,2367227.97132716,-265676.368709044
128.45,-2439154.0564896,2367184.2765616,-265683.837421305
128.5,-2439196.49287137,2367140.62035738,-265691.301005258
128.55,-2439238.89805959,2367097.00333422,-265698.759388112
128.6,-2439281.27227411,2367053.4248526,-265706.211991641
128.65,-2439323.61525322,2367009.88517727,-265713.658811271
128.7,-2439365.92744212,2366966.38419478,-265721.099711135
128.75,-2439408.20830637,2366922.92219662,-265728.534308895
128.8,-2439450.45833119,2366879.49878736,-265735.962447167
128.85,-2439492.67721463,2366836.11408456,-265743.38377037
128.9,-2439534.86505107,2366792.76802833,-265750.798013179
128.95,-2439577.02203059,2366749.46050223,-265758.205058798
129,-2439619.14838452,2366706.19054288,-265765.604494006
129.05,-2439661.24395536,2366662.95878961,-265772.996312672
129.1,-2439703.3090718,2366619.76494504,-265780.380336766
129.15,-2439745.34332211,2366576.60881221,-265787.755887645
129.2,-2439787.34717136,2366533.49050776,-265795.123201486
129.25,-2439829.32028923,2366490.40977544,-265802.481794607
129.3,-2439871.2627425,2366447.366558,-265809.83137969
129.35,-2439913.17500169,2366404.36063257,-265817.172039353
129.4,-2439955.05647541,2366361.39213896,-265824.503223689
129.45,-2439996.90791014,2366318.46087741,-265831.824988841
129.5,-2440038.72884255,2366275.56648161,-265839.136945393
129.55,-2440080.51954919,2366232.70889732,-265846.438916114
129.6,-2440122.28034235,2366189.88813628,-265853.730926921
129.65,-2440164.0108541,2366147.10395462,-265861.012532826
129.7,-2440205.71155149,2366104.35656612,-265868.283689803
129.75,-2440247.38219398,2366061.645267,-265875.544175855
129.8,-2440289.0229481,2366018.97009042,-265882.793756373
129.85,-2440330.63408558,2365976.33109748,-265890.032540375
129.9,-2440372.21525126,2365933.72803112,-265897.260093677
129.95,-2440413.76700631,2365891.16096613,-265904.476400958
130,-2440455.28899222,2365848.62928211,-265911.681271007
130.05,-2440496.7812823,2365806.13315327,-265918.8744814
130.1,-2440538.24419538,2365763.67251358,-265926.056143485
130.15,-2440579.67729122,2365721.24699621,-265933.225911933
130.2,-2440621.0811566,2365678.85682678,-265940.383741433
130.25,-2440662.45525545,2365636.50150419,-265947.529481152
130.3,-2440703.7997003,2365594.18098309,-265954.662917742
130.35,-2440745.11478118,2365551.89531471,-265961.78420701
130.4,-2440786.40014984,2365509.64397583,-265968.893093117
130.45,-2440827.65597529,2365467.42750056,-265975.989420283
130.5,-2440868.88203176,2365425.24504115,-265983.073148305
130.55,-2440910.07811142,2365383.09695101,-265990.144038808
130.6,-2440951.24480993,2365340.98300491,-265997.202308984
130.65,-2440992.38145949,2365298.90283787,-266004.247647961
130.7,-2441033.48843928,2365256.85672456,-266011.279979943
130.75,-2441074.56520127,2365214.84421388,-266018.299261973
130.8,-2441115.61179242,2365172.86536089,-266025.305276475
130.85,-2441156.62871211,2365130.91992019,-266032.29816131
130.9,-2441197.61513092,2365089.0078068,-266039.277723039
130.95,-2441238.57173527,2365047.128955,-266046.243891754
131,-2441279.49777173,2365005.28325437,-266053.196575576
131.05,-2441320.3934847,2364963.47039029,-266060.135637428
131.1,-2441361.25896001,2364921.69064042,-266067.061128207
131.15,-2441402.09394827,2364879.94341149,-266073.972934123
131.2,-2441442.89877428,2364838.22893727,-266080.870929078
131.25,-2441483.67297136,2364796.54673186,-266087.75515899
131.3,-2441524.41654974,2364754.89696639,-266094.625329912
131.35,-2441565.12993817,2364713.27947717,-266101.48160708
131.4,-2441605.81256866,2364671.69413277,-266108.323797373
131.45,-2441646.46504885,2364630.14078676,-266115.151848716
131.5,-2441687.08697313,2364588.61912005,-266121.965791482
131.55,-2441727.67831107,2364547.12924944,-266128.76533347
131.6,-2441768.23942881,2364505.67118933,-266135.550615034
131.65,-2441808.77006533,2364464.2444491,-266142.32150588
131.7,-2441849.27056618,2364422.84925216,-266149.077927927
131.75,-2441889.74057215,2364381.48519233,-266155.819975473
131.8,-2441930.18038391,2364340.15211567,-266162.547377226
131.85,-2441970.59007924,2364298.85046268,-266169.260195283
131.9,-2442010.96948711,2364257.57949963,-266175.958419735
131.95,-2442051.31911931,2364216.33943453,-266182.641915914
132,-2442091.63861195,2364175.12993506,-266189.310862516
132.05,-2442131.92796195,2364133.95104213,-266195.964961632
132.1,-2442172.18771259,2364092.80273308,-266202.604365907
132.15,-2442212.417356,2364051.68481044,-266209.228963894
132.2,-2442252.61736621,2364010.59741874,-266215.838698206
132.25,-2442292.78769054,2363969.53986342,-266222.433814809
132.3,-2442332.92813641,2363928.51244436,-266229.014045727
132.35,-2442373.0391173,2363887.51526239,-266235.57948808
132.4,-2442413.12012078,2363846.5481064,-266242.130115014
132.45,-2442453.17178997,2363805.61097011,-266248.665896928
132.5,-2442493.19377537,2363764.70335775,-266255.187056236
132.55,-2442533.18619215,2363723.82542773,-266261.693405549
132.6,-2442573.14914453,2363682.97750634,-266268.185009289
132.65,-2442613.08232253,2363642.15911494,-266274.661909516
132.7,-2442652.98615757,2363601.37049221,-266281.124037453
132.75,-2442692.8603759,2363560.61110482,-266287.571703039
132.8,-2442732.70491397,2363519.88115684,-266294.004676746
132.85,-2442772.52029442,2363479.18059287,-266300.423155921
132.9,-2442812.30567591,2363438.50946116,-266306.827095538
132.95,-2442852.0617574,2363397.86778544,-266313.216403356
133,-2442891.78822517,2363357.25508331,-266319.591388197
133.05,-2442931.48492137,2363316.67156165,-266325.951891549
133.1,-2442971.15232709,2363276.11721293,-266332.298107084
133.15,-2443010.78984186,2363235.59192677,-266338.629999733
133.2,-2443050.39795835,2363195.09582427,-266344.947502782
133.25,-2443089.97623592,2363154.62863625,-266351.250798207
133.3,-2443129.52494872,2363114.19013963,-266357.539850734
133.35,-2443169.04413672,2363073.78078958,-266363.81474257
133.4,-2443208.53352951,2363033.40010364,-266370.075541428
133.45,-2443247.99351288,2362993.04839651,-266376.322092151
133.5,-2443287.42372181,2362952.72530792,-266382.554635763
133.55,-2443326.82426213,2362912.43089064,-266388.773044612
133.6,-2443366.19550113,2362872.16515541,-266394.977531883
133.65,-2443405.53706234,2362831.92793631,-266401.168046385
133.7,-2443444.84927229,2362791.7195086,-266407.344449053
133.75,-2443484.13205018,2362751.53927863,-266413.507030049
133.8,-2443523.3851964,2362711.38762748,-266419.655553224
133.85,-2443562.60947284,2362671.26432587,-266425.790262558
133.9,-2443601.80426521,2362631.16924757,-266431.911130341
133.95,-2443640.96973867,2362591.10253173,-266438.018076859
134,-2443680.10584907,2362551.06424228,-266444.111213158
134.05,-2443719.21272126,2362511.05408672,-266450.190323147
134.1,-2443758.2903008,2362471.07215182,-266456.255705908
134.15,-2443797.33891723,2362431.11826141,-266462.307331871
134.2,-2443836.35843631,2362391.19243965,-266468.345143669
134.25,-2443875.34909779,2362351.29460084,-266474.369290417
134.3,-2443914.31076725,2362311.424858,-266480.379520063
134.35,-2443953.2437376,2362271.58286721,-266486.376131385
134.4,-2443992.14789966,2362231.76896958,-266492.359063653
134.45,-2444031.02355193,2362191.98277122,-266498.328294309
134.5,-2444069.87060939,2362152.22442942,-266504.283983248
134.55,-2444108.68919094,2362112.49388171,-266510.225930019
134.6,-2444147.47941297,2362072.79089475,-266516.154354294
134.65,-2444186.24116654,2362033.11577351,-266522.069243724
134.7,-2444224.97484458,2361993.46798112,-266527.970611095
134.75,-2444263.68009423,2361953.84783484,-266533.858588241
134.8,-2444302.35743422,2361914.25511731,-266539.732987127
134.85,-2444341.00642715,2361874.68999393,-266545.594031874
134.9,-2444379.62741958,2361835.15219283,-266551.44177924
134.95,-2444418.22039942,2361795.64177922,-266557.27622364
135,-2444456.78556733,2361756.15851799,-266563.097487618
135.05,-2444495.32267423,2361716.70281748,-266568.9055096
135.1,-2444533.83180021,2361677.27432973,-266574.700435994
135.15,-2444572.31298136,2361637.87312866,-266580.482315072
135.2,-2444610.7664973,2361598.49902401,-266586.251196378
135.25,-2444649.19205925,2361559.15204086,-266592.007163976
135.3,-2444687.58992723,2361519.83230293,-266597.750192478
135.35,-2444725.95980556,2361480.53990927,-266603.480386714
135.4,-2444764.30189392,2361441.27481475,-266609.197851729
135.45,-2444802.61635319,2361402.03669943,-266614.902591365
135.5,-2444840.90301067,2361362.82574217,-266620.594813708
135.55,-2444879.16197396,2361323.64187582,-266626.274309768
135.6,-2444917.3929976,2361284.4851429,-266631.941292123
135.65,-2444955.59642702,2361245.35544463,-266637.595818883
135.7,-2444993.77215479,2361206.25266732,-266643.237877899
135.75,-2445031.92018005,2361167.17682788,-266648.86766745
135.8,-2445070.04052839,2361128.127928,-266654.484991455
135.85,-2445108.13314407,2361089.10588434,-266660.090032826
135.9,-2445146.19800846,2361050.1108255,-266665.68277218
135.95,-2445184.23557739,2361011.14247596,-266671.263246225
136,-2445222.24566456,2360972.20075446,-266676.831631551
136.05,-2445260.22825732,2360933.28570276,-266682.387797765
136.1,-2445298.1837722,2360894.39727252,-266687.931797144
136.15,-2445336.11161644,2360855.53563187,-266693.463576537
136.2,-2445374.01245651,2360816.70037941,-266698.983240406
136.25,-2445411.88601731,2360777.89169397,-266704.490848824
136.3,-2445449.73240659,2360739.10922052,-266709.986295371
136.35,-2445487.55177015,2360700.35338075,-266715.469696254
136.4,-2445525.34403009,2360661.62362063,-266720.941044587
136.45,-2445563.10943752,2360622.92048971,-266726.400272448
136.5,-2445600.84784588,2360584.24328464,-266731.847567435
136.55,-2445638.55937739,2360545.5921533,-266737.282807361
136.6,-2445676.24435064,2360506.96726745,-266742.706079798
136.65,-2445713.90220094,2360468.3685796,-266748.1172513
136.7,-2445751.53368531,2360429.79586754,-266753.516389081
136.75,-2445789.13842559,2360391.24927665,-266758.903558845
136.8,-2445826.71660689,2360352.72848732,-266764.278731631
136.85,-2445864.26873362,2360314.23358034,-266769.642055642
136.9,-2445901.7940781,2360275.76466342,-266774.993419652
136.95,-2445939.29342521,2360237.32172847,-266780.332871614
137,-2445976.76642599,2360198.90443683,-266785.660555976
137.05,-2446014.21328858,2360160.51276006,-266790.976403829
137.1,-2446051.63417701,2360122.14702497,-266796.280561234
137.15,-2446089.02882237,2360083.8070177,-266801.572918572
137.2,-2446126.39774373,2360045.49281068,-266806.853544626
137.25,-2446163.74060365,2360007.20419204,-266812.12266521
137.3,-2446201.05761345,2359968.94111193,-266817.380181024
137.35,-2446238.34894732,2359930.70380108,-266822.626305313
137.4,-2446275.61426049,2359892.49212953,-266827.860903803
137.45,-2446312.8540674,2359854.30625097,-266833.084104127
137.5,-2446350.06817038,2359816.14573255,-266838.296142515
137.55,-2446387.25656336,2359778.01078909,-266843.496941801
137.6,-2446424.41953163,2359739.90153685,-266848.686746107
137.65,-2446461.55661672,2359701.817973,-266853.865416893
137.7,-2446498.66857122,2359663.75996428,-266859.033197967
137.75,-2446535.75467794,2359625.72762389,-266864.190205589
137.8,-2446572.81546643,2359587.72065969,-266869.336453302
137.85,-2446609.85084676,2359549.73953377,-266874.472197052
137.9,-2446646.86060869,2359511.78383918,-266879.597366157
137.95,-2446683.84521942,2359473.85395188,-266884.7120881
138,-2446720.80440788,2359435.94941815,-266889.816594587
138.05,-2446757.73815193,2359398.07053624,-266894.910820854
138.1,-2446794.64685728,2359360.21735195,-266899.995138807
138.15,-2446831.53019548,2359322.38953483,-266905.069511118
138.2,-2446868.3884879,2359284.58757842,-266910.134016126
138.25,-2446905.22151989,2359246.81093569,-266915.188867488
138.3,-2446942.02916484,2359209.0600636,-266920.233969375
138.35,-2446978.81204385,2359171.33479115,-266925.269730531
138.4,-2447015.56963321,2359133.63496092,-266930.296113998
138.45,-2447052.3025444,2359095.9607833,-266935.313263049
138.5,-2447089.01025998,2359058.31212059,-266940.321303498
138.55,-2447125.69310733,2359020.68885793,-266945.320198549
138.6,-2447162.35072046,2358983.09098771,-266950.31008592
138.65,-2447198.98346762,2358945.51826055,-266955.291164752
138.7,-2447235.59119032,2358907.97085389,-266960.263359262
138.75,-2447272.17421243,2358870.4485241,-266965.226912784
138.8,-2447308.73219636,2358832.95179922,-266970.181819092
138.85,-2447345.26542628,2358795.48017498,-266975.128078434
138.9,-2447381.77401962,2358758.0335948,-266980.066015331
138.95,-2447418.25796979,2358720.612414,-266984.995474864
139,-2447454.71739588,2358683.2161996,-266989.916654892
139.05,-2447491.1524241,2358645.84535163,-266994.829594884
139.1,-2447527.5628406,2358608.4996858,-266999.734181036
139.15,-2447563.94901814,2358571.1789166,-267004.63073703
139.2,-2447600.3108439,2358533.88349448,-267009.519161464
139.25,-2447636.64866177,2358496.61280784,-267014.39955542
139.3,-2447672.96230509,2358459.36750352,-267019.271988677
139.35,-2447709.25178528,2358422.14714258,-267024.136291202
139.4,-2447745.51733869,2358384.95165783,-267028.992829845
139.45,-2447781.75888517,2358347.78136617,-267033.841463762
139.5,-2447817.97677346,2358310.63569615,-267038.682263478
139.55,-2447854.17097945,2358273.51512231,-267043.515381118
139.6,-2447890.34121693,2358236.41941983,-267048.340577824
139.65,-2447926.48778888,2358199.34856815,-267053.158142495
139.7,-2447962.61072357,2358162.30264132,-267057.967990566
139.75,-2447998.71024815,2358125.28117365,-267062.770212921
139.8,-2448034.78619871,2358088.28478164,-267067.564918317
139.85,-2448070.83866751,2358051.31291644,-267072.351899981
139.9,-2448106.86762644,2358014.36581246,-267077.1314096
139.95,-2448142.87323415,2357977.44345222,-267081.903457439
140,-2448178.85548854,2357940.54551175,-267086.668017644
140.05,-2448214.81455756,2357903.67225179,-267091.425309464
140.1,-2448250.74998442,2357866.8236349,-267096.174971662
140.15,-2448286.66229635,2357829.99936719,-267100.917443819
140.2,-2448322.55114011,2357793.1999553,-267105.652554106
140.25,-2448358.41691709,2357756.42455865,-267110.380411588
140.3,-2448394.25935586,2357719.6739065,-267115.101165042
140.35,-2448430.07858876,2357682.94741897,-267119.814587659
140.4,-2448465.87446341,2357646.24530767,-267124.520953087
140.45,-2448501.64701609,2357609.56783856,-267129.220191673
140.5,-2448537.3965431,2357572.91419065,-267133.912348273
140.55,-2448573.12280129,2357536.28506325,-267138.597648974
140.6,-2448608.82580493,2357499.67996299,-267143.275814087
140.65,-2448644.50544718,2357463.09915235,-267147.947128878
140.7,-2448680.16182919,2357426.54262238,-267152.611526717
140.75,-2448715.79512658,2357390.0098811,-267157.26903417
140.8,-2448751.40518119,2357353.50142352,-267161.919874277
140.85,-2448786.99191603,2357317.01685243,-267166.563766552
140.9,-2448822.55548296,2357280.55613416,-267171.201040647
140.95,-2448858.09564817,2357244.1197148,-267175.831530251
141,-2448893.61278606,2357207.70687861,-267180.4553028
141.05,-2448929.10673779,2357171.31803381,-267185.072549816
141.1,-2448964.57750033,2357134.95337408,-267189.683106743
141.15,-2449000.02516109,2357098.61290167,-267194.287125193
141.2,-2449035.4497575,2357062.29646015,-267198.88455111
141.25,-2449070.85121374,2357026.0040633,-267203.47537498
141.3,-2449106.22961642,2356989.73568179,-267208.059687165
141.35,-2449141.58514309,2356953.49102942,-267212.637497159
141.4,-2449176.91760138,2356917.27033757,-267217.208767749
141.45,-2449212.22715433,2356881.0735113,-267221.773499965
141.5,-2449247.51370456,2356844.90061384,-267226.331697187
141.55,-2449282.77748584,2356808.75139951,-267230.883390363
141.6,-2449318.01843991,2356772.62583045,-267235.428641331
141.65,-2449353.23677544,2356736.52377413,-267239.967418654
141.7,-2449388.43227568,2356700.4455312,-267244.499669798
141.75,-2449423.60512548,2356664.3909041,-267249.025460487
141.8,-2449458.75528853,2356628.3598678,-267253.544689728
141.85,-2449493.88318182,2356592.3521793,-267258.057511568
141.9,-2449528.9886417,2356556.36778206,-267262.563897615
141.95,-2449564.0717372,2356520.40693984,-267267.063808448
142,-2449599.13260262,2356484.46923592,-267271.557177949
142.05,-2449634.17116278,2356448.55506137,-267276.044120996
142.1,-2449669.18772725,2356412.66394175,-267280.524619989
142.15,-2449704.1819449,2356376.79609259,-267284.99857321
142.2,-2449739.15421125,2356340.95132485,-267289.466136636
142.25,-2449774.10430483,2356305.12975118,-267293.927151596
142.3,-2449809.03244463,2356269.33117613,-267298.381627478
142.35,-2449843.9385448,2356233.55569426,-267302.829686138
142.4,-2449878.82282499,2356197.80294497,-267307.271183931
142.45,-2449913.68510428,2356162.07331565,-267311.706246946
142.5,-2449948.5254895,2356126.36643475,-267316.134810871
142.55,-2449983.3439316,2356090.68263331,-267320.55680737
142.6,-2450018.14059772,2356055.02167709,-267324.972306931
142.65,-2450052.9153187,2356019.38342731,-267329.381302413
142.7,-2450087.66821099,2355983.76785482,-267333.783792682
142.75,-2450122.39904297,2355948.17519981,-267338.179778656
142.8,-2450157.10790548,2355912.60543907,-267342.569163391
142.85,-2450191.79494461,2355877.05817641,-267346.952109017
142.9,-2450226.45988468,2355841.53367525,-267351.328545437
142.95,-2450261.10306958,2355806.03164558,-267355.698560219
143,-2450295.72413704,2355770.55242147,-267360.06213249
143.05,-2450330.32335106,2355735.09573301,-267364.419196518
143.1,-2450364.90043988,2355699.66162513,-267368.769929219
143.15,-2450399.4555539,2355664.25002215,-267373.114295405
143.2,-2450433.98875074,2355628.86080878,-267377.452358387
143.25,-2450468.49995336,2355593.49397681,-267381.784176955
143.3,-2450502.98899621,2355558.14970727,-267386.109631097
143.35,-2450537.45605201,2355522.82772336,-267390.428909638
143.4,-2450571.9011438,2355487.52805082,-267394.742059862
143.45,-2450606.32425398,2355452.25055838,-267399.049076952
143.5,-2450640.72518704,2355416.99544891,-267403.35004507
143.55,-2450675.10409226,2355381.76260592,-267407.644883757
143.6,-2450709.460967,2355346.55188259,-267411.93378213
143.65,-2450743.79568442,2355311.3634578,-267416.216727311
143.7,-2450778.10861923,2355276.19687407,-267420.493795682
143.75,-2450812.39934679,2355241.05250214,-267424.765066101
143.8,-2450846.66817039,2355205.93018669,-267429.030466878
143.85,-2450880.91491748,2355170.82996926,-267433.290127554
143.9,-2450915.1398074,2355135.75168371,-267437.544066566
143.95,-2450949.34289322,2355100.69522527,-267441.792384991
144,-2450983.52409658,2355065.66067762,-267446.035043434
144.05,-2451017.68346178,2355030.64808846,-267450.272096823
144.1,-2451051.82107666,2354995.65732731,-267454.503597622
144.15,-2451085.93685995,2354960.68847287,-267458.729602387
144.2,-2451120.03117802,2354925.74118192,-267462.950168454
144.25,-2451154.10381318,2354890.81568852,-267467.165278791
144.3,-2451188.15482937,2354855.91199865,-267471.374956038
144.35,-2451222.18446342,2354821.02994007,-267475.579218326
144.4,-2451256.19253953,2354786.16967909,-267479.778117769
144.45,-2451290.17952093,2354751.33073641,-267483.971725909
144.5,-2451324.14507187,2354716.51353324,-267488.16001902
144.55,-2451358.08949075,2354681.71782954,-267492.3429818
144.6,-2451392.01259079,2354646.94354957,-267496.520666422
144.65,-2451425.91451432,2354612.19091338,-267500.693177106
144.7,-2451459.79541842,2354577.45947507,-267504.860377108
144.75,-2451493.65536572,2354542.7493927,-267509.022546898
144.8,-2451527.49424825,2354508.06070473,-267513.179374496
144.85,-2451561.31236183,2354473.39339697,-267517.331018545
144.9,-2451595.10955974,2354438.74749566,-267521.477405033
144.95,-2451628.88611238,2354404.12270103,-267525.618596083
145,-2451662.64203025,2354369.51920805,-267529.754644569
145.05,-2451696.37733338,2354334.93695545,-267533.885498212
145.1,-2451730.0919683,2354300.37596111,-267538.011174818
145.15,-2451763.78589266,2354265.83625858,-267542.131669129
145.2,-2451797.45949503,2354231.31744775,-267546.247018564
145.25,-2451831.11242729,2354196.81985623,-267550.35722378
145.3,-2451864.74497534,2354162.34323984,-267554.462297587
145.35,-2451898.35688572,2354127.88787986,-267558.562195236
145.4,-2451931.94830632,2354093.45356416,-267562.656946825
145.45,-2451965.519362,2354059.0401525,-267566.746636625
145.5,-2451999.07004639,2354024.64757546,-267570.831249415
145.55,-2452032.60015771,2353990.27605961,-267574.910744845
145.6,-2452066.10984773,2353955.92546731,-267578.985160415
145.65,-2452099.59897888,2353921.5958798,-267583.054469869
145.7,-2452133.06771962,2353887.28706071,-267587.118760777
145.75,-2452166.51614094,2353852.99887374,-267591.178052085
145.8,-2452199.94395271,2353818.73158715,-267595.232351377
145.85,-2452233.35137289,2353784.4850465,-267599.281645324
145.9,-2452266.73814315,2353750.25943794,-267603.325913952
145.95,-2452300.10459425,2353716.05434442,-267607.365295654
146,-2452333.45037826,2353681.86997761,-267611.399771762
146.05,-2452366.77571134,2353647.70623275,-267615.42938625
146.1,-2452400.0804284,2353613.56319555,-267619.454113241
146.15,-2452433.36462323,2353579.44078602,-267623.474010567
146.2,-2452466.62816981,2353545.33898627,-267627.489132153
146.25,-2452499.87134031,2353511.25750832,-267631.499522109
146.3,-2452533.09376433,2353477.19668133,-267635.505193708
146.35,-2452566.29567066,2353443.15630386,-267639.506179716
146.4,-2452599.47686093,2353409.13651533,-267643.502500213
146.45,-2452632.63757154,2353375.13701487,-267647.494240073
146.5,-2452665.77764545,2353341.15790557,-267651.481439487
146.55,-2452698.89717293,2353307.19915582,-267655.464136441
146.6,-2452731.9962274,2353273.26062891,-267659.44237737
146.65,-2452765.07459504,2353239.34258577,-267663.416135718
146.7,-2452798.13243889,2353205.44478385,-267667.385531736
146.75,-2452831.16973109,2353171.56718742,-267671.350609352
146.8,-2452864.1866436,2353137.70965044,-267675.311408117
146.85,-2452897.18294831,2353103.87243834,-267679.267926616
146.9,-2452930.15888274,2353070.05531862,-267683.220235294
146.95,-2452963.11427588,2353036.2584537,-267687.168348937
147,-2452996.04939446,2353002.48152121,-267691.112388072
147.05,-2453028.96417376,2352968.72460542,-267695.052359093
147.1,-2453061.85867321,2352934.98769375,-267698.988251371
147.15,-2453094.73283109,2352901.27086767,-267702.92013289
147.2,-2453127.58675726,2352867.57403409,-267706.84802954
147.25,-2453160.42064694,2352833.89700511,-267710.771979157
147.3,-2453193.2343854,2352800.23985184,-267714.692072157
147.35,-2453226.02813693,2352766.60248608,-267718.608345464
147.4,-2453258.80166156,2352732.98520867,-267722.520727241
147.45,-2453291.55531785,2352699.38764222,-267726.429306098
147.5,-2453324.28899228,2352665.80985423,-267730.334120012
147.55,-2453357.00296153,2352632.25160355,-267734.235241147
147.6,-2453389.69699895,2352598.71321644,-267738.132626335
147.65,-2453422.3713225,2352565.19450972,-267742.026290731
147.7,-2453455.02584411,2352531.69556335,-267745.916275452
147.75,-2453487.66075696,2352498.21613472,-267749.802619884
147.8,-2453520.27607585,2352464.75622806,-267753.685362489
147.85,-2453552.87183153,2352431.31587701,-267757.564495884
147.9,-2453585.44791831,2352397.89518105,-267761.439981075
147.95,-2453618.00457658,2352364.49395941,-267765.311881131
148,-2453650.54179227,2352331.11216561,-267769.180213755
148.05,-2453683.05950137,2352297.74987283,-267773.045024067
148.1,-2453715.55781491,2352264.40696149,-267776.906255386
148.15,-2453748.03666095,2352231.08357449,-267780.763905426
148.2,-2453780.49625528,2352197.77946718,-267784.618068238
148.25,-2453812.93642908,2352164.49480928,-267788.468702292
148.3,-2453845.35740869,2352131.22924522,-267792.315853158
148.35,-2453877.7589446,2352097.98309333,-267796.159469903
148.4,-2453910.1411513,2352064.75628009,-267799.999592401
148.45,-2453942.50405387,2352031.54872282,-267803.83621616
148.5,-2453974.84768729,2351998.36032653,-267807.669345685
148.55,-2454007.1720054,2351965.19111322,-267811.499003443
148.6,-2454039.47714999,2351932.04092985,-267815.325206484
148.65,-2454071.76283116,2351898.9100593,-267819.147928814
148.7,-2454104.0292593,2351865.79826884,-267822.967155446
148.75,-2454136.27631803,2351832.70561124,-267826.782928342
148.8,-2454168.50408906,2351799.63189787,-267830.595291522
148.85,-2454200.71255899,2351766.57718277,-267834.404219993
148.9,-2454232.90155481,2351733.54157806,-267838.209711625
148.95,-2454265.07134053,2351700.52485818,-267842.011793949
149,-2454297.22165183,2351667.52720605,-267845.810459949
149.05,-2454329.35267964,2351634.5482548,-267849.605747634
149.1,-2454361.46418291,2351601.5882955,-267853.397673188
149.15,-2454393.5563906,2351568.64709419,-267857.186240655
149.2,-2454425.6290131,2351535.72490733,-267860.97145549
149.25,-2454457.68223811,2351502.8214827,-267864.753340782
149.3,-2454489.71608071,2351469.93673785,-267868.53197896
149.35,-2454521.73045402,2351437.07068737,-267872.307341654
149.4,-2454553.72539467,2351404.22336384,-267876.079464782
149.45,-2454585.70084432,2351371.39472652,-267879.848329726
149.5,-2454617.65677944,2351338.58486373,-267883.614001187
149.55,-2454649.59326939,2351305.79356177,-267887.376507738
149.6,-2454681.51042379,2351273.02064726,-267891.135886636
149.65,-2454713.40799783,2351240.266454,-267894.89215761
149.7,-2454745.28627322,2351207.53064162,-267898.645383269
149.75,-2454777.14496722,2351174.8135006,-267902.395520138
149.8,-2454808.98431932,2351142.11472733,-267906.142682722
149.85,-2454840.80433454,2351109.43427745,-267909.886862851
149.9,-2454872.6048986,2351076.77229764,-267913.628108484
149.95,-2454904.38611102,2351044.12871883,-267917.366445504
150,-2454936.1481082,2351011.50338632,-267921.101919548
150.05,-2454967.8906864,2350978.89647622,-267924.834542455
150.1,-2454999.61417476,2350946.30759865,-267928.56442189
150.15,-2455031.31830014,2350913.73710196,-267932.291515539
150.2,-2455063.00330319,2350881.1847468,-267936.015892856
150.25,-2455094.66910438,2350848.65064413,-267939.737575419
150.3,-2455126.31589226,2350816.13463241,-267943.456627507
150.35,-2455157.94357156,2350783.63671232,-267947.173074647
150.4,-2455189.55218003,2350751.15688147,-267950.886936246
150.45,-2455221.14195171,2350718.69487998,-267954.598212395
150.5,-2455252.71242504,2350686.25109792,-267958.307026163
150.55,-2455284.26420727,2350653.82512329,-267962.013287032
150.6,-2455315.79688553,2350621.41703266,-267965.717059935
150.65,-2455347.31075876,2350589.02671652,-267969.418459343
150.7,-2455378.80575587,2350556.65432765,-267973.11740326
150.75,-2455410.28191683,2350524.29962283,-267976.814008957
150.8,-2455441.7392469,2350491.96291856,-267980.508186945
150.85,-2455473.17787633,2350459.64376022,-267984.199976122
150.9,-2455504.5977143,2350427.34236802,-267987.889497328
150.95,-2455535.99901151,2350395.05857137,-267991.576672228
151,-2455567.38153589,2350362.79237135,-267995.26148028
151.05,-2455598.74547734,2350330.54397639,-267998.943968723
151.1,-2455630.09085482,2350298.31296916,-268002.624094502
151.15,-2455661.41758825,2350266.09938195,-268006.301939428
151.2,-2455692.72581819,2350233.90330088,-268009.977468026
151.25,-2455724.01536257,2350201.72471283,-268013.65070395
151.3,-2455755.28636123,2350169.56371738,-268017.321628419
151.35,-2455786.53882036,2350137.42011242,-268020.990170741
151.4,-2455817.77283676,2350105.29373535,-268024.656534095
151.45,-2455848.98824328,2350073.18482951,-268028.320498494
151.5,-2455880.18526464,2350041.09311342,-268031.982177999
151.55,-2455911.36357236,2350009.01903664,-268035.641572649
151.6,-2455942.52334799,2349976.96222126,-268039.298579789
151.65,-2455973.66453535,2349944.92268249,-268042.953326118
151.7,-2456004.78724265,2349912.90037053,-268046.605719846
151.75,-2456035.89124452,2349880.89530931,-268050.255855647
151.8,-2456066.97680175,2349848.90755676,-268053.903580305
151.85,-2456098.04362915,2349816.93704198,-268057.548944532
151.9,-2456129.09186532,2349784.98369302,-268061.192019567
151.95,-2456160.12159908,2349753.04743646,-268064.832697835
152,-2456191.13251494,2349721.12833437,-268068.471037456
152.05,-2456222.12502048,2349689.22634099,-268072.106945728
152.1,-2456253.09866791,2349657.34152759,-268075.740383027
152.15,-2456284.05376155,2349625.47365077,-268079.371457072
152.2,-2456314.99022691,2349593.62282254,-268083.00006082
152.25,-2456345.90792706,2349561.7888961,-268086.626278877
152.3,-2456376.80705491,2349529.97205217,-268090.250002271
152.35,-2456407.68747591,2349498.17208978,-268093.871233327
152.4,-2456438.54909828,2349466.38912879,-268097.490029377
152.45,-2456469.39222539,2349434.62291538,-268101.106330898
152.5,-2456500.21657263,2349402.87339979,-268104.72019224
152.55,-2456531.02234039,2349371.14087202,-268108.331539726
152.6,-2456561.80941834,2349339.42531355,-268111.940430185
152.65,-2456592.57788383,2349307.72653874,-268115.546842738
152.7,-2456623.32783963,2349276.04448385,-268119.150799549
152.75,-2456654.0591897,2349244.37921356,-268122.752273785
152.8,-2456684.77208554,2349212.73059369,-268126.351257766
152.85,-2456715.46631735,2349181.09887629,-268129.947739529
152.9,-2456746.14208828,2349149.48376797,-268133.541745759
152.95,-2456776.79932877,2349117.88534333,-268137.133309655
153,-2456807.43819885,2349086.30345869,-268140.722417778
153.05,-2456838.05865931,2349054.73821256,-268144.309070229
153.1,-2456868.6606372,2349023.18967912,-268147.89327062
153.15,-2456899.24430087,2348991.65770904,-268151.475049606
153.2,-2456929.80971728,2348960.14217345,-268155.05445066
153.25,-2456960.35689982,2348928.64308112,-268158.631481366
153.3,-2456990.88585089,2348897.16053084,-268162.206134929
153.35,-2457021.39658917,2348865.6945372,-268165.778407635
153.4,-2457051.88912996,2348834.24504343,-268169.348334241
153.45,-2457082.36382006,2348802.81170942,-268172.91599329
153.5,-2457112.82048147,2348771.39478093,-268176.481368804
153.55,-2457143.25916709,2348739.99421294,-268180.044472316
153.6,-2457173.67970606,2348708.60996234,-268183.605250233
153.65,-2457204.08239553,2348677.24200658,-268187.16377116
153.7,-2457234.46734663,2348645.8902038,-268190.720143392
153.75,-2457264.83459179,2348614.55458949,-268194.274351801
153.8,-2457295.18404522,2348583.23523718,-268197.826365837
153.85,-2457325.51594788,2348551.93195699,-268201.376220307
153.9,-2457355.83005395,2348520.6450431,-268204.923948255
153.95,-2457386.12676575,2348489.37401526,-268208.469520757
154,-2457416.40584301,2348458.11912573,-268212.013002548
154.05,-2457446.66749035,2348426.88019571,-268215.554395698
154.1,-2457476.91162397,2348395.65739428,-268219.093725226
154.15,-2457507.13829529,2348364.45064972,-268222.630957148
154.2,-2457537.34757993,2348333.25978852,-268226.166156265
154.25,-2457567.53944418,2348302.08487176,-268229.699283233
154.3,-2457597.71406391,2348270.9256934,-268233.230388372
154.35,-2457627.87117872,2348239.78261009,-268236.759438139
154.4,-2457658.01105156,2348208.65535985,-268240.286402558
154.45,-2457688.13352264,2348177.5439792,-268243.811343549
154.5,-2457718.23879985,2348146.44828073,-268247.334270364
154.55,-2457748.32664461,2348115.36847724,-268250.855163314
154.6,-2457778.39731963,2348084.30428576,-268254.374005568
154.65,-2457808.45048193,2348053.25610844,-268257.890761053
154.7,-2457838.48642983,2348022.22354427,-268261.405473275
154.75,-2457868.50506234,2347991.20661782,-268264.918116426
154.8,-2457898.50636559,2347960.20537949,-268268.428703131
154.85,-2457928.49044357,2347929.21970938,-268271.937208081
154.9,-2457958.45700104,2347898.24988541,-268275.443583214
154.95,-2457988.40628683,2347867.29558891,-268278.947841029
155,-2458018.33822134,2347836.35683173,-268282.449967408
155.05,-2458048.25279912,2347805.4335958,-268285.949982844
155.1,-2458078.14995844,2347774.52591311,-268289.447818901
155.15,-2458108.02962164,2347743.63388463,-268292.943448768
155.2,-2458137.89185068,2347712.75736493,-268296.436888234
155.25,-2458167.7367208,2347681.89620023,-268299.928134206
155.3,-2458197.56404923,2347651.05051863,-268303.417150837
155.35,-2458227.37400205,2347620.22016694,-268306.903907169
155.4,-2458257.16629403,2347589.40545273,-268310.388378716
155.45,-2458286.94111413,2347558.60607594,-268313.870540971
155.5,-2458316.69840345,2347527.82202269,-268317.350396267
155.55,-2458346.4382329,2347497.0531987,-268320.827947401
155.6,-2458376.16044149,2347466.29975835,-268324.303142366
155.65,-2458405.86507775,2347435.56167588,-268327.775971318
155.7,-2458435.55221987,2347404.83882108,-268331.246441816
155.75,-2458465.22178467,2347374.13117196,-268334.714495721
155.8,-2458494.8737629,2347343.43874933,-268338.180173734
155.85,-2458524.50816315,2347312.76151833,-268341.643432984
155.9,-2458554.12502689,2347282.09944035,-268345.104248955
155.95,-2458583.72423252,2347251.45265889,-268348.562619733
156,-2458613.30604766,2347220.82085787,-268352.018550061
156.05,-2458642.87020967,2347190.20418658,-268355.47202107
156.1,-2458672.41688994,2347159.602558,-268358.923051097
156.15,-2458701.94601576,2347129.0160798,-268362.371583493
156.2,-2458731.45768287,2347098.44463029,-268365.817645495
156.25,-2458760.95182765,2347067.88825596,-268369.261240681
156.3,-2458790.4285724,2347037.34676185,-268372.702347789
156.35,-2458819.88797238,2347006.82017948,-268376.141024791
156.4,-2458849.3298712,2346976.30865999,-268379.577191843
156.45,-2458878.75449787,2346945.81206545,-268383.010914428
156.5,-2458908.16173396,2346915.33041479,-268386.442167179
156.55,-2458937.55170317,2346884.8635844,-268389.870977695
156.6,-2458966.92442976,2346854.41162375,-268393.297359877
156.65,-2458996.27999893,2346823.97443656,-268396.721321407
156.7,-2459025.6182967,2346793.55222611,-268400.142822288
156.75,-2459054.93961524,2346763.14466392,-268403.561935107
156.8,-2459084.24369723,2346732.75197656,-268406.978645028
156.85,-2459113.53079521,2346702.37392793,-268410.392970531
156.9,-2459142.80089982,2346672.01058743,-268413.804942379
156.95,-2459172.05407705,2346641.66198553,-268417.214564322
157,-2459201.29024352,2346611.32815956,-268420.621825868
157.05,-2459230.50960506,2346581.00889256,-268424.026790692
157.1,-2459259.71216164,2346550.70420493,-268427.429470395
157.15,-2459288.89791622,2346520.41410802,-268430.829869997
157.2,-2459318.06691653,2346490.13861802,-268434.227975998
157.25,-2459347.21912905,2346459.87775712,-268437.623834269
157.3,-2459376.35484207,2346429.63124361,-268441.017491935
157.35,-2459405.47382152,2346399.39928122,-268444.408898071
157.4,-2459434.57627571,2346369.18166933,-268447.798148332
157.45,-2459463.66205212,2346338.9786399,-268451.185169542
157.5,-2459492.73131515,2346308.79003802,-268454.57003815
157.55,-2459521.78409216,2346278.61576815,-268457.952738081
157.6,-2459550.82046905,2346248.45570907,-268461.333294643
157.65,-2459579.84027645,2346218.31010356,-268464.711732561
157.7,-2459608.84381076,2346188.17870659,-268468.088027331
157.75,-2459637.83078088,2346158.06177307,-268471.462202825
157.8,-2459666.80144249,2346127.95896482,-268474.83429552
157.85,-2459695.75565574,2346097.87039668,-268478.204317001
157.9,-2459724.69352188,2346067.79597529,-268481.572250757
157.95,-2459753.61496282,2346037.73582031,-268484.938092702
158,-2459782.51997783,2346007.68993671,-268488.301826088
158.05,-2459811.40878495,2345977.65800766,-268491.663497477
158.1,-2459840.28107702,2345947.64029976,-268495.023112313
158.15,-2459869.13706807,2345917.63659464,-268498.380646369
158.2,-2459897.97667171,2345887.64700554,-268501.736097519
158.25,-2459926.79991612,2345857.67150853,-268505.089474499
158.3,-2459955.60667064,2345827.71011748,-268508.440747628
158.35,-2459984.39717042,2345797.76258779,-268511.789969376
158.4,-2460013.17108655,2345767.82918865,-268515.13707137
158.45,-2460041.92864866,2345737.90972673,-268518.482102328
158.5,-2460070.6697672,2345708.00425739,-268521.825009509
158.55,-2460099.39440824,2345678.11274902,-268525.165770785
158.6,-2460128.10252666,2345648.23517,-268528.504423686
158.65,-2460156.79418955,2345618.37146052,-268531.84095559
158.7,-2460185.46944251,2345588.52154245,-268535.175322461
158.75,-2460214.12803193,2345558.68565986,-268538.507503709
158.8,-2460242.77013273,2345528.86360401,-268541.837514084
158.85,-2460271.39566845,2345499.05537103,-268545.165326836
158.9,-2460300.0046503,2345469.26086979,-268548.490923765
158.95,-2460328.59709838,2345439.48014047,-268551.814328044
159,-2460357.17293356,2345409.7132808,-268555.135459293
159.05,-2460385.73207945,2345379.96024362,-268558.454325734
159.1,-2460414.27474164,2345350.22081041,-268561.770941332
159.15,-2460442.8006637,2345320.49514179,-268565.085249803
159.2,-2460471.31014571,2345290.78298569,-268568.397304293
159.25,-2460499.80282843,2345261.08474681,-268571.707012707
159.3,-2460528.2789186,2345231.40012641,-268575.014373225
159.35,-2460556.73837955,2345201.72910258,-268578.319415976
159.4,-2460585.18124711,2345172.07161487,-268581.622109052
159.45,-2460613.60746242,2345142.42777232,-268584.922443672
159.5,-2460642.01707298,2345112.79752163,-268588.220391576
159.55,-2460670.41014341,2345083.18077755,-268591.515943467
159.6,-2460698.7865113,2345053.57770241,-268594.809084398
159.65,-2460727.14642092,2345023.98795293,-268598.099840074
159.7,-2460755.48970083,2344994.411773,-268601.388173536
159.75,-2460783.81653047,2344964.8490139,-268604.674078718
159.8,-2460812.12664994,2344935.29988778,-268607.957532558
159.85,-2460840.42041838,2344905.76403478,-268611.238547694
159.9,-2460868.69757033,2344876.24169342,-268614.517114776
159.95,-2460896.9584004,2344846.73265501,-268617.793269411
160,-2460925.20278813,2344817.23703692,-268621.066988373
160.05,-2460953.43080506,2344787.75479345,-268624.338258879
160.1,-2460981.64239512,2344758.28594907,-268627.607053636
160.15,-2461009.83766426,2344728.830409,-268630.873438789
160.2,-2461038.01678539,2344699.38801735,-268634.137413725
160.25,-2461066.17957543,2344669.95897883,-268637.398934567
160.3,-2461094.32617758,2344640.54325295,-268640.65801821
160.35,-2461122.45657719,2344611.14081645,-268643.914685133
160.4,-2461150.57083307,2344581.75157453,-268647.168969809
160.45,-2461178.66898457,2344552.37546884,-268650.420842111
160.5,-2461206.75122348,2344523.01244414,-268653.670337927
160.55,-2461234.81726369,2344493.66278705,-268656.9174178
160.6,-2461262.86751079,2344464.32613438,-268660.162136979
160.65,-2461290.90165484,2344435.00273647,-268663.404481195
160.7,-2461318.91999276,2344405.69227195,-268666.644513879
160.75,-2461346.92250218,2344376.39484565,-268669.882217677
160.8,-2461374.90912104,2344347.11057967,-268673.11758995
160.85,-2461402.87997802,2344317.83932524,-268676.350651916
160.9,-2461430.83504352,2344288.58103059,-268679.581427683
160.95,-2461458.7744184,2344259.3356771,-268682.809947839
161,-2461486.69813398,2344230.10325232,-268686.036197699
161.05,-2461514.6061539,2344200.88382646,-268689.260159894
161.1,-2461542.49847189,2344171.67739284,-268692.481854474
161.15,-2461570.37528422,2344142.48370111,-268695.701337544
161.2,-2461598.23641801,2344113.30289057,-268698.918628541
161.25,-2461626.0821275,2344084.13480159,-268702.133740051
161.3,-2461653.91211553,2344054.9797808,-268705.346625729
161.35,-2461681.72661966,2344025.83751432,-268708.557309178
161.4,-2461709.52552614,2343996.70805496,-268711.765823104
161.45,-2461737.30903827,2343967.59119673,-268714.972217835
161.5,-2461765.07698356,2343938.48710025,-268718.17644687
161.55,-2461792.82949474,2343909.39573259,-268721.37850383
161.6,-2461820.56646041,2343880.31715642,-268724.578437188
161.65,-2461848.28785197,2343851.25131364,-268727.776242392
161.7,-2461875.99389415,2343822.19793013,-268730.971953869
161.75,-2461903.68442654,2343793.1572048,-268734.165529709
161.8,-2461931.35940889,2343764.12920823,-268737.356975134
161.85,-2461959.01884049,2343735.11392198,-268740.54629433
161.9,-2461986.66283872,2343706.11109007,-268743.733503856
161.95,-2462014.29128436,2343677.12081438,-268746.91861984
162,-2462041.9043033,2343648.14300884,-268750.101628764
162.05,-2462069.50171635,2343619.1778225,-268753.282518291
162.1,-2462097.08354646,2343590.22522949,-268756.46125531
162.15,-2462124.64981134,2343561.28513302,-268759.637904292
162.2,-2462152.20058415,2343532.3574016,-268762.812437888
162.25,-2462179.73575753,2343503.44213285,-268765.984839133
162.3,-2462207.25530232,2343474.53934527,-268769.15509244
162.35,-2462234.75923289,2343445.64904384,-268772.323190235
162.4,-2462262.2474786,2343416.77120177,-268775.489143711
162.45,-2462289.72010965,2343387.90568058,-268778.652963266
162.5,-2462317.17710683,2343359.05248422,-268781.814622746
162.55,-2462344.61849637,2343330.21161393,-268784.974107175
162.6,-2462372.04414425,2343301.38316564,-268788.13135812
162.65,-2462399.45406675,2343272.56712534,-268791.286420196
162.7,-2462426.8483222,2343243.76331588,-268794.439313001
162.75,-2462454.22688381,2343214.97167275,-268797.58997163
162.8,-2462481.58973289,2343186.19233206,-268800.738406671
162.85,-2462508.93683215,2343157.42533505,-268803.884580183
162.9,-2462536.26808517,2343128.67069947,-268807.028484341
162.95,-2462563.58380888,2343099.92803839,-268810.170153873
163,-2462590.88368214,2343071.19766282,-268813.309562594
163.05,-2462618.16794675,2343042.47934895,-268816.446663494
163.1,-2462645.43629241,2343013.7734399,-268819.581451472
163.15,-2462672.68896011,2342985.07966466,-268822.713924856
163.2,-2462699.92596024,2342956.39796401,-268825.844092755
163.25,-2462727.14726902,2342927.72826354,-268828.97193191
163.3,-2462754.35281235,2342899.07073606,-268832.097411483
163.35,-2462781.54263996,2342870.42539154,-268835.220514276
163.4,-2462808.7168318,2342841.792112,-268838.34125525
163.45,-2462835.8752922,2342813.17089193,-268841.459629918
163.5,-2462863.01823412,2342784.56152248,-268844.575669071
163.55,-2462890.14542992,2342755.96432794,-268847.689285453
163.6,-2462917.25712323,2342727.37907565,-268850.800512336
163.65,-2462944.35307603,2342698.80603285,-268853.909311012
163.7,-2462971.43355331,2342670.24486082,-268857.015722217
163.75,-2462998.49849884,2342641.69559272,-268860.119743277
163.8,-2463025.54794706,2342613.15827717,-268863.221325086
163.85,-2463052.58186596,2342584.63299123,-268866.320496746
163.9,-2463079.60032074,2342556.11967511,-268869.417243622
163.95,-2463106.60335016,2342527.61825453,-268872.511576331
164,-2463133.59100025,2342499.12867698,-268875.603532229
164.05,-2463160.56336717,2342470.65090568,-268878.693063205
164.1,-2463187.52035795,2342442.18508223,-268881.780189648
164.15,-2463214.46199209,2342413.73124251,-268884.864880404
164.2,-2463241.38845446,2342385.28908659,-268887.947173783
164.25,-2463268.29966342,2342356.85873012,-268891.027096014
164.3,-2463295.19568205,2342328.4401871,-268894.10463583
164.35,-2463322.07662578,2342300.03336087,-268897.179770686
164.4,-2463348.942269,2342271.6385167,-268900.252511504
164.45,-2463375.79297743,2342243.2552589,-268903.322892387
164.5,-2463402.62857399,2342214.88376025,-268906.390920861
164.55,-2463429.4491716,2342186.52392121,-268909.456600529
164.6,-2463456.25475584,2342158.17581609,-268912.519933726
164.65,-2463483.04536061,2342129.83946913,-268915.580915346
164.7,-2463509.82099889,2342101.51483041,-268918.639575133
164.75,-2463536.58177745,2342073.20171299,-268921.695906078
164.8,-2463563.32774616,2342044.90010745,-268924.74998695
164.85,-2463590.05882233,2342016.6101757,-268927.801751339
164.9,-2463616.77492823,2341988.33197634,-268930.85124405
164.95,-2463643.47625802,2341960.0653546,-268933.898450776
165,-2463670.1628953,2341931.81013557,-268936.943429015
165.05,-2463696.83467045,2341903.56649087,-268939.986162655
165.1,-2463723.49173755,2341875.33429529,-268943.026649592
165.15,-2463750.13389065,2341847.11382,-268946.064896393
165.2,-2463776.76140445,2341818.90474697,-268949.100936224
165.25,-2463803.37419147,2341790.70710374,-268952.134774709
165.3,-2463829.97231357,2341762.52079707,-268955.1664614
165.35,-2463856.55564379,2341734.34599443,-268958.195944656
165.4,-2463883.12428883,2341706.18261772,-268961.223234606
165.45,-2463909.67812832,2341678.03074568,-268964.248352142
165.5,-2463936.21734636,2341649.89016728,-268967.271336134
165.55,-2463962.741886,2341621.76085552,-268970.29220231
165.6,-2463989.25169612,2341593.64292276,-268973.310912533
165.65,-2464015.74670826,2341565.53645996,-268976.327461815
165.7,-2464042.2269926,2341537.44134028,-268979.341874977
165.75,-2464068.69264606,2341509.3573688,-268982.354173837
165.8,-2464095.14349632,2341481.28472648,-268985.364335209
165.85,-2464121.57969522,2341453.22323409,-268988.372367155
165.9,-2464148.0009501,2341425.17322019,-268991.378264714
165.95,-2464174.40753483,2341397.13439576,-268994.382055846
166,-2464200.7993573,2341369.10673821,-268997.38374457
166.05,-2464227.17639553,2341341.09020772,-269000.383328004
166.1,-2464253.53860387,2341313.08486302,-269003.380778635
166.15,-2464279.88596919,2341285.09079053,-269006.376107678
166.2,-2464306.21850636,2341257.1078898,-269009.369316213
166.25,-2464332.53623844,2341229.13606142,-269012.360411623
166.3,-2464358.83912385,2341201.17529231,-269015.349377545
166.35,-2464385.12709741,2341173.22564937,-269018.336205651
166.4,-2464411.40027875,2341145.28703296,-269021.320905306
166.45,-2464437.65850177,2341117.35959693,-269024.303443646
166.5,-2464463.9018451,2341089.44320332,-269027.283834155
166.55,-2464490.13024941,2341061.53785497,-269030.262083909
166.6,-2464516.34380849,2341033.64340178,-269033.238163671
166.65,-2464542.54234659,2341005.76006071,-269036.212059445
166.7,-2464568.72605258,2340977.88764001,-269039.183772575
166.75,-2464594.89474868,2340950.02632649,-269042.153288965
166.8,-2464621.04866588,2340922.17575874,-269045.12062133
166.85,-2464647.18750545,2340894.33622144,-269048.085738668
166.9,-2464673.3114671,2340866.50755352,-269051.048655909
166.95,-2464699.42040805,2340838.68993808,-269054.009310741
167,-2464725.51443686,2340810.88315509,-269056.967722867
167.05,-2464751.59356261,2340783.08721715,-269059.923920853
167.1,-2464777.65779142,2340755.30205534,-269062.877849587
167.15,-2464803.70704418,2340727.52784565,-269065.829520034
167.2,-2464829.74135086,2340699.76451742,-269068.778888747
167.25,-2464855.76079151,2340672.01197584,-269071.72596156
167.3,-2464881.7653496,2340644.27020613,-269074.670751802
167.35,-2464907.75510876,2340616.53908362,-269077.613257964
167.4,-2464933.72988176,2340588.81890396,-269080.553429907
167.45,-2464959.68986984,2340561.10940209,-269083.491254606
167.5,-2464985.63498028,2340533.41077492,-269086.426752235
167.55,-2465011.56531053,2340505.72280137,-269089.359933146
167.6,-2465037.48090181,2340478.04544324,-269092.290779071
167.65,-2465063.38169966,2340450.37880274,-269095.219262823
167.7,-2465089.26770724,2340422.72298877,-269098.145390376
167.75,-2465115.13908723,2340395.07778137,-269101.069148637
167.8,-2465140.99572089,2340367.44325391,-269103.990536363
167.85,-2465166.83777129,2340339.81928283,-269106.909589293
167.9,-2465192.66506929,2340312.20607226,-269109.826232232
167.95,-2465218.47779225,2340284.60343644,-269112.740461953
168,-2465244.27591537,2340257.01153896,-269115.65231639
168.05,-2465270.05954535,2340229.43015822,-269118.561806795
168.1,-2465295.82863062,2340201.85934272,-269121.468923742
168.15,-2465321.58316611,2340174.29915056,-269124.373655552
168.2,-2465347.32334462,2340146.7494509,-269127.275988323
168.25,-2465373.0489901,2340119.21043783,-269130.175930166
168.3,-2465398.76033588,2340091.68186023,-269133.073514571
168.35,-2465424.45723062,2340064.16383263,-269135.968727187
168.4,-2465450.1397859,2340036.65630426,-269138.861586036
168.45,-2465475.80802062,2340009.15930844,-269141.752020757
168.5,-2465501.46189124,2339981.67277706,-269144.640123593
168.55,-2465527.10143234,2339954.19680182,-269147.525903114
168.6,-2465552.7267598,2339926.73119143,-269150.409353733
168.65,-2465578.33787584,2339899.27587067,-269153.290522941
168.7,-2465603.9346956,2339871.83113873,-269156.169361919
168.75,-2465629.51731886,2339844.3967656,-269159.045927673
168.8,-2465655.08569044,2339816.97288813,-269161.920178219
168.85,-2465680.63996096,2339789.55922233,-269164.792193145
168.9,-2465706.17993874,2339762.15600343,-269167.661945056
168.95,-2465731.70589559,2339734.76299665,-269170.529468491
169,-2465757.21761559,2339707.38049281,-269173.394747859
169.05,-2465782.71526339,2339680.00829844,-269176.257800117
169.1,-2465808.19880038,2339652.64635249,-269179.11862105
169.15,-2465833.66827094,2339625.29461878,-269181.977315829
169.2,-2465859.12360483,2339597.95318328,-269184.833831132
169.25,-2465884.56485792,2339570.62200864,-269187.688157325
169.3,-2465909.99202844,2339543.30108851,-269190.540338748
169.35,-2465935.40505608,2339515.99036724,-269193.390413829
169.4,-2465960.80393714,2339488.68978556,-269196.238398825
169.45,-2465986.18868223,2339461.39940597,-269199.084329781
169.5,-2466011.55933796,2339434.1192076,-269201.928172802
169.55,-2466036.91578393,2339406.84927494,-269204.769935186
169.6,-2466062.25826334,2339379.58931889,-269207.609646942
169.65,-2466087.58648419,2339352.33951744,-269210.447313324
169.7,-2466112.9007359,2339325.09968317,-269213.282998996
169.75,-2466138.20068878,2339297.87012998,-269216.116644222
169.8,-2466163.48656328,2339270.65063612,-269218.948271417
169.85,-2466188.75830251,2339243.44113866,-269221.777921766
169.9,-2466214.01584685,2339216.24165467,-269224.605569934
169.95,-2466239.25919542,2339189.05216484,-269227.431248521
170,-2466264.48849877,2339161.87263204,-269230.25492869
170.05,-2466289.703498,2339134.70327898,-269233.076631989
170.1,-2466314.90434637,2339107.54384908,-269235.896351245
170.15,-2466340.09099976,2339080.39436991,-269238.714146419
170.2,-2466365.26343934,2339053.25482,-269241.530001327
170.25,-2466390.42176933,2339026.12512026,-269244.343870997
170.3,-2466415.56571424,2338999.00554918,-269247.155749986
170.35,-2466440.69558009,2338971.89577901,-269249.965697542
170.4,-2466465.8111173,2338944.79604435,-269252.773677657
170.45,-2466490.9125201,2338917.70602601,-269255.579705656
170.5,-2466515.99962387,2338890.62595833,-269258.383750361
170.55,-2466541.07261854,2338863.55572424,-269261.185851203
170.6,-2466566.13127922,2338836.49544622,-269263.985958151
170.65,-2466591.17581656,2338809.44485544,-269266.784093031
170.7,-2466616.20609073,2338782.40412913,-269269.580251575
170.75,-2466641.2221854,2338755.37322049,-269272.374420664
170.8,-2466666.22410826,2338728.35211241,-269275.166575688
170.85,-2466691.21176182,2338701.34085009,-269277.956700671
170.9,-2466716.18525061,2338674.33939454,-269280.744811975
170.95,-2466741.14457525,2338647.34761434,-269283.53090662
171,-2466766.0898194,2338620.36548672,-269286.314987924
171.05,-2466791.02078397,2338593.39327153,-269289.097001743
171.1,-2466815.93766962,2338566.43071221,-269291.876970832
171.15,-2466840.84038442,2338539.47794403,-269294.654868919
171.2,-2466865.72901308,2338512.53476704,-269297.430699758
171.25,-2466890.60360618,2338485.60124354,-269300.204459904
171.3,-2466915.46406666,2338458.67745512,-269302.976120082
171.35,-2466940.31041521,2338431.76344994,-269305.745659525
171.4,-2466965.14274296,2338404.85906959,-269308.513072096
171.45,-2466989.96108609,2338377.96423841,-269311.278372455
171.5,-2467014.76542988,2338351.07902899,-269314.041563347
171.55,-2467039.55569885,2338324.20359319,-269316.802580101
171.6,-2467064.33205431,2338297.33779013,-269319.561451055
171.65,-2467089.09448338,2338270.48153197,-269322.31816371
171.7,-2467113.84302507,2338243.63478734,-269325.072725886
171.75,-2467138.57761189,2338216.79770912,-269327.825113367
171.8,-2467163.29834075,2338189.97018894,-269330.575314345
171.85,-2467188.00519407,2338163.15235156,-269333.32333771
171.9,-2467212.69821099,2338136.34405164,-269336.069148297
171.95,-2467237.37746291,2338109.5452206,-269338.812804485
172,-2467262.0429009,2338082.75593445,-269341.554293328
172.05,-2467286.69465807,2338055.97611259,-269344.293568393
172.1,-2467311.33256888,2338029.20595346,-269347.030641714
172.15,-2467335.95684449,2338002.44524281,-269349.7655254
172.2,-2467360.56737361,2337975.6940402,-269352.498215952
172.25,-2467385.16429633,2337948.95221326,-269355.228728767
172.3,-2467409.74754307,2337922.21991362,-269357.957061035
172.35,-2467434.31714793,2337895.49714202,-269360.683193748
172.4,-2467458.87315786,2337868.78381668,-269363.407169613
172.45,-2467483.41559782,2337842.07984223,-269366.128958545
172.5,-2467507.9445655,2337815.38515405,-269368.848591235
172.55,-2467532.45984532,2337788.70001651,-269371.566054758
172.6,-2467556.96165161,2337762.02425319,-269374.28134861
172.65,-2467581.44984674,2337735.35798575,-269376.994491175
172.7,-2467605.92468579,2337708.70090519,-269379.705495485
172.75,-2467630.38586367,2337682.05322238,-269382.41444262
172.8,-2467654.83360442,2337655.41481735,-269385.12131432
172.85,-2467679.26788055,2337628.78579056,-269387.826098146
172.9,-2467703.68865297,2337602.16615189,-269390.528798738
172.95,-2467728.09599807,2337575.55572365,-269393.22943096
173,-2467752.48996718,2337548.95447308,-269395.928028991
173.05,-2467776.87043264,2337522.36256555,-269398.624595011
173.1,-2467801.23747739,2337495.77990431,-269401.319122614
173.15,-2467825.59108772,2337469.20652744,-269404.011656254
173.2,-2467849.93127329,2337442.64234443,-269406.702228456
173.25,-2467874.25807985,2337416.08727744,-269409.39084685
173.3,-2467898.57146353,2337389.54136501,-269412.077522235
173.35,-2467922.87142555,2337363.00471395,-269414.762265097
173.4,-2467947.15783394,2337336.47739467,-269417.445048015
173.45,-2467971.43097177,2337309.95902997,-269420.125962872
173.5,-2467995.69054988,2337283.4498839,-269422.805001427
173.55,-2468019.93684263,2337256.94969332,-269425.482192729
173.6,-2468044.16955306,2337230.45881027,-269428.157501877
173.65,-2468068.38880912,2337203.97705937,-269430.830965925
173.7,-2468092.59464148,2337177.50435218,-269433.502603012
173.75,-2468116.78706412,2337151.04062857,-269436.172459515
173.8,-2468140.96597632,2337124.58593681,-269438.840519713
173.85,-2468165.13148381,2337098.14025584,-269441.506820925
173.9,-2468189.28337124,2337071.70381991,-269444.171329772
173.95,-2468213.42192477,2337045.2762786,-269446.834101883
174,-2468237.54692845,2337018.8577432,-269449.495144336
174.05,-2468261.65841088,2336992.44818716,-269452.154476311
174.1,-2468285.75649929,2336966.04756741,-269454.812107747
174.15,-2468309.84095596,2336939.65607772,-269457.468004707
174.2,-2468333.91199271,2336913.2734193,-269460.122195518
174.25,-2468357.96943439,2336886.89974553,-269462.774698298
174.3,-2468382.01341889,2336860.53488103,-269465.425545696
174.35,-2468406.04386149,2336834.17896176,-269468.074726465
174.4,-2468430.06078174,2336807.83200791,-269470.722224851
174.45,-2468454.06410602,2336781.49400807,-269473.368026591
174.5,-2468478.054046,2336755.16469215,-269476.012183532
174.55,-2468502.03035031,2336728.84425363,-269478.654697679
174.6,-2468525.99317954,2336702.53262579,-269481.295550347
174.65,-2468549.94241664,2336676.22992713,-269483.934745098
174.7,-2468573.87814261,2336649.93605053,-269486.572274701
174.75,-2468597.800353,2336623.65096598,-269489.208132738
174.8,-2468621.70904577,2336597.37462093,-269491.84234966
174.85,-2468645.604266,2336571.10698391,-269494.474917582
174.9,-2468669.48583465,2336544.84833155,-269497.105824257
174.95,-2468693.35401047,2336518.59832654,-269499.735027796
175,-2468717.20861582,2336492.35709184,-269502.362548132
175.05,-2468741.04977295,2336466.12451401,-269504.98842062
175.1,-2468764.87746224,2336439.90064333,-269507.612632714
175.15,-2468788.69155186,2336413.68561854,-269510.235125435
175.2,-2468812.49219067,2336387.47934652,-269512.855915667
175.25,-2468836.27944398,2336361.28166182,-269515.475032711
175.3,-2468860.05314946,2336335.09274114,-269518.092436647
175.35,-2468883.81353078,2336308.91233149,-269520.708114464
175.4,-2468907.56033043,2336282.74082697,-269523.322096926
175.45,-2468931.29375562,2336256.57798674,-269525.934338527
175.5,-2468955.01386703,2336230.4236765,-269528.544838385
175.55,-2468978.72058335,2336204.27798587,-269531.153570929
175.6,-2469002.41388559,2336178.14098214,-269533.760551453
175.65,-2469026.09381391,2336152.01268157,-269536.365762782
175.7,-2469049.76042212,2336125.8930226,-269538.969180851
175.75,-2469073.41367155,2336099.78200009,-269541.570790778
175.8,-2469097.05378074,2336073.67942068,-269544.170627182
175.85,-2469120.68052297,2336047.5855267,-269546.768679749
175.9,-2469144.29403004,2336021.50020505,-269549.36492701
175.95,-2469167.89423921,2335995.42355864,-269551.95931601
176,-2469191.48131913,2335969.35540087,-269554.551914613
176.05,-2469215.05507633,2335943.29589087,-269557.142647739
176.1,-2469238.6157584,2335917.24479749,-269559.731564069
176.15,-2469262.16320571,2335891.20238352,-269562.318633899
176.2,-2469285.69756089,2335865.16851161,-269564.903845358
176.25,-2469309.21877499,2335839.1432042,-269567.487175077
176.3,-2469332.7269054,2335813.1263644,-269570.068665234
176.35,-2469356.22199132,2335787.11794506,-269572.64830886
176.4,-2469379.70399395,2335761.11807787,-269575.226108734
176.45,-2469403.17295709,2335735.12671798,-269577.802012647
176.5,-2469426.62886793,2335709.14389446,-269580.376051319
176.55,-2469450.07181487,2335683.16948582,-269582.948227101
176.6,-2469473.50176665,2335657.20352522,-269585.518553957
176.65,-2469496.91881658,2335631.24595544,-269588.087021441
176.7,-2469520.32287564,2335605.29691051,-269590.653609974
176.75,-2469543.71397507,2335579.35636601,-269593.2183354
176.8,-2469567.09214905,2335553.42421286,-269595.781208681
176.85,-2469590.45750983,2335527.50031173,-269598.342253703
176.9,-2469613.80991798,2335501.58493,-269600.90145453
176.95,-2469637.14949746,2335475.67793416,-269603.458791444
177,-2469660.47612418,2335449.77939603,-269606.014282993
177.05,-2469683.78994711,2335423.88916351,-269608.56798425
177.1,-2469707.09095142,2335398.00720418,-269611.119862845
177.15,-2469730.37914004,2335372.13361189,-269613.669958555
177.2,-2469753.65446888,2335346.2684104,-269616.218223058
177.25,-2469776.91695413,2335320.41157132,-269618.764704307
177.3,-2469800.16674806,2335294.56292426,-269621.309428209
177.35,-2469823.40364316,2335268.72261875,-269623.852381398
177.4,-2469846.62783002,2335242.89045915,-269626.39359071
177.45,-2469869.83915651,2335217.06675284,-269628.933065439
177.5,-2469893.03769551,2335191.25129338,-269631.470804432
177.55,-2469916.22346525,2335165.44404438,-269634.006816577
177.6,-2469939.39653803,2335139.64493537,-269636.541174454
177.65,-2469962.55672616,2335113.85411424,-269639.07382189
177.7,-2469985.7042367,2335088.0714066,-269641.604805774
177.75,-2470008.83891371,2335062.29704958,-269644.134125721
177.8,-2470031.96077549,2335036.53085891,-269646.661805873
177.85,-2470055.06991599,2335010.77273089,-269649.1878538
177.9,-2470078.16625432,2334985.02278903,-269651.712325262
177.95,-2470101.24979067,2334959.28100508,-269654.235189268
178,-2470124.32049082,2334933.5474651,-269656.756425858
178.05,-2470147.37856497,2334907.82184449,-269659.276137929
178.1,-2470170.42371068,2334882.10443328,-269661.794280873
178.15,-2470193.45607192,2334856.39506955,-269664.310892377
178.2,-2470216.47561607,2334830.69382347,-269666.825980172
178.25,-2470239.482413,2334805.0006316,-269669.339551861
178.3,-2470262.47628781,2334779.31559606,-269671.851595238
178.35,-2470285.45746187,2334753.6384156,-269674.362178779
178.4,-2470308.42571524,2334727.96933884,-269676.871283311
178.45,-2470331.38119331,2334702.30822043,-269679.37893743
178.5,-2470354.32381615,2334676.65517688,-269681.88513315
178.55,-2470377.25357034,2334651.01011884,-269684.389861207
178.6,-2470400.17049587,2334625.37302768,-269686.893187339
178.65,-2470423.07453553,2334599.74389273,-269689.395078785
178.7,-2470445.96584081,2334574.12255332,-269691.895570301
178.75,-2470468.84423515,2334548.50929844,-269694.394643353
178.8,-2470491.70971999,2334522.90401184,-269696.892300053
178.85,-2470514.56231236,2334497.30664769,-269699.388570694
178.9,-2470537.40207348,2334471.71708478,-269701.883452476
178.95,-2470560.22894925,2334446.13543839,-269704.376976664
179,-2470583.0430334,2334420.56160457,-269706.869119386
179.05,-2470605.84411011,2334394.99580527,-269709.359868475
179.1,-2470628.6324673,2334369.43768953,-269711.849244735
179.15,-2470651.40779829,2334343.88749178,-269714.337258584
179.2,-2470674.17040251,2334318.34499643,-269716.823911781
179.25,-2470696.92002913,2334292.81048191,-269719.309186909
179.3,-2470719.65681128,2334267.28380222,-269721.793087045
179.35,-2470742.38077723,2334241.76483958,-269724.275636474
179.4,-2470765.09181667,2334216.25372327,-269726.756805057
179.45,-2470787.79010244,2334190.75024187,-269729.23662789
179.5,-2470810.47538061,2334165.25472554,-269731.715043675
179.55,-2470833.14785918,2334139.76694023,-269734.192084834
179.6,-2470855.80747708,2334114.28694587,-269736.667765534
179.65,-2470878.45435732,2334088.81456518,-269739.142045213
179.7,-2470901.0883299,2334063.34997256,-269741.614926431
179.75,-2470923.70956356,2334037.8930842,-269744.086428415
179.8,-2470946.31786942,2334012.44410847,-269746.556509823
179.85,-2470968.91344623,2333987.00273544,-269749.025180364
179.9,-2470991.49622508,2333961.56902068,-269751.492446461
179.95,-2471014.06626917,2333936.14296452,-269753.958291569
180,-2471036.62352247,2333910.72466955,-269756.422714282
180.05,-2471059.168046,2333885.31408471,-269758.885711763
180.1,-2471081.69978155,2333859.91121765,-269761.347217253
180.15,-2471104.21878146,2333834.51600635,-269763.807316171
180.2,-2471126.72518003,2333809.12835795,-269766.26595603
180.25,-2471149.21885662,2333783.7484045,-269768.723113358
180.3,-2471171.69978631,2333758.37622355,-269771.178791023
180.35,-2471194.16811297,2333733.0116749,-269773.632987444
180.4,-2471216.62376553,2333707.65476345,-269776.085686937
180.45,-2471239.06677821,2333682.3054447,-269778.536913643
180.5,-2471261.49727444,2333656.96370692,-269780.986633408
180.55,-2471283.91509615,2333631.62974303,-269783.434828202
180.6,-2471306.32041323,2333606.30331577,-269785.881508715
180.65,-2471328.71307311,2333580.98458188,-269788.326661665
180.7,-2471351.0933189,2333555.67328557,-269790.770284744
180.75,-2471373.46099125,2333530.36968586,-269793.212387584
180.8,-2471395.81612606,2333505.0737209,-269795.652914641
180.85,-2471418.15874749,2333479.78542155,-269798.091900949
180.9,-2471440.48892596,2333454.50463415,-269800.529344176
180.95,-2471462.80669804,2333429.23138002,-269802.965257241
181,-2471485.11206383,2333403.96563154,-269805.39961699
181.05,-2471507.40493217,2333378.70758229,-269807.832404451
181.1,-2471529.68540269,2333353.45711566,-269810.263627838
181.15,-2471551.95355677,2333328.21410398,-269812.693288767
181.2,-2471574.20928055,2333302.97863032,-269815.121394872
181.25,-2471596.45278105,2333277.75057284,-269817.547979377
181.3,-2471618.68380501,2333252.53021129,-269819.972965519
181.35,-2471640.90252066,2333227.31741223,-269822.396400374
181.4,-2471663.10891993,2333202.11207231,-269824.818266197
181.45,-2471685.30311448,2333176.91410092,-269827.238597041
181.5,-2471707.48496163,2333151.72369024,-269829.657382549
181.55,-2471729.65463691,2333126.54069487,-269832.074630681
181.6,-2471751.81196362,2333101.36531096,-269834.490326649
181.65,-2471773.95696222,2333076.19742854,-269836.904490327
181.7,-2471796.0898673,2333051.0367805,-269839.317153522
181.75,-2471818.21050994,2333025.88360215,-269841.728263464
181.8,-2471840.31890643,2333000.73795764,-269844.137868495
181.85,-2471862.41502867,2332975.59978364,-269846.545973181
181.9,-2471884.49903251,2332950.46891814,-269848.952568477
181.95,-2471906.5708191,2332925.34545119,-269851.357663448
182,-2471928.6305195,2332900.2292223,-269853.761303645
182.05,-2471950.67787162,2332875.12056767,-269856.163472782
182.1,-2471972.71310182,2332850.01928567,-269858.564200008
182.15,-2471994.73606179,2332824.92539499,-269860.963441899
182.2,-2472016.74696709,2332799.83867191,-269863.361269916
182.25,-2472038.74562943,2332774.75934152,-269865.757677068
182.3,-2472060.73209053,2332749.68736024,-269868.152658967
182.35,-2472082.70633811,2332724.62278901,-269870.546248057
182.4,-2472104.66841862,2332699.56546818,-269872.938433198
182.45,-2472126.61834737,2332674.5153982,-269875.329257756
182.5,-2472148.55604506,2332649.47264637,-269877.718702367
182.55,-2472170.48166289,2332624.43707672,-269880.10681718
182.6,-2472192.39500946,2332599.40889353,-269882.493554059
182.65,-2472214.29612092,2332574.38801708,-269884.878965505
182.7,-2472236.18504484,2332549.37433083,-269887.263076126
182.75,-2472258.06181022,2332524.36779002,-269889.645875242
182.8,-2472279.9262897,2332499.36855897,-269892.027358964
182.85,-2472301.7786545,2332474.37646311,-269894.407582038
182.9,-2472323.61868075,2332449.3917308,-269896.786520104
182.95,-2472345.44663144,2332424.41398072,-269899.164216554
183,-2472367.26226221,2332399.44345809,-269901.540661785
183.05,-2472389.06574695,2332374.47999746,-269903.915873637
183.1,-2472410.8568906,2332349.52387535,-269906.289829073
183.15,-2472432.63578171,2332324.57490738,-269908.662581965
183.2,-2472454.40244924,2332299.63298381,-269911.034128018
183.25,-2472476.15688417,2332274.69811907,-269913.404478257
183.3,-2472497.89911835,2332249.77030818,-269915.773628844
183.35,-2472519.62902338,2332224.849713,-269918.141590672
183.4,-2472541.34663785,2332199.93626307,-269920.508391942
183.45,-2472563.05199043,2332175.02983198,-269922.874007922
183.5,-2472584.74514848,2332150.13032559,-269925.238484077
183.55,-2472606.42596664,2332125.23795446,-269927.601809783
183.6,-2472628.09458143,2332100.35257083,-269929.963974022
183.65,-2472649.75075637,2332075.47439996,-269932.32498779
183.7,-2472671.39473582,2332050.60314122,-269934.684865371
183.75,-2472693.02646178,2332025.73880371,-269937.043617863
183.8,-2472714.64588668,2332000.88147905,-269939.401236082
183.85,-2472736.25300222,2331976.03122473,-269941.757707362
183.9,-2472757.84775684,2331951.18804415,-269944.113046568
183.95,-2472779.4303422,2331926.35169268,-269946.467248038
184,-2472801.00057783,2331901.5223062,-269948.820334192
184.05,-2472822.55859754,2331876.69979394,-269951.172301981
184.1,-2472844.10431955,2331851.88429289,-269953.523126614
184.15,-2472865.63768242,2331827.07583544,-269955.872811934
184.2,-2472887.1588282,2331802.27422144,-269958.221342235
184.25,-2472908.66771203,2331777.47946014,-269960.568766329
184.3,-2472930.16432207,2331752.69160231,-269962.915063015
184.35,-2472951.64872053,2331727.91062826,-269965.260203748
184.4,-2472973.12075194,2331703.13671075,-269967.604189946
184.45,-2472994.58066038,2331678.3695257,-269969.947037453
184.5,-2473016.02826441,2331653.60930599,-269972.28872982
184.55,-2473037.46370892,2331628.85585218,-269974.629294677
184.6,-2473058.88688827,2331604.10932591,-269976.968686966
184.65,-2473080.29785972,2331579.36974565,-269979.306874894
184.7,-2473101.69658563,2331554.6370491,-269981.643899122
184.75,-2473123.08324294,2331529.91103625,-269983.979755006
184.8,-2473144.45767294,2331505.19190594,-269986.314442722
184.85,-2473165.81991988,2331480.47964903,-269988.647925908
184.9,-2473187.1700731,2331455.77425613,-269990.980207718
184.95,-2473208.50801366,2331431.07576653,-269993.311300634
185,-2473229.83391271,2331406.38394388,-269995.641154476
185.05,-2473251.147642,2331381.69898736,-269997.969791589
185.1,-2473272.44938423,2331357.02073589,-270000.297233119
185.15,-2473293.73891058,2331332.34952596,-270002.623442083
185.2,-2473315.0164129,2331307.6850843,-270004.948397478
185.25,-2473336.28190266,2331283.02735157,-270007.27213337
185.3,-2473357.53542747,2331258.37631915,-270009.594642904
185.35,-2473378.77685797,2331233.73218762,-270011.915892892
185.4,-2473400.00627563,2331209.09488519,-270014.235857668
185.45,-2473421.22378407,2331184.46429636,-270016.554558681
185.5,-2473442.42928035,2331159.84048526,-270018.871998988
185.55,-2473463.62285733,2331135.22336081,-270021.18815717
185.6,-2473484.80452169,2331110.6129809,-270023.50303701
185.65,-2473505.9742027,2331086.00946222,-270025.816618167
185.7,-2473527.13194811,2331061.41275537,-270028.128913028
185.75,-2473548.27792924,2331036.82265118,-270030.439930789
185.8,-2473569.41196021,2331012.23936952,-270032.749680093
185.85,-2473590.53425817,2330987.66268338,-270035.058156222
185.9,-2473611.64456074,2330963.09292331,-270037.36530185
185.95,-2473632.74307052,2330938.52989036,-270039.671146356
186,-2473653.82976259,2330913.97357505,-270041.975688726
186.05,-2473674.90480433,2330889.42373712,-270044.27895556
186.1,-2473695.96791699,2330864.88078603,-270046.580916919
186.15,-2473717.01927203,2330840.34453882,-270048.881570128
186.2,-2473738.05884743,2330815.81505741,-270051.180934412
186.25,-2473759.08671911,2330791.29221995,-270053.478996336
186.3,-2473780.10286751,2330766.77600143,-270055.775776288
186.35,-2473801.1072381,2330742.26650622,-270058.071262235
186.4,-2473822.09996397,2330717.76361241,-270060.36546529
186.45,-2473843.08090265,2330693.26751486,-270062.658389209
186.5,-2473864.05022502,2330668.77794584,-270064.95002587
186.55,-2473885.00779538,2330644.29503522,-270067.240408101
186.6,-2473905.95375005,2330619.81866658,-270069.52952631
186.65,-2473926.88795764,2330595.34903487,-270071.817392237
186.7,-2473947.81061736,2330570.88592395,-270074.104013936
186.75,-2473968.72152682,2330546.42953239,-270076.389363297
186.8,-2473989.62087853,2330521.97957835,-270078.673519419
186.85,-2474010.50852439,2330497.53624256,-270080.956433274
186.9,-2474031.38448322,2330473.09951845,-270083.238113548
186.95,-2474052.24884411,2330448.66937587,-270085.518567907
187,-2474073.10155457,2330424.24586845,-270087.797828165
187.05,-2474093.94260557,2330399.82883867,-270090.07587885
187.1,-2474114.77199998,2330375.41836271,-270092.352769273
187.15,-2474135.58987167,2330351.01432067,-270094.628497147
187.2,-2474156.39596773,2330326.61699504,-270096.903027656
187.25,-2474177.19049876,2330302.22613729,-270099.176420045
187.3,-2474197.97335895,2330277.8418058,-270101.448683483
187.35,-2474218.74464764,2330253.46385702,-270103.719807588
187.4,-2474239.50421519,2330229.09245402,-270105.989799685
187.45,-2474260.25214541,2330204.7276233,-270108.258690188
187.5,-2474280.98833942,2330180.36938846,-270110.526444177
187.55,-2474301.71293341,2330156.01754298,-270112.793095979
187.6,-2474322.42587218,2330131.67206935,-270115.058691073
187.65,-2474343.12714846,2330107.3330241,-270117.323234969
187.7,-2474363.81670574,2330083.00052166,-270119.586675052
187.75,-2474384.49462778,2330058.67446397,-270121.849077145
187.8,-2474405.16092361,2330034.35476666,-270124.110449805
187.85,-2474425.8155235,2330010.04141671,-270126.370752138
187.9,-2474446.45835436,2329985.73455366,-270128.630037043
187.95,-2474467.08956108,2329961.43402873,-270130.888329658
188,-2474487.70905288,2329937.13996489,-270133.145617935
188.05,-2474508.31679721,2329912.85227527,-270135.401898842
188.1,-2474528.91294024,2329888.57084614,-270137.657198033
188.15,-2474549.49731612,2329864.29578164,-270139.911540762
188.2,-2474570.07005539,2329840.02700324,-270142.164909725
188.25,-2474590.63095852,2329815.76474514,-270144.417280426
188.3,-2474611.18023922,2329791.50868909,-270146.668690803
188.35,-2474631.71766733,2329767.25902277,-270148.919153
188.4,-2474652.24341527,2329743.01559358,-270151.168652071
188.45,-2474672.75743213,2329718.77843842,-270153.41723695
188.5,-2474693.25966389,2329694.547707,-270155.664871239
188.55,-2474713.75022261,2329670.32319443,-270157.911565068
188.6,-2474734.22906267,2329646.1048774,-270160.157327106
188.65,-2474754.69605751,2329621.89287259,-270162.402189877
188.7,-2474775.15131243,2329597.68710047,-270164.646114556
188.75,-2474795.59487469,2329573.48757561,-270166.889118854
188.8,-2474816.02662418,2329549.29437864,-270169.131183293
188.85,-2474836.44671284,2329525.10729161,-270171.372338629
188.9,-2474856.85493522,2329500.92649556,-270173.612587665
188.95,-2474877.25152163,2329476.7518228,-270175.851944371
189,-2474897.63634342,2329452.58340394,-270178.090347985
189.05,-2474918.0093584,2329428.42126251,-270180.327821236
189.1,-2474938.3706447,2329404.2653119,-270182.564406521
189.15,-2474958.72023603,2329380.11544272,-270184.800075001
189.2,-2474979.05805619,2329355.97180594,-270187.034834251
189.25,-2474999.38416613,2329331.83435033,-270189.268658158
189.3,-2475019.69855931,2329307.70310568,-270191.501577775
189.35,-2475040.00120301,2329283.57804699,-270193.733554752
189.4,-2475060.29214234,2329259.45915031,-270195.96459393
189.45,-2475080.57141733,2329235.34628987,-270198.194711504
189.5,-2475100.83895704,2329211.23966542,-270200.423905359
189.55,-2475121.09472312,2329187.13927993,-270202.652131572
189.6,-2475141.3389253,2329163.04493878,-270204.879424784
189.65,-2475161.57136515,2329138.95682399,-270207.105757241
189.7,-2475181.79226286,2329114.87461093,-270209.331159062
189.75,-2475202.00138851,2329090.7986656,-270211.555579667
189.8,-2475222.19890437,2329066.72891695,-270213.779032897
189.85,-2475242.38482208,2329042.66526541,-270216.001518773
189.9,-2475262.55904044,2329018.60774916,-270218.223045317
189.95,-2475282.7217008,2328994.55628124,-270220.44359474
190,-2475302.87284499,2328970.51083921,-270222.663156606
190.05,-2475323.01228722,2328946.47168386,-270224.881709105
190.1,-2475343.14018485,2328922.43859115,-270227.099254806
190.15,-2475363.2565214,2328898.41159836,-270229.315793918
190.2,-2475383.36130264,2328874.39065053,-270231.531346521
190.25,-2475403.45465695,2328850.37568488,-270233.745880146
190.3,-2475423.53636686,2328826.36700887,-270235.959417207
190.35,-2475443.60665424,2328802.36431315,-270238.171909879
190.4,-2475463.66535096,2328778.36781926,-270240.383376307
190.45,-2475483.7126934,2328754.37721474,-270242.593811341
190.5,-2475503.74851102,2328730.39273404,-270244.803215312
190.55,-2475523.77292656,2328706.41431142,-270247.011585378
190.6,-2475543.78585209,2328682.44206454,-270249.218873121
190.65,-2475563.78738049,2328658.47581362,-270251.425167555
190.7,-2475583.77750466,2328634.51557825,-270253.63040857
190.75,-2475603.75623622,2328610.56136353,-270255.83460734
190.8,-2475623.72368517,2328586.61316383,-270258.037739498
190.85,-2475643.67970831,2328562.67109108,-270260.23980267
190.9,-2475663.62435843,2328538.73505272,-270262.440804872
190.95,-2475683.55769751,2328514.80502265,-270264.640794559
191,-2475703.47982503,2328490.88087381,-270266.83972701
191.05,-2475723.39054372,2328466.96287665,-270269.0375517
191.1,-2475743.29004846,2328443.05086885,-270271.234323294
191.15,-2475763.17823477,2328419.14492891,-270273.430031569
191.2,-2475783.05516214,2328395.24493405,-270275.624703974
191.25,-2475802.92083032,2328371.35086819,-270277.818358018
191.3,-2475822.77522612,2328347.46285685,-270280.010918783
191.35,-2475842.61838144,2328323.58089059,-270282.202409164
191.4,-2475862.45025755,2328299.7049459,-270284.392844813
191.45,-2475882.27096822,2328275.83492106,-270286.582265706
191.5,-2475902.08055599,2328251.97071231,-270288.770658208
191.55,-2475921.8788573,2328228.11260951,-270290.957986502
191.6,-2475941.66597172,2328204.2605083,-270293.144256499
191.65,-2475961.44187508,2328180.41432037,-270295.329512269
191.7,-2475981.20663983,2328156.57399926,-270297.513744651
191.75,-2476000.96017936,2328132.73965637,-270299.696967787
191.8,-2476020.70257425,2328108.91123474,-270301.879171363
191.85,-2476040.43379648,2328085.08879921,-270304.060372728
191.9,-2476060.15378922,2328061.27232733,-270306.240549702
191.95,-2476079.86275822,2328037.46157486,-270308.419742842
192,-2476099.56046897,2328013.65675894,-270310.597971382
192.05,-2476119.24712436,2327989.85773658,-270312.775232411
192.1,-2476138.92239841,2327966.06473908,-270314.95149028
192.15,-2476158.58653067,2327942.27751086,-270317.12671474
192.2,-2476178.23945769,2327918.4959862,-270319.300957668
192.25,-2476197.88111119,2327894.72013738,-270321.47425024
192.3,-2476217.51157954,2327870.95015219,-270323.646566522
192.35,-2476237.13083787,2327847.18606319,-270325.817904337
192.4,-2476256.73899257,2327823.42777546,-270327.988310243
192.45,-2476276.33593652,2327799.67523324,-270330.157741168
192.5,-2476295.92160251,2327775.92822605,-270332.326298156
192.55,-2476315.49601328,2327752.1871031,-270334.493916968
192.6,-2476335.05917585,2327728.45169057,-270336.660564308
192.65,-2476354.61098192,2327704.72203068,-270338.826254944
192.7,-2476374.1516618,2327680.99803657,-270340.991049543
192.75,-2476393.68112934,2327657.27976968,-270343.154927463
192.8,-2476413.19937723,2327633.56725428,-270345.317937518
192.85,-2476432.70634067,2327609.86049854,-270347.479997026
192.9,-2476452.2020159,2327586.15956986,-270349.641181281
192.95,-2476471.68644183,2327562.46427525,-270351.801473588
193,-2476491.15952426,2327538.77444573,-270353.96086932
193.05,-2476510.62124335,2327515.09035281,-270356.119395018
193.1,-2476530.07163587,2327491.41202342,-270358.276961047
193.15,-2476549.51074907,2327467.7393784,-270360.43364709
193.2,-2476568.93858679,2327444.07238417,-270362.589500303
193.25,-2476588.35508021,2327420.41102476,-270364.744460637
193.3,-2476607.76031345,2327396.75522496,-270366.898573367
193.35,-2476627.15407091,2327373.10510675,-270369.051785421
193.4,-2476646.53631217,2327349.46070474,-270371.204084874
193.45,-2476665.90729484,2327325.8217849,-270373.355509579
193.5,-2476685.26680009,2327302.18853302,-270375.506002963
193.55,-2476704.61504752,2327278.56073903,-270377.65568443
193.6,-2476723.95181912,2327254.93869529,-270379.80448931
193.65,-2476743.27718599,2327231.32233817,-270381.95241087
193.7,-2476762.59121629,2327207.71154805,-270384.099474209
193.75,-2476781.89393739,2327184.1062407,-270386.24572383
193.8,-2476801.18514574,2327160.50653732,-270388.391071896
193.85,-2476820.46507908,2327136.91235337,-270390.535560654
193.9,-2476839.7334526,2327113.32392165,-270392.679150372
193.95,-2476858.99046837,2327089.74100387,-270394.821877127
194,-2476878.23603952,2327066.16365937,-270396.963703883
194.05,-2476897.47031611,2327042.59169715,-270399.104700451
194.1,-2476916.69307149,2327019.02543818,-270401.244809646
194.15,-2476935.90442393,2326995.46474944,-270403.38402984
194.2,-2476955.10442054,2326971.90952771,-270405.522313994
194.25,-2476974.29292042,2326948.35966179,-270407.659765494
194.3,-2476993.47000052,2326924.81527062,-270409.796312538
194.35,-2477012.63572312,2326901.27639784,-270411.931933927
194.4,-2477031.79002111,2326877.74305646,-270414.06666324
194.45,-2477050.93294579,2326854.21525647,-270416.200532507
194.5,-2477070.06461313,2326830.69281084,-270418.333502425
194.55,-2477089.18484825,2326807.17587764,-270420.465541404
194.6,-2477108.2938108,2326783.66435744,-270422.596697439
194.65,-2477127.39138592,2326760.15842869,-270424.726929479
194.7,-2477146.47768123,2326736.65793665,-270426.856242995
194.75,-2477165.55269714,2326713.16290598,-270428.984665986
194.8,-2477184.61637926,2326689.67330181,-270431.112155769
194.85,-2477203.66892925,2326666.1890199,-270433.238753848
194.9,-2477222.71008154,2326642.71040227,-270435.364441417
194.95,-2477241.74006329,2326619.23715009,-270437.489194829
195,-2477260.75873797,2326595.769464,-270439.612977719
195.05,-2477279.76630641,2326572.30709106,-270441.735856835
195.1,-2477298.76265061,2326548.85020536,-270443.857826336
195.15,-2477317.74787257,2326525.39870405,-270445.97884405
195.2,-2477336.72193156,2326501.95274949,-270448.098925748
195.25,-2477355.6848422,2326478.51225727,-270450.21804592
195.3,-2477374.63661892,2326455.07722138,-270452.336207751
195.35,-2477393.57739672,2326431.64743432,-270454.453425811
195.4,-2477412.50699401,2326408.22328785,-270456.569710389
195.45,-2477431.42563131,2326384.80447978,-270458.685046969
195.5,-2477450.33314548,2326361.39126608,-270460.799403275
195.55,-2477469.22970408,2326337.98339382,-270462.91281168
195.6,-2477488.11533276,2326314.58086863,-270465.02525972
195.65,-2477506.98990767,2326291.18385435,-270467.136749349
195.7,-2477525.85359431,2326267.79230871,-270469.24727153
195.75,-2477544.70632244,2326244.40625349,-270471.356822412
195.8,-2477563.54822206,2326221.02546912,-270473.465404836
195.85,-2477582.37922316,2326197.65016838,-270475.573026439
195.9,-2477601.19942869,2326174.28019172,-270477.679681781
195.95,-2477620.00866988,2326150.91581073,-270479.785330056
196,-2477638.80715274,2326127.55683148,-270481.890017289
196.05,-2477657.59488772,2326104.20320968,-270483.993732298
196.1,-2477676.37183374,2326080.85495561,-270486.096452793
196.15,-2477695.13796452,2326057.51215423,-270488.198196109
196.2,-2477713.89342651,2326034.17475338,-270490.298951204
196.25,-2477732.63811744,2326010.84286645,-270492.398728084
196.3,-2477751.3721017,2325987.51635738,-270494.497538574
196.35,-2477770.09549795,2325964.195127,-270496.595371558
196.4,-2477788.80815874,2325940.87932103,-270498.692204292
196.45,-2477807.51022245,2325917.56887762,-270500.788066873
196.5,-2477826.20160546,2325894.26391495,-270502.882940426
196.55,-2477844.88230513,2325870.96441898,-270504.976820641
196.6,-2477863.55244923,2325847.67017995,-270507.069719894
196.65,-2477882.21205206,2325824.3812081,-270509.161650697
196.7,-2477900.86098074,2325801.09768219,-270511.252585709
196.75,-2477919.49943678,2325777.81947017,-270513.342515304
196.8,-2477938.12722131,2325754.54673931,-270515.431468057
196.85,-2477956.74456383,2325731.27917897,-270517.519470774
196.9,-2477975.35123134,2325708.01703187,-270519.606461233
196.95,-2477993.94744589,2325684.7601587,-270521.692494782
197,-2478012.53301917,2325661.50878152,-270523.777522063
197.05,-2478031.10811225,2325638.26267564,-270525.861567143
197.1,-2478049.67262781,2325615.02185469,-270527.944640652
197.15,-2478068.2266046,2325591.7863416,-270530.026719707
197.2,-2478086.77013079,2325568.55603018,-270532.107829273
197.25,-2478105.30304954,2325545.33118418,-270534.18795248
197.3,-2478123.82548618,2325522.11158033,-270536.267103263
197.35,-2478142.33732288,2325498.89729212,-270538.345285207
197.4,-2478160.83871695,2325475.68817953,-270540.422492973
197.45,-2478179.3294973,2325452.48444599,-270542.498717125
197.5,-2478197.8097248,2325429.28601532,-270544.57394076
197.55,-2478216.27940123,2325406.09288235,-270546.648190157
197.6,-2478234.73851538,2325382.9050096,-270548.721461167
197.65,-2478253.18712862,2325359.7222713,-270550.793787201
197.7,-2478271.62521929,2325336.54472784,-270552.865138693
197.75,-2478290.05264178,2325313.3725505,-270554.935523629
197.8,-2478308.46944064,2325290.20570338,-270557.004919054
197.85,-2478326.87572426,2325267.04398059,-270559.073342943
197.9,-2478345.27140453,2325243.88742968,-270561.140805923
197.95,-2478363.65646448,2325220.73606453,-270563.207305751
198,-2478382.03087068,2325197.58996958,-270565.272823568
198.05,-2478400.3946395,2325174.44912763,-270567.337382208
198.1,-2478418.74780582,2325151.313418,-270569.400969343
198.15,-2478437.09026708,2325128.18288163,-270571.463593001
198.2,-2478455.4220707,2325105.05748792,-270573.525246605
198.25,-2478473.7432515,2325081.93724427,-270575.585940922
198.3,-2478492.05369868,2325058.82224072,-270577.645679126
198.35,-2478510.35335535,2325035.71246269,-270579.704442416
198.4,-2478528.64239088,2325012.60765971,-270581.762260094
198.45,-2478546.92068976,2324989.50802552,-270583.819108627
198.5,-2478565.18823678,2324966.41354653,-270585.874985445
198.55,-2478583.44504784,2324943.32424278,-270587.929911878
198.6,-2478601.69108157,2324920.24006558,-270589.983868209
198.65,-2478619.92628231,2324897.16097888,-270592.036854331
198.7,-2478638.15083486,2324874.08685982,-270594.08889458
198.75,-2478656.36447975,2324851.01799332,-270596.139966653
198.8,-2478674.56737158,2324827.95417553,-270598.190063887
198.85,-2478692.75939166,2324804.89552843,-270600.2391901
198.9,-2478710.94065953,2324781.84183271,-270602.287374195
198.95,-2478729.11105231,2324758.79321455,-270604.334559956
199,-2478747.2706965,2324735.74958125,-270606.380826521
199.05,-2478765.41940797,2324712.71116357,-270608.426080601
199.1,-2478783.55734757,2324689.67766934,-270610.470385669
199.15,-2478801.68436812,2324666.64931137,-270612.513698191
199.2,-2478819.80063997,2324643.62576383,-270614.556078551
199.25,-2478837.90591638,2324620.60742302,-270616.59747594
199.3,-2478856.00042777,2324597.59405432,-270618.637891672
199.35,-2478874.08397164,2324574.58579075,-270620.677319584
199.4,-2478892.15666941,2324551.58248352,-270622.715768871
199.45,-2478910.21854345,2324528.58405714,-270624.753279875
199.5,-2478928.26954341,2324505.59066993,-270626.789798553
199.55,-2478946.30963542,2324482.60231401,-270628.825322151
199.6,-2478964.33888226,2324459.61894661,-270630.859851819
199.65,-2478982.35724437,2324436.64054142,-270632.893420744
199.7,-2479000.36476549,2324413.66710558,-270634.925980088
199.75,-2479018.3614795,2324390.69853188,-270636.957545382
199.8,-2479036.34725257,2324367.73506862,-270638.988118881
199.85,-2479054.32220953,2324344.77658005,-270641.017683971
199.9,-2479072.28636784,2324321.82300083,-270643.046263495
199.95,-2479090.23969276,2324298.87430877,-270645.073828843
200,-2479108.18216595,2324275.93054886,-270647.100411047
200.05,-2479126.11380402,2324252.99184015,-270649.125985297
200.1,-2479144.03471742,2324230.05803032,-270651.150564247
200.15,-2479161.9447241,2324207.12923273,-270653.174099118
200.2,-2479179.84405838,2324184.20519219,-270655.19664848
200.25,-2479197.73260051,2324161.28613361,-270657.218192998
200.3,-2479215.61035608,2324138.37206844,-270659.238683662
200.35,-2479233.47739403,2324115.46294641,-270661.258145331
200.4,-2479251.33369703,2324092.55877126,-270663.276607334
200.45,-2479269.17926603,2324069.65946932,-270665.29402219
200.5,-2479287.01425524,2324046.76494395,-270667.310428689
200.55,-2479304.8384759,2324023.87553246,-270669.3258075
200.6,-2479322.65208097,2324000.9909786,-270671.340135649
200.65,-2479340.45496073,2323978.11144819,-270673.353420855
200.7,-2479358.24733165,2323955.23660773,-270675.365682493
200.75,-2479376.02901158,2323932.36677251,-270677.376887144
200.8,-2479393.80012599,2323909.50186993,-270679.387040735
200.85,-2479411.56066972,2323886.64191281,-270681.396151423
200.9,-2479429.31063687,2323863.78687293,-270683.404190127
200.95,-2479447.05009868,2323840.9366836,-270685.411206167
201,-2479464.77906121,2323818.09130184,-270687.417151988
201.05,-2479482.49749502,2323795.25095543,-270689.422053995
201.1,-2479500.20546117,2323772.41555623,-270691.425878391
201.15,-2479517.90298761,2323749.58495923,-270693.428623502
201.2,-2479535.59006683,2323726.75926732,-270695.430311534
201.25,-2479553.26677268,2323703.93842389,-270697.43095524
201.3,-2479570.93310994,2323681.12246688,-270699.430536628
201.35,-2479588.58898356,2323658.31150294,-270701.42900589
201.4,-2479606.23451756,2323635.50544802,-270703.426402938
201.45,-2479623.86975257,2323612.70415085,-270705.422738159
201.5,-2479641.49464577,2323589.90775018,-270707.418013098
201.55,-2479659.10923491,2323567.11625095,-270709.412184242
201.6,-2479676.71357471,2323544.32962186,-270711.405269509
201.65,-2479694.30753242,2323521.54801545,-270713.39726976
201.7,-2479711.89130157,2323498.77116074,-270715.388187368
201.75,-2479729.46491137,2323475.99908239,-270717.378032801
201.8,-2479747.02826113,2323453.23187609,-270719.36679554
201.85,-2479764.58137631,2323430.46961932,-270721.35446229
201.9,-2479782.12425827,2323407.71231245,-270723.341016641
201.95,-2479799.65702022,2323384.95976954,-270725.32648412
202,-2479817.17967329,2323362.21195148,-270727.310891937
202.05,-2479834.692115,2323339.46902476,-270729.29420447
202.1,-2479852.19446825,2323316.73092515,-270731.27642443
202.15,-2479869.68659186,2323293.99784229,-270733.257527419
202.2,-2479887.16871993,2323271.26942365,-270735.237585755
202.25,-2479904.64065622,2323248.54585163,-270737.21650839
202.3,-2479922.10249882,2323225.82704946,-270739.194346044
202.35,-2479939.55422802,2323203.11317603,-270741.171082044
202.4,-2479956.99589313,2323180.40411173,-270743.146737325
202.45,-2479974.42745857,2323157.69985269,-270745.121273945
202.5,-2479991.84898848,2323135.00028291,-270747.094759068
202.55,-2480009.26041454,2323112.30553263,-270749.067127949
202.6,-2480026.66168771,2323089.61569005,-270751.038384274
202.65,-2480044.05295155,2323066.93060603,-270753.008559984
202.7,-2480061.43411443,2323044.25035626,-270754.97762984
202.75,-2480078.80529328,2323021.5747766,-270756.945599709
202.8,-2480096.16630519,2322998.90402003,-270758.912498311
202.85,-2480113.51724788,2322976.23804938,-270760.878301742
202.9,-2480130.85810408,2322953.57689567,-270762.842995369
202.95,-2480148.18897808,2322930.92042023,-270764.806578146
203,-2480165.50971219,2322908.26877472,-270766.769071739
203.05,-2480182.82039261,2322885.62177286,-270768.730495591
203.1,-2480200.12084332,2322862.97964186,-270770.690806114
203.15,-2480217.41120035,2322840.34235363,-270772.650033441
203.2,-2480234.69148622,2322817.70976954,-270774.608167197
203.25,-2480251.96165148,2322795.08187366,-270776.565205556
203.3,-2480269.22168229,2322772.45867328,-270778.521181823
203.35,-2480286.47164048,2322749.84017792,-270780.476048361
203.4,-2480303.71136876,2322727.22656064,-270782.429835337
203.45,-2480320.9409267,2322704.61772078,-270784.382529367
203.5,-2480338.16045548,2322682.01337295,-270786.334124862
203.55,-2480355.36974163,2322659.41379008,-270788.284617352
203.6,-2480372.56888591,2322636.81881965,-270790.234012116
203.65,-2480389.75772501,2322614.22872863,-270792.18234995
203.7,-2480406.9364279,2322591.64331716,-270794.129609337
203.75,-2480424.1049052,2322569.06254776,-270796.075749513
203.8,-2480441.26324373,2322546.48628375,-270798.020810727
203.85,-2480458.41126568,2322523.91481618,-270799.964804453
203.9,-2480475.54909363,2322501.34802642,-270801.907692125
203.95,-2480492.6766178,2322478.78592363,-270803.849464456
204,-2480509.79387237,2322456.22844651,-270805.790153218
204.05,-2480526.90093926,2322433.67547976,-270807.72980149
204.1,-2480543.99764733,2322411.12720608,-270809.668339994
204.15,-2480561.0840376,2322388.5836583,-270811.605828532
204.2,-2480578.16012475,2322366.04472583,-270813.542157016
204.25,-2480595.2259823,2322343.51030019,-270815.477436233
204.3,-2480612.28151303,2322320.98045184,-270817.411631836
204.35,-2480629.32669985,2322298.45517539,-270819.344728176
204.4,-2480646.36148386,2322275.93463171,-270821.276713507
204.45,-2480663.38596515,2322253.41861013,-270823.207595689
204.5,-2480680.4000331,2322230.90722323,-270825.137410355
204.55,-2480697.40384126,2322208.40028251,-270827.066140336
204.6,-2480714.39720413,2322185.89800081,-270828.993803039
204.65,-2480731.38019417,2322163.40025697,-270830.920321507
204.7,-2480748.35280869,2322140.90710926,-270832.845759459
204.75,-2480765.31500553,2322118.41853065,-270834.770116775
204.8,-2480782.26686717,2322095.93443339,-270836.69336516
204.85,-2480799.20839448,2322073.45479724,-270838.615536483
204.9,-2480816.13936256,2322050.97987418,-270840.536613062
204.95,-2480833.05999994,2322028.50941411,-270842.456536056
205,-2480849.97023541,2322006.0434759,-270844.375377434
205.05,-2480866.87010446,2321983.58201832,-270846.293126108
205.1,-2480883.75954697,2321961.12504845,-270848.209761347
205.15,-2480900.63861604,2321938.67260225,-270850.125287151
205.2,-2480917.50728788,2321916.22473624,-270852.039707413
205.25,-2480934.36550793,2321893.78142055,-270853.953009252
205.3,-2480951.21345885,2321871.34242478,-270855.86521965
205.35,-2480968.05095108,2321848.90798639,-270857.776296802
205.4,-2480984.87805849,2321826.47803537,-270859.68626436
205.45,-2481001.69477986,2321804.05256327,-270861.595087914
205.5,-2481018.50111413,2321781.63161665,-270863.502781012
205.55,-2481035.29709284,2321759.21511632,-270865.409357396
205.6,-2481052.08276787,2321736.8029885,-270867.314810195
205.65,-2481068.85806236,2321714.39537263,-270869.219131162
205.7,-2481085.62300481,2321691.99228699,-270871.122305979
205.75,-2481102.37767008,2321669.59366451,-270873.02436094
205.8,-2481119.12198125,2321647.19953891,-270874.925270668
205.85,-2481135.85608988,2321624.80970527,-270876.825052877
205.9,-2481152.5797559,2321602.42442521,-270878.723672488
205.95,-2481169.2932264,2321580.0435331,-270880.621146028
206,-2481185.99634652,2321557.6672718,-270882.517461677
206.05,-2481202.68932202,2321535.29529125,-270884.412638109
206.1,-2481219.37199402,2321512.9278161,-270886.306675424
206.15,-2481236.04442273,2321490.56474548,-270888.199535459
206.2,-2481252.70668313,2321468.20612102,-270890.091237908
206.25,-2481269.3586781,2321445.85207044,-270891.981767363
206.3,-2481286.00057562,2321423.50235614,-270893.871128811
206.35,-2481302.63235485,2321401.15695548,-270895.759319933
206.4,-2481319.25389207,2321378.81607909,-270897.646342601
206.45,-2481335.86533845,2321356.47962607,-270899.532215697
206.5,-2481352.46670578,2321334.14755232,-270901.416899326
206.55,-2481369.05793924,2321311.81998468,-270903.300419219
206.6,-2481385.63914251,2321289.49676096,-270905.182742666
206.65,-2481402.21023409,2321267.17793921,-270907.063895627
206.7,-2481418.7713466,2321244.86353013,-270908.943877009
206.75,-2481435.32244143,2321222.55354902,-270910.822653446
206.8,-2481451.86355995,2321200.24794495,-270912.700231514
206.85,-2481468.39464407,2321177.94677042,-270914.57662992
206.9,-2481484.9157216,2321155.65000386,-270916.451821665
206.95,-2481501.42695536,2321133.35756329,-270918.32583956
207,-2481517.92816986,2321111.06964809,-270920.198631481
207.05,-2481534.41950222,2321088.78612161,-270922.070254594
207.1,-2481550.9009647,2321066.50693267,-270923.940659612
207.15,-2481567.37251572,2321044.23210473,-270925.809865389
207.2,-2481583.83426879,2321021.96161174,-270927.677912254
207.25,-2481600.28609076,2320999.6956588,-270929.544712927
207.3,-2481616.72810746,2320977.4340945,-270931.410339852
207.35,-2481633.16039852,2320955.17675153,-270933.274758206
207.4,-2481649.58279089,2320932.9238794,-270935.137968576
207.45,-2481665.9954626,2320910.67528595,-270936.999975051
207.5,-2481682.39832019,2320888.43114516,-270938.860771231
207.55,-2481698.79141189,2320866.19142192,-270940.720354218
207.6,-2481715.17473474,2320843.95604894,-270942.578712117
207.65,-2481731.54844157,2320821.72489848,-270944.435887225
207.7,-2481747.91236739,2320799.49816775,-270946.291861204
207.75,-2481764.26663824,2320777.275756,-270948.146619528
207.8,-2481780.61113681,2320755.05779983,-270950.000147
207.85,-2481796.9459633,2320732.84416774,-270951.852469469
207.9,-2481813.2711453,2320710.63480293,-270953.70361788
207.95,-2481829.58664557,2320688.42972118,-270955.553537578
208,-2481845.89249567,2320666.229039,-270957.40224371
208.05,-2481862.18864529,2320644.03276489,-270959.249738858
208.1,-2481878.47522402,2320621.84071285,-270961.096030562
208.15,-2481894.75205329,2320599.6530373,-270962.941107829
208.2,-2481911.01937632,2320577.46949643,-270964.784994163
208.25,-2481927.27697563,2320555.29042472,-270966.627675195
208.3,-2481943.52493882,2320533.11566099,-270968.469128203
208.35,-2481959.76329606,2320510.9451738,-270970.30937723
208.4,-2481975.99206728,2320488.77891606,-270972.148435775
208.45,-2481992.21113406,2320466.61700054,-270973.986309905
208.5,-2482008.42060424,2320444.45933127,-270975.822991934
208.55,-2482024.62044541,2320422.30607441,-270977.658437332
208.6,-2482040.810611,2320400.15708346,-270979.492702256
208.65,-2482056.99116564,2320378.01235645,-270981.32576252
208.7,-2482073.16213015,2320355.87179139,-270983.157633806
208.75,-2482089.32337638,2320333.73562488,-270984.988292087
208.8,-2482105.47500381,2320311.60373715,-270986.817765333
208.85,-2482121.61702141,2320289.47608673,-270988.646035352
208.9,-2482137.74934985,2320267.35272727,-270990.473135657
208.95,-2482153.87206562,2320245.23349299,-270992.299046693
209,-2482169.98511804,2320223.1185261,-270994.123757545
209.05,-2482186.08847628,2320201.00787932,-270995.947267594
209.1,-2482202.18210422,2320178.90156554,-270997.769596373
209.15,-2482218.26613726,2320156.79934918,-270999.590739022
209.2,-2482234.34038308,2320134.70141294,-271001.410682209
209.25,-2482250.40504973,2320112.60757045,-271003.229464993
209.3,-2482266.45988655,2320090.51811491,-271005.047045286
209.35,-2482282.5050448,2320068.43289258,-271006.863444612
209.4,-2482298.54044259,2320046.35189214,-271008.678661389
209.45,-2482314.56608814,2320024.27502165,-271010.492688175
209.5,-2482330.58208661,2320002.2022572,-271012.305561156
209.55,-2482346.58826006,2319980.13379816,-271014.117236658
209.6,-2482362.5847094,2319958.0695182,-271015.927724957
209.65,-2482378.57128237,2319936.00950701,-271017.737033439
209.7,-2482394.54818473,2319913.95349455,-271019.545157828
209.75,-2482410.51521187,2319891.90172919,-271021.352111589
209.8,-2482426.47245521,2319869.85415396,-271023.157874671
209.85,-2482442.41986313,2319847.8107842,-271024.962455566
209.9,-2482458.35743389,2319825.7716357,-271026.765851688
209.95,-2482474.28520338,2319803.73648891,-271028.568066532
210,-2482490.20312127,2319781.70549582,-271030.369117575
210.05,-2482506.11116624,2319759.67873677,-271032.168997757
210.1,-2482522.0093647,2319737.65608249,-271033.967662921
210.15,-2482537.89762533,2319715.63767587,-271035.765144691
210.2,-2482553.77612469,2319693.62324947,-271037.561448041
210.25,-2482569.64468066,2319671.61300787,-271039.356588347
210.3,-2482585.50335373,2319649.60686199,-271041.150554271
210.35,-2482601.35210011,2319627.60490292,-271042.943316812
210.4,-2482617.19094485,2319605.60709059,-271044.734875748
210.45,-2482633.01986021,2319583.61337222,-271046.525242822
210.5,-2482648.83889185,2319561.62371265,-271048.314441553
210.55,-2482664.64804693,2319539.63811052,-271050.10246019
210.6,-2482680.44721029,2319517.65681498,-271051.889244879
210.65,-2482696.23648007,2319495.67955542,-271053.67486104
210.7,-2482712.01580003,2319473.70635854,-271055.459262802
210.75,-2482727.78516452,2319451.73722264,-271057.242457316
210.8,-2482743.5445605,2319429.77215578,-271059.024455434
210.85,-2482759.29408552,2319407.8112015,-271060.80522185
210.9,-2482775.03362058,2319385.85440235,-271062.584790039
210.95,-2482790.7632454,2319363.90161344,-271064.363135672
211,-2482806.48292822,2319341.95286907,-271066.140290771
211.05,-2482822.19265591,2319320.00824043,-271067.916237988
211.1,-2482837.89253361,2319298.06763108,-271069.690956583
211.15,-2482853.58234861,2319276.13127285,-271071.464438015
211.2,-2482869.26234822,2319254.19880698,-271073.236726775
211.25,-2482884.93239827,2319232.27040119,-271075.007770949
211.3,-2482900.5925588,2319210.34601157,-271076.777599852
211.35,-2482916.24277968,2319188.42577783,-271078.546199069
211.4,-2482931.88308184,2319166.50964302,-271080.31354854
211.45,-2482947.5134655,2319144.59753727,-271082.079668201
211.5,-2482963.13408036,2319122.68929212,-271083.84454822
211.55,-2482978.74472675,2319100.78519171,-271085.608214816
211.6,-2482994.34556028,2319078.88510366,-271087.370615759
211.65,-2483009.93641622,2319056.98920398,-271089.13176336
211.7,-2483025.51751355,2319035.09722564,-271090.891674642
211.75,-2483041.08877729,2319013.20921445,-271092.650330303
211.8,-2483056.65021053,2318991.32520655,-271094.407730015
211.85,-2483072.20181745,2318969.44531681,-271096.16387538
211.9,-2483087.74362529,2318947.56946051,-271097.918755963
211.95,-2483103.27566101,2318925.69758132,-271099.67236947
212,-2483118.79790867,2318903.82971938,-271101.424736388
212.05,-2483134.31047812,2318881.96571458,-271103.175849737
212.1,-2483149.81320618,2318860.10584262,-271104.925664378
212.15,-2483165.30616194,2318838.25000563,-271106.674188387
212.2,-2483180.78945118,2318816.39811426,-271108.421446124
212.25,-2483196.26306836,2318794.55014677,-271110.167425764
212.3,-2483211.72700507,2318772.70617178,-271111.912126709
212.35,-2483227.18127659,2318750.86616165,-271113.655550998
212.4,-2483242.62582297,2318729.03029401,-271115.397680703
212.45,-2483258.06077292,2318707.19834512,-271117.138518329
212.5,-2483273.48610206,2318685.37033829,-271118.878075527
212.55,-2483288.90181525,2318663.5462611,-271120.616343082
212.6,-2483304.30791615,2318641.72623186,-271122.3533107
212.65,-2483319.7043976,2318619.9103031,-271124.088972284
212.7,-2483335.09138922,2318598.09824621,-271125.823321226
212.75,-2483350.46882221,2318576.29015645,-271127.556396676
212.8,-2483365.83670689,2318554.48597827,-271129.288149865
212.85,-2483381.19504851,2318532.68585107,-271131.018630645
212.9,-2483396.54394669,2318510.88967156,-271132.747791754
212.95,-2483411.88332148,2318489.09753597,-271134.475638813
213,-2483427.21330021,2318467.30922267,-271136.202169151
213.05,-2483442.53376686,2318445.5249405,-271137.927401316
213.1,-2483457.84488511,2318423.7444758,-271139.651346153
213.15,-2483473.14647637,2318401.96818206,-271141.373953159
213.2,-2483488.4386887,2318380.19579883,-271143.095253774
213.25,-2483503.72152579,2318358.42731161,-271144.815238531
213.3,-2483518.99495867,2318336.66272658,-271146.533908724
213.35,-2483534.25907855,2318314.9020051,-271148.251283295
213.4,-2483549.5138641,2318293.14529019,-271149.967347144
213.45,-2483564.75922556,2318271.39258056,-271151.682076392
213.5,-2483579.99528582,2318249.6437731,-271153.395495465
213.55,-2483595.22210407,2318227.89878135,-271155.107605958
213.6,-2483610.43957134,2318206.15773126,-271156.818412828
213.65,-2483625.6476945,2318184.42070341,-271158.527888002
213.7,-2483640.84658729,2318162.68757149,-271160.236051448
213.75,-2483656.03617589,2318140.95835856,-271161.942900743
213.8,-2483671.21654218,2318119.23296875,-271163.648443315
213.85,-2483686.38762126,2318097.51151202,-271165.352673067
213.9,-2483701.54940578,2318075.79406638,-271167.055581427
213.95,-2483716.7019896,2318054.08048614,-271168.757173465
214,-2483731.8452771,2318032.37083819,-271170.457453533
214.05,-2483746.97943676,2318010.66494426,-271172.156426554
214.1,-2483762.10428849,2317988.96301354,-271173.854102281
214.15,-2483777.21991905,2317967.26505067,-271175.550442603
214.2,-2483792.32630238,2317945.5709956,-271177.245461734
214.25,-2483807.42353806,2317923.88072095,-271178.93917126
214.3,-2483822.51154651,2317902.19433311,-271180.631582954
214.35,-2483837.59030175,2317880.51182012,-271182.322680353
214.4,-2483852.65986911,2317858.83318847,-271184.012476736
214.45,-2483867.72014358,2317837.15853842,-271185.70094666
214.5,-2483882.77127131,2317815.48765885,-271187.38812595
214.55,-2483897.81319094,2317793.82066862,-271189.073984414
214.6,-2483912.84588026,2317772.1575026,-271190.758569116
214.65,-2483927.86929137,2317750.49829076,-271192.441824996
214.7,-2483942.88356669,2317728.84288616,-271194.123777328
214.75,-2483957.88856407,2317707.19139497,-271195.804437917
214.8,-2483972.88437267,2317685.54366194,-271197.483772603
214.85,-2483987.87086208,2317663.89983244,-271199.161823122
214.9,-2484002.84813359,2317642.25988726,-271200.838571056
214.95,-2484017.81619781,2317620.62379065,-271202.514014335
215,-2484032.77494864,2317598.99156612,-271204.188155816
215.05,-2484047.72446598,2317577.36312963,-271205.861011882
215.1,-2484062.66475575,2317555.73844306,-271207.532560109
215.15,-2484077.59576197,2317534.1176217,-271209.202817274
215.2,-2484092.51742704,2317512.50078166,-271210.871764119
215.25,-2484107.42986279,2317490.88772513,-271212.539420376
215.3,-2484122.33294473,2317469.27846683,-271214.205779508
215.35,-2484137.22676522,2317447.67298715,-271215.870839783
215.4,-2484152.1112754,2317426.07130632,-271217.534627148
215.45,-2484166.98650765,2317404.47346857,-271219.197114485
215.5,-2484181.85230268,2317382.87952486,-271220.858287878
215.55,-2484196.70883681,2317361.2893174,-271222.518181394
215.6,-2484211.55602834,2317339.70283215,-271224.176765059
215.65,-2484226.39383435,2317318.12021782,-271225.834077857
215.7,-2484241.22228383,2317296.54144407,-271227.49007605
215.75,-2484256.04134834,2317274.96645749,-271229.144789509
215.8,-2484270.85105729,2317253.39523621,-271230.798216607
215.85,-2484285.65134683,2317231.82778377,-271232.450360147
215.9,-2484300.44226893,2317210.26404788,-271234.101210638
215.95,-2484315.22375285,2317188.70419102,-271235.750747842
216,-2484329.99583321,2317167.14816486,-271237.398979824
216.05,-2484344.75847283,2317145.59592411,-271239.045940526
216.1,-2484359.51172137,2317124.04727396,-271240.691585717
216.15,-2484374.25543035,2317102.50253491,-271242.335945254
216.2,-2484388.98977545,2317080.96153786,-271243.979012826
216.25,-2484403.71461282,2317059.42441424,-271245.620767175
216.3,-2484418.43005983,2317037.89095824,-271247.26123856
216.35,-2484433.13598098,2317016.36132896,-271248.900407578
216.4,-2484447.83243294,2316994.83541454,-271250.538298169
216.45,-2484462.51942899,2316973.31325712,-271252.174856449
216.5,-2484477.19676026,2316951.79504535,-271253.810099883
216.55,-2484491.86479879,2316930.28035422,-271255.444035799
216.6,-2484506.52327034,2316908.76945118,-271257.076683149
216.65,-2484521.17220455,2316887.26228313,-271258.708010519
216.7,-2484535.8116648,2316865.75891303,-271260.338034604
216.75,-2484550.44166137,2316844.25924203,-271261.966747936
216.8,-2484565.06209276,2316822.76336988,-271263.594146828
216.85,-2484579.67307004,2316801.27112228,-271265.22022583
216.9,-2484594.2743928,2316779.78270842,-271266.845028729
216.95,-2484608.86628058,2316758.29793674,-271268.468548668
217,-2484623.44854789,2316736.81693147,-271270.090779522
217.05,-2484638.02129365,2316715.33966268,-271271.711698624
217.1,-2484652.5844997,2316693.86603341,-271273.331327778
217.15,-2484667.13809157,2316672.39611414,-271274.949671685
217.2,-2484681.68226335,2316650.92981177,-271276.566756052
217.25,-2484696.21686978,2316629.46722828,-271278.182527779
217.3,-2484710.74201765,2316608.00826685,-271279.796991998
217.35,-2484725.25756318,2316586.55301705,-271281.410139691
217.4,-2484739.76362987,2316565.10132137,-271283.021951155
217.45,-2484754.26023918,2316543.65328899,-271284.632508915
217.5,-2484768.74728852,2316522.20901931,-271286.241735053
217.55,-2484783.22479037,2316500.76845447,-271287.849651285
217.6,-2484797.69284664,2316479.33141058,-271289.456246085
217.65,-2484812.15130362,2316457.89808809,-271291.061532439
217.7,-2484826.60037304,2316436.46825731,-271292.665549206
217.75,-2484841.03987071,2316415.04229839,-271294.268262752
217.8,-2484855.46988804,2316393.6199724,-271295.86964185
217.85,-2484869.8903111,2316372.20136321,-271297.46973218
217.9,-2484884.30130478,2316350.78628474,-271299.068524897
217.95,-2484898.70284293,2316329.37484344,-271300.666084166
218,-2484913.09479132,2316307.96708989,-271302.262338849
218.05,-2484927.4772415,2316286.56308143,-271303.857333793
218.1,-2484941.85031973,2316265.16261922,-271305.451020919
218.15,-2484956.21389408,2316243.76576585,-271307.043436885
218.2,-2484970.56805385,2316222.37253757,-271308.634566042
218.25,-2484984.91282063,2316200.982848,-271310.224421732
218.3,-2484999.24805886,2316179.5969241,-271311.812934771
218.35,-2485013.57395025,2316158.21453299,-271313.400191272
218.4,-2485027.89040749,2316136.83579508,-271314.986152765
218.45,-2485042.19747653,2316115.46053878,-271316.570823875
218.5,-2485056.49514513,2316094.08899401,-271318.154259644
218.55,-2485070.78347411,2316072.72106289,-271319.736381846
218.6,-2485085.06245694,2316051.35670575,-271321.317229603
218.65,-2485099.33212259,2316029.99588348,-271322.896794936
218.7,-2485113.59241483,2316008.63869827,-271324.475052679
218.75,-2485127.84337263,2315987.28511052,-271326.052063879
218.8,-2485142.08503208,2315965.93514395,-271327.627795609
218.85,-2485156.3173447,2315944.58881245,-271329.202225226
218.9,-2485170.54033546,2315923.24603932,-271330.775368415
218.95,-2485184.75411806,2315901.90683342,-271332.347260377
219,-2485198.95866175,2315880.57111502,-271333.917860971
219.05,-2485213.15387777,2315859.23918145,-271335.48715673
219.1,-2485227.3399505,2315837.91073182,-271337.055191664
219.15,-2485241.51671376,2315816.58596005,-271338.621940746
219.2,-2485255.68437342,2315795.26461403,-271340.187448531
219.25,-2485269.84279255,2315773.94692343,-271341.751680078
219.3,-2485283.99200423,2315752.63282657,-271343.314608498
219.35,-2485298.1320536,2315731.32239924,-271344.876260908
219.4,-2485312.26297865,2315710.01550078,-271346.436639863
219.45,-2485326.38483052,2315688.71210421,-271347.995750191
219.5,-2485340.49751979,2315667.4122174,-271349.553580393
219.55,-2485354.60113156,2315646.11600037,-271351.110129408
219.6,-2485368.69562833,2315624.8234726,-271352.665414279
219.65,-2485382.78109639,2315603.5343944,-271354.21937035
219.7,-2485396.85749436,2315582.24892087,-271355.772066962
219.75,-2485410.92486561,2315560.96692487,-271357.323512947
219.8,-2485424.98318519,2315539.68862683,-271358.873657756
219.85,-2485439.03252578,2315518.41391541,-271360.422530888
219.9,-2485453.07280993,2315497.1428323,-271361.970095182
219.95,-2485467.10423262,2315475.8751422,-271363.516406751
220,-2485481.12662371,2315454.61105726,-271365.061424439
220.05,-2485495.14010505,2315433.35053152,-271366.605170277
220.1,-2485509.14459149,2315412.09372161,-271368.147634205
220.15,-2485523.14020254,2315390.84038772,-271369.68881385
220.2,-2485537.12683536,2315369.59064582,-271371.228690319
220.25,-2485551.10461992,2315348.34439208,-271372.767313731
220.3,-2485565.07346974,2315327.10174759,-271374.304628669
220.35,-2485579.03341125,2315305.86279576,-271375.840678705
220.4,-2485592.98454043,2315284.62732672,-271377.375434312
220.45,-2485606.92681547,2315263.39531136,-271378.908917159
220.5,-2485620.86024495,2315242.16688123,-271380.441135852
220.55,-2485634.78484912,2315220.94200231,-271381.972064293
220.6,-2485648.70051719,2315199.72084494,-271383.501713459
220.65,-2485662.60739644,2315178.50318709,-271385.030077102
220.7,-2485676.50554847,2315157.28898232,-271386.55717802
220.75,-2485690.39480031,2315136.07838056,-271388.083000397
220.8,-2485704.27523492,2315114.87129328,-271389.607529306
220.85,-2485718.1469478,2315093.66780179,-271391.130822693
220.9,-2485732.00981199,2315072.46795942,-271392.652783957
220.95,-2485745.86385144,2315051.27158054,-271394.173484122
221,-2485759.70921009,2315030.07865093,-271395.692944038
221.05,-2485773.5456926,2315008.88934802,-271397.211126562
221.1,-2485787.37338919,2314987.70363615,-271398.728036746
221.15,-2485801.19231491,2314966.52147572,-271400.243667427
221.2,-2485815.00245539,2314945.34286146,-271401.758042367
221.25,-2485828.80385947,2314924.16767866,-271403.271154434
221.3,-2485842.59645641,2314902.99603469,-271404.783023794
221.35,-2485856.38027483,2314881.82800936,-271406.293603739
221.4,-2485870.15524812,2314860.66363367,-271407.802931433
221.45,-2485883.92156106,2314839.50263719,-271409.311020586
221.5,-2485897.67898585,2314818.34523441,-271410.817852779
221.55,-2485911.42775664,2314797.1912126,-271412.323445127
221.6,-2485925.16759595,2314776.04088323,-271413.827771749
221.65,-2485938.89867355,2314754.89412909,-271415.330881619
221.7,-2485952.62092295,2314733.75088595,-271416.832739467
221.75,-2485966.33450029,2314712.61094072,-271418.333360316
221.8,-2485980.03916303,2314691.47467397,-271419.832746306
221.85,-2485993.73503531,2314670.3418955,-271421.33090678
221.9,-2486007.42201944,2314649.21279954,-271422.827845266
221.95,-2486021.10019597,2314628.08714609,-271424.323532238
222,-2486034.76962046,2314606.96489404,-271425.818024966
222.05,-2486048.43020006,2314585.84610116,-271427.311298024
222.1,-2486062.08186101,2314564.73092077,-271428.80337796
222.15,-2486075.72468973,2314543.61931602,-271430.294220885
222.2,-2486089.35868674,2314522.51110076,-271431.783864435
222.25,-2486102.98380296,2314501.40640134,-271433.272312212
222.3,-2486116.60003005,2314480.30511352,-271434.759566454
222.35,-2486130.20734422,2314459.20736084,-271436.245629923
222.4,-2486143.80575942,2314438.11319319,-271437.730491254
222.45,-2486157.39532593,2314417.02238875,-271439.214179181
222.5,-2486170.97598633,2314395.93496615,-271440.696691328
222.55,-2486184.54770999,2314374.8510434,-271442.178010299
222.6,-2486198.11052935,2314353.77059455,-271443.658188326
222.65,-2486211.66436182,2314332.69368663,-271445.137184405
222.7,-2486225.20928472,2314311.62016999,-271446.614995814
222.75,-2486238.7452314,2314290.5501139,-271448.091660118
222.8,-2486252.27222033,2314269.48348502,-271449.56716242
222.85,-2486265.79034547,2314248.42019477,-271451.041520496
222.9,-2486279.29939003,2314227.36055476,-271452.51470762
222.95,-2486292.79952701,2314206.30423253,-271453.98675809
223,-2486306.2906051,2314185.25138035,-271455.457635523
223.05,-2486319.77268992,2314164.20186002,-271456.92736924
223.1,-2486333.24576734,2314143.15576872,-271458.395982166
223.15,-2486346.70985639,2314122.11309909,-271459.863424611
223.2,-2486360.16490408,2314101.07394037,-271461.32976454
223.25,-2486373.61091304,2314080.03818171,-271462.79496363
223.3,-2486387.04788009,2314059.00579012,-271464.259038479
223.35,-2486400.47587276,2314037.97667468,-271465.72200422
223.4,-2486413.89474875,2314016.95115614,-271467.183831737
223.45,-2486427.30465896,2313995.92892482,-271468.644537964
223.5,-2486440.7054655,2313974.91018462,-271470.104130773
223.55,-2486454.09731293,2313953.89471191,-271471.562637543
223.6,-2486467.48010444,2313932.88255777,-271473.020024806
223.65,-2486480.85379003,2313911.87389209,-271474.47628492
223.7,-2486494.21844423,2313890.86858941,-271475.931405089
223.75,-2486507.57401006,2313869.86665348,-271477.385434341
223.8,-2486520.92059097,2313848.86793914,-271478.838352577
223.85,-2486534.25808885,2313827.8725594,-271480.290130779
223.9,-2486547.58649684,2313806.88062975,-271481.740867545
223.95,-2486560.9058401,2313785.89214909,-271483.190496745
224,-2486574.21615687,2313764.90696172,-271484.6390201
224.05,-2486587.51744306,2313743.9250337,-271486.086419334
224.1,-2486600.80963919,2313722.94642967,-271487.532736871
224.15,-2486614.092747,2313701.97122421,-271488.977939886
224.2,-2486627.36678489,2313680.99944077,-271490.422015037
224.25,-2486640.63188836,2313660.03092059,-271491.865025332
224.3,-2486653.8879495,2313639.06567244,-271493.306920791
224.35,-2486667.13499313,2313618.10369234,-271494.747755529
224.4,-2486680.37291078,2313597.14519153,-271496.18747995
224.45,-2486693.60182504,2313576.19001585,-271497.626073631
224.5,-2486706.82172699,2313555.23811856,-271499.063547704
224.55,-2486720.0327024,2313534.28945691,-271500.499955457
224.6,-2486733.23465376,2313513.34411136,-271501.935249107
224.65,-2486746.42756855,2313492.4021022,-271503.369478973
224.7,-2486759.61151326,2313471.46342041,-271504.802587554
224.75,-2486772.78648411,2313450.52805233,-271506.234537921
224.8,-2486785.95244567,2313429.59597815,-271507.665385143
224.85,-2486799.10955045,2313408.66703173,-271509.095135725
224.9,-2486812.25764125,2313387.74150425,-271510.523791764
224.95,-2486825.39687138,2313366.81923052,-271511.951352321
225,-2486838.52714526,2313345.90035318,-271513.377800719
225.05,-2486851.64851306,2313324.98471561,-271514.803137856
225.1,-2486864.76100487,2313304.07229257,-271516.22734293
225.15,-2486877.86455948,2313283.16319109,-271517.650445854
225.2,-2486890.95931715,2313262.25727036,-271519.072447968
225.25,-2486904.04514286,2313241.35476387,-271520.493303089
225.3,-2486917.12220106,2313220.45540935,-271521.913039933
225.35,-2486930.19033556,2313199.55940199,-271523.331655126
225.4,-2486943.24974704,2313178.66652039,-271524.749158223
225.45,-2486956.30025989,2313157.77704016,-271526.165564655
225.5,-2486969.34200849,2313136.89083546,-271527.580803088
225.55,-2486982.37498137,2313116.00790021,-271528.994912922
225.6,-2486995.39916358,2313095.12818226,-271530.407897986
225.65,-2487008.4146142,2313074.25163159,-271531.819730784
225.7,-2487021.42134556,2313053.37834813,-271533.230436683
225.75,-2487034.41929707,2313032.50843365,-271534.640024326
225.8,-2487047.40853085,2313011.64178612,-271536.048463286
225.85,-2487060.38917018,2312990.77825721,-271537.455785066
225.9,-2487073.36114821,2312969.91792664,-271538.861970901
225.95,-2487086.32434952,2312949.06093338,-271540.267002756
226,-2487099.27892578,2312928.20721472,-271541.670890715
226.05,-2487112.22484439,2312907.35679357,-271543.073648574
226.1,-2487125.16218549,2312886.50954198,-271544.475268641
226.15,-2487138.09089152,2312865.66548609,-271545.875728258
226.2,-2487151.0109717,2312844.82473693,-271547.275059385
226.25,-2487163.92254252,2312823.98716827,-271548.673253924
226.3,-2487176.82548328,2312803.15298696,-271550.070270997
226.35,-2487189.71989812,2312782.32190975,-271551.466141672
226.4,-2487202.60575163,2312761.49408925,-271552.860883721
226.45,-2487215.4830496,2312740.66947991,-271554.254449454
226.5,-2487228.35181964,2312719.8481415,-271555.646876377
226.55,-2487241.21213978,2312699.03006394,-271557.038160076
226.6,-2487254.06390246,2312678.21524058,-271558.428277245
226.65,-2487266.90716301,2312657.4036142,-271559.817246033
226.7,-2487279.74203801,2312636.59507995,-271561.205086034
226.75,-2487292.56835977,2312615.78989372,-271562.591754998
226.8,-2487305.38628252,2312594.98796532,-271563.977262566
226.85,-2487318.19572434,2312574.18923636,-271565.361601835
226.9,-2487330.99673292,2312553.39370921,-271566.744820424
226.95,-2487343.7892789,2312532.601332,-271568.126870003
227,-2487356.57347927,2312511.81210221,-271569.507819222
227.05,-2487369.34924814,2312491.02618674,-271570.887586068
227.1,-2487382.11659234,2312470.24347918,-271572.266215771
227.15,-2487394.87553524,2312449.46394816,-271573.643692305
227.2,-2487407.62609331,2312428.68753429,-271575.020029896
227.25,-2487420.36828018,2312407.91430812,-271576.395238541
227.3,-2487433.10212862,2312387.14425544,-271577.769305764
227.35,-2487445.8274975,2312366.37752858,-271579.142239592
227.4,-2487458.54456959,2312345.61382479,-271580.51402714
227.45,-2487471.25323159,2312324.85335336,-271581.884684997
227.5,-2487483.95357672,2312304.09596265,-271583.254224489
227.55,-2487496.64551427,2312283.34190808,-271584.622648189
227.6,-2487509.32906232,2312262.59100546,-271585.9899337
227.65,-2487522.00426562,2312241.84328831,-271587.35610644
227.7,-2487534.67115032,2312221.09862005,-271588.721158238
227.75,-2487547.32966088,2312200.35708867,-271590.085107239
227.8,-2487559.97979213,2312179.6187914,-271591.447912127
227.85,-2487572.62157103,2312158.88372654,-271592.809599908
227.9,-2487585.25493304,2312138.15181916,-271594.170189063
227.95,-2487597.88003502,2312117.42288786,-271595.529690063
228,-2487610.49670509,2312096.69721734,-271596.888072767
228.05,-2487623.10500324,2312075.97473194,-271598.245361309
228.1,-2487635.70490592,2312055.25543892,-271599.601569024
228.15,-2487648.29648952,2312034.53921104,-271600.956671773
228.2,-2487660.87969053,2312013.82608352,-271602.310675064
228.25,-2487673.45448753,2311993.11604186,-271603.663609905
228.3,-2487686.02090628,2311972.40921113,-271605.015479106
228.35,-2487698.578918,2311951.7055355,-271606.36626938
228.4,-2487711.12848833,2311931.00505777,-271607.715984242
228.45,-2487723.6697536,2311910.30758015,-271609.064618111
228.5,-2487736.20253816,2311889.61321351,-271610.412189212
228.55,-2487748.72695953,2311868.92196973,-271611.758697356
228.6,-2487761.24295753,2311848.2339452,-271613.104151264
228.65,-2487773.75047976,2311827.54903547,-271614.448533028
228.7,-2487786.24956978,2311806.86718426,-271615.791858652
228.75,-2487798.74023506,2311786.18843893,-271617.134150737
228.8,-2487811.22248337,2311765.51277039,-271618.475417997
228.85,-2487823.69621621,2311744.84033305,-271619.815612564
228.9,-2487836.16150372,2311724.1709977,-271621.154767279
228.95,-2487848.61833538,2311703.5047477,-271622.492884681
229,-2487861.06671731,2311682.84156362,-271623.829983295
229.05,-2487873.50661148,2311662.1814474,-271625.16606006
229.1,-2487885.93794336,2311641.52454736,-271626.501065679
229.15,-2487898.36078816,2311620.87076944,-271627.835060246
229.2,-2487910.77515885,2311600.22002641,-271629.168041783
229.25,-2487923.18100051,2311579.57235095,-271630.500004431
229.3,-2487935.57829998,2311558.92781783,-271631.830972487
229.35,-2487947.96709314,2311538.28639485,-271633.160933716
229.4,-2487960.34730885,2311517.64813372,-271634.489883532
229.45,-2487972.71903906,2311497.01285232,-271635.817814755
229.5,-2487985.08221446,2311476.38062136,-271637.144740683
229.55,-2487997.43680542,2311455.75146797,-271638.470676598
229.6,-2488009.78284609,2311435.12543248,-271639.795607018
229.65,-2488022.1202557,2311414.50257745,-271641.119542508
229.7,-2488034.44908654,2311393.88277168,-271642.44248368
229.75,-2488046.76941596,2311373.26589066,-271643.764418887
229.8,-2488059.08105784,2311352.65220343,-271645.085363
229.85,-2488071.38415492,2311332.04154944,-271646.405328066
229.9,-2488083.67855919,2311311.43416658,-271647.72427721
229.95,-2488095.96445114,2311290.82968726,-271649.042222803
230,-2488108.24166462,2311270.22834461,-271650.359185365
230.05,-2488120.51026055,2311249.63000364,-271651.675176786
230.1,-2488132.77021957,2311229.03478727,-271652.99019233
230.15,-2488145.02155757,2311208.4427258,-271654.304240194
230.2,-2488157.26432789,2311187.85360336,-271655.617286242
230.25,-2488169.49840733,2311167.26758323,-271656.929337762
230.3,-2488181.72392779,2311146.68448012,-271658.240405713
230.35,-2488193.94071129,2311126.10462459,-271659.550490205
230.4,-2488206.14891873,2311105.52783966,-271660.859586786
230.45,-2488218.34849342,2311084.95413045,-271662.167709181
230.5,-2488230.53943274,2311064.38341135,-271663.474829643
230.55,-2488242.72168107,2311043.81574777,-271664.78097897
230.6,-2488254.89535477,2311023.25107533,-271666.086148831
230.65,-2488267.06032123,2311002.68970232,-271667.390338877
230.7,-2488279.21668384,2310982.13131314,-271668.693540249
230.75,-2488291.36447268,2310961.57584962,-271669.995734887
230.8,-2488303.50351974,2310941.02352415,-271671.296923544
230.85,-2488315.63406061,2310920.47418225,-271672.597164413
230.9,-2488327.75587989,2310899.92811111,-271673.896391824
230.95,-2488339.86909827,2310879.3850722,-271675.194606933
231,-2488351.97368286,2310858.84505438,-271676.491841699
231.05,-2488364.06975202,2310838.30792358,-271677.788110758
231.1,-2488376.15716781,2310817.77394382,-271679.083385637
231.15,-2488388.23595169,2310797.24313684,-271680.377628514
231.2,-2488400.30612943,2310776.71537809,-271681.670865856
231.25,-2488412.36781872,2310756.19049685,-271682.963150003
231.3,-2488424.42086762,2310735.66873069,-271684.254414697
231.35,-2488436.46540833,2310715.1499003,-271685.544692136
231.4,-2488448.5012551,2310694.63433705,-271686.833917858
231.45,-2488460.52858327,2310674.12176025,-271688.122138831
231.5,-2488472.54739682,2310653.61220865,-271689.409392859
231.55,-2488484.55771013,2310633.10560552,-271690.695638059
231.6,-2488496.55947171,2310612.6020403,-271691.980861275
231.65,-2488508.55269555,2310592.10158096,-271693.265079663
231.7,-2488520.53739909,2310571.60422545,-271694.548268923
231.75,-2488532.5135884,2310551.10988741,-271695.830408606
231.8,-2488544.48135979,2310530.61848417,-271697.111573121
231.85,-2488556.44066096,2310510.13011556,-271698.391725038
231.9,-2488568.39144916,2310489.64493099,-271699.670827139
231.95,-2488580.33377592,2310469.1628314,-271700.948897108
232,-2488592.26772468,2310448.68365506,-271702.2259566
232.05,-2488604.19316162,2310428.20755368,-271703.501992379
232.1,-2488616.1102642,2310407.73435594,-271704.776988795
232.15,-2488628.01889082,2310387.26435314,-271706.050985948
232.2,-2488639.91913476,2310366.79743149,-271707.323913776
232.25,-2488651.81102856,2310346.33347766,-271708.595800574
232.3,-2488663.69455632,2310325.87247649,-271709.866674628
232.35,-2488675.56977625,2310305.41446314,-271711.13650557
232.4,-2488687.43658052,2310284.95957316,-271712.405302024
232.45,-2488699.2951209,2310264.50764369,-271713.673055222
232.5,-2488711.14533046,2310244.05879097,-271714.939763876
232.55,-2488722.98726218,2310223.61290185,-271716.205437214
232.6,-2488734.82090732,2310203.16997417,-271717.470095876
232.65,-2488746.6463171,2310182.73001689,-271718.733724234
232.7,-2488758.46339785,2310162.29319904,-271719.996284655
232.75,-2488770.27226999,2310141.85932827,-271721.257785517
232.8,-2488782.07287925,2310121.42847665,-271722.518242695
232.85,-2488793.86529776,2310101.00055399,-271723.777670523
232.9,-2488805.64950979,2310080.57560014,-271725.036082534
232.95,-2488817.42552635,2310060.15373932,-271726.293447384
233,-2488829.19331189,2310039.73491536,-271727.549737054
233.05,-2488840.95298352,2310019.31897594,-271728.804984233
233.1,-2488852.70442815,2309998.90604218,-271730.059229628
233.15,-2488864.44783104,2309978.49597867,-271731.312437751
233.2,-2488876.18304542,2309958.0890229,-271732.564631054
233.25,-2488887.91010776,2309937.68505822,-271733.815728618
233.3,-2488899.62906546,2309917.28401555,-271735.065809345
233.35,-2488911.3399835,2309896.88585736,-271736.314873376
233.4,-2488923.04270665,2309876.49071168,-271737.562866243
233.45,-2488934.7373548,2309856.09859107,-271738.809830098
233.5,-2488946.42398866,2309835.70940838,-271740.055793417
233.55,-2488958.1024991,2309815.32324326,-271741.300700667
233.6,-2488969.77300233,2309794.93986671,-271742.544585184
233.65,-2488981.43538303,2309774.55957402,-271743.787463484
233.7,-2488993.08979523,2309754.18218992,-271745.029287186
233.75,-2489004.73610193,2309733.80789389,-271746.270076977
233.8,-2489016.37438881,2309713.43653903,-271747.509864898
233.85,-2489028.00468371,2309693.06800106,-271748.74863516
233.9,-2489039.62690478,2309672.70247626,-271749.986385524
233.95,-2489051.24113499,2309652.33989591,-271751.223133786
234,-2489062.84728686,2309631.98042169,-271752.458839993
234.05,-2489074.44554272,2309611.6237564,-271753.693554276
234.1,-2489086.03572603,2309591.27010092,-271754.927249138
234.15,-2489097.61794713,2309570.91924661,-271756.159942736
234.2,-2489109.1921302,2309550.5714267,-271757.391662597
234.25,-2489120.75830554,2309530.22661193,-271758.622318842
234.3,-2489132.31653308,2309509.88467542,-271759.852013775
234.35,-2489143.86675481,2309489.54566563,-271761.080681083
234.4,-2489155.40893791,2309469.20959861,-271762.308355175
234.45,-2489166.94319841,2309448.87641728,-271763.535072744
234.5,-2489178.46944519,2309428.54624071,-271764.760784005
234.55,-2489189.987728,2309408.21894351,-271765.985511438
234.6,-2489201.49798502,2309387.8946521,-271767.209233105
234.65,-2489213.000226,2309367.57325055,-271768.431998289
234.7,-2489224.49450828,2309347.25475898,-271769.653782806
234.75,-2489235.98081469,2309326.93927003,-271770.874559869
234.8,-2489247.4590784,2309306.62676235,-271772.094359719
234.85,-2489258.92939305,2309286.31709213,-271773.313211923
234.9,-2489270.3916493,2309266.01035075,-271774.531089277
234.95,-2489281.84591386,2309245.70648832,-271775.748021942
235,-2489293.29219086,2309225.40566813,-271776.963989558
235.05,-2489304.73039107,2309205.10783636,-271778.178959361
235.1,-2489316.16062399,2309184.81279299,-271779.393005504
235.15,-2489327.58280652,2309164.52073365,-271780.606089312
235.2,-2489338.99706626,2309144.23141719,-271781.81826407
235.25,-2489350.40316579,2309123.94522544,-271783.029457331
235.3,-2489361.8012569,2309103.66195988,-271784.239693659
235.35,-2489373.19129711,2309083.38159366,-271785.448999419
235.4,-2489384.57334773,2309063.10408273,-271786.657376507
235.45,-2489395.94729444,2309042.82949817,-271787.864810558
235.5,-2489407.31321257,2309022.55780167,-271789.071318003
235.55,-2489418.67099884,2309002.28913411,-271790.276878364
235.6,-2489430.02074149,2308982.0233679,-271791.481504076
235.65,-2489441.3624207,2308961.76044366,-271792.685207092
235.7,-2489452.69603012,2308941.50039206,-271793.887993677
235.75,-2489464.02152498,2308921.24329482,-271795.089835243
235.8,-2489475.33884227,2308900.98921607,-271796.290746059
235.85,-2489486.64814991,2308880.73791799,-271797.490730853
235.9,-2489497.94926652,2308860.48957342,-271798.689792644
235.95,-2489509.24236169,2308840.2439894,-271799.887952892
236,-2489520.52725394,2308820.00141749,-271801.085222725
236.05,-2489531.80403834,2308799.76174748,-271802.281555697
236.1,-2489543.07266776,2308779.52497662,-271803.476983243
236.15,-2489554.33316246,2308759.29109423,-271804.671469872
236.2,-2489565.58551048,2308739.06001445,-271805.865082028
236.25,-2489576.82967879,2308718.83188854,-271807.057747155
236.3,-2489588.06569893,2308698.60666981,-271808.249534008
236.35,-2489599.29358884,2308678.38430766,-271809.440424307
236.4,-2489610.51322982,2308658.16489956,-271810.630374184
236.45,-2489621.72472052,2308637.94827495,-271811.819443279
236.5,-2489632.92809263,2308617.73444337,-271813.007641897
236.55,-2489644.1232163,2308597.52366356,-271814.194896725
236.6,-2489655.31019785,2308577.3156622,-271815.381238915
236.65,-2489666.48889336,2308557.11058991,-271816.566690691
236.7,-2489677.65942643,2308536.9082559,-271817.751233727
236.75,-2489688.8217572,2308516.70877914,-271818.934888283
236.8,-2489699.97591795,2308496.51218808,-271820.117652255
236.85,-2489711.12181192,2308476.31853014,-271821.299506494
236.9,-2489722.25949971,2308456.12768198,-271822.480447822
236.95,-2489733.38891475,2308435.93969088,-271823.660487882
237,-2489744.51018757,2308415.75449206,-271824.839655325
237.05,-2489755.62321346,2308395.57216385,-271826.017931575
237.1,-2489766.72798294,2308375.39274804,-271827.19527983
237.15,-2489777.82454465,2308355.21618118,-271828.37172108
237.2,-2489788.91289668,2308335.04237895,-271829.547283968
237.25,-2489799.99304868,2308314.87131452,-271830.721927227
237.3,-2489811.06493008,2308294.70318614,-271831.895684665
237.35,-2489822.12864835,2308274.53784208,-271833.068533696
237.4,-2489833.18406028,2308254.37537879,-271834.240471837
237.45,-2489844.23132884,2308234.21558183,-271835.41151426
237.5,-2489855.27034741,2308214.05866015,-271836.581669334
237.55,-2489866.30111789,2308193.90457989,-271837.75092294
237.6,-2489877.32367665,2308173.7533887,-271838.919270548
237.65,-2489888.33802097,2308153.60503763,-271840.086706446
237.7,-2489899.34420103,2308133.45937656,-271841.253242822
237.75,-2489910.34220338,2308113.31646657,-271842.418872135
237.8,-2489921.33195888,2308093.17649952,-271843.583592484
237.85,-2489932.31353232,2308073.03934202,-271844.747397486
237.9,-2489943.28690313,2308052.90500288,-271845.910330089
237.95,-2489954.25205587,2308032.77343088,-271847.072341877
238,-2489965.20908386,2308012.64452325,-271848.233475549
238.05,-2489976.15793659,2307992.51846164,-271849.393713621
238.1,-2489987.09857739,2307972.39528678,-271850.553001684
238.15,-2489998.03107244,2307952.27487029,-271851.711393386
238.2,-2490008.95544643,2307932.15717264,-271852.868892043
238.25,-2490019.87162034,2307912.0422785,-271854.025494284
238.3,-2490030.77972641,2307891.93010986,-271855.18119393
238.35,-2490041.67964639,2307871.82090064,-271856.335976233
238.4,-2490052.57146372,2307851.71441766,-271857.489864017
238.45,-2490063.45511467,2307831.610777,-271858.642846424
238.5,-2490074.3307154,2307811.50984732,-271859.794927748
238.55,-2490085.19820038,2307791.41169787,-271860.946114216
238.6,-2490096.05760094,2307771.31637303,-271862.09639305
238.65,-2490106.90890318,2307751.22395452,-271863.245764978
238.7,-2490117.75213773,2307731.13430881,-271864.394247479
238.75,-2490128.58740694,2307711.04727779,-271865.541820302
238.8,-2490139.41452321,2307690.9631587,-271866.688502311
238.85,-2490150.23364975,2307670.88181686,-271867.834266069
238.9,-2490161.04473659,2307650.80337011,-271868.979168401
238.95,-2490171.84779955,2307630.72767441,-271870.12317011
239,-2490182.6428377,2307610.6547263,-271871.266265448
239.05,-2490193.42995346,2307590.58439412,-271872.408471323
239.1,-2490204.20899068,2307570.51701375,-271873.549784262
239.15,-2490214.98014638,2307550.45238099,-271874.69022347
239.2,-2490225.74335293,2307530.3905288,-271875.829782655
239.25,-2490236.49860024,2307510.33140792,-271876.968453059
239.3,-2490247.24593094,2307490.27497499,-271878.10624836
239.35,-2490257.98532013,2307470.22138698,-271879.243151106
239.4,-2490268.71683061,2307450.17055103,-271880.379164121
239.45,-2490279.44038616,2307430.12252831,-271881.514287111
239.5,-2490290.15612047,2307410.07711861,-271882.648544321
239.55,-2490300.86394668,2307390.03448677,-271883.781936179
239.6,-2490311.56391565,2307369.99461066,-271884.914449081
239.65,-2490322.25600817,2307349.95759013,-271886.046085356
239.7,-2490332.94035409,2307329.92315949,-271887.176865291
239.75,-2490343.61681629,2307309.89148304,-271888.306778885
239.8,-2490354.28553241,2307289.86244797,-271889.435832401
239.85,-2490364.94638934,2307269.83628837,-271890.564016336
239.9,-2490375.59949423,2307249.81288664,-271891.691337749
239.95,-2490386.2448258,2307229.79218606,-271892.817817124
240,-2490396.88237315,2307209.77418703,-271893.94342406
240.05,-2490407.51200472,2307189.75893609,-271895.068264834
240.1,-2490418.13347031,2307169.74641228,-271896.192444851
240.15,-2490428.74713154,2307149.73678603,-271897.315787102
240.2,-2490439.35312806,2307129.72995517,-271898.438277881
240.25,-2490449.951094,2307109.72540808,-271899.559874879
240.3,-2490460.54118884,2307089.72357398,-271900.680436977
240.35,-2490471.12342941,2307069.72437682,-271901.800067091
240.4,-2490481.69769419,2307049.72762082,-271902.91878451
240.45,-2490492.26410938,2307029.73368536,-271904.03645967
240.5,-2490502.82257226,2307009.74207052,-271905.153339273
240.55,-2490513.37323994,2306989.7529827,-271906.269213362
240.6,-2490523.91595113,2306969.76660311,-271907.384116734
240.65,-2490534.45076698,2306949.78254781,-271908.49819443
240.7,-2490544.97768631,2306929.8014119,-271909.611198895
240.75,-2490555.49674723,2306909.82237855,-271910.723440361
240.8,-2490566.00786651,2306889.84611857,-271911.834729437
240.85,-2490576.51101429,2306869.87238257,-271912.945012579
240.9,-2490587.00618971,2306849.90098154,-271914.054496594
240.95,-2490597.49346858,2306829.93246129,-271915.162978114
241,-2490607.97267858,2306809.96618335,-271916.270657329
241.05,-2490618.44399009,2306790.00254611,-271917.377393989
241.1,-2490628.90740173,2306770.04119566,-271918.483185281
241.15,-2490639.36300825,2306750.08170175,-271919.588137256
241.2,-2490649.81102805,2306730.12484873,-271920.692362684
241.25,-2490660.25111451,2306710.169808,-271921.795713317
241.3,-2490670.68350878,2306690.21669799,-271922.898285153
241.35,-2490681.10806687,2306670.2657736,-271923.999979667
241.4,-2490691.52457069,2306650.31669037,-271925.101012534
241.45,-2490701.9329582,2306630.37018025,-271926.201127282
241.5,-2490712.33329917,2306610.42573968,-271927.300507223
241.55,-2490722.72543438,2306590.48378105,-271928.399063881
241.6,-2490733.10966729,2306570.54403022,-271929.496795625
241.65,-2490743.48597688,2306550.60611512,-271930.593655267
241.7,-2490753.8543523,2306530.67049458,-271931.689709877
241.75,-2490764.21464579,2306510.73655092,-271932.784811969
241.8,-2490774.56714021,2306490.8047617,-271933.879124154
241.85,-2490784.9115356,2306470.87534907,-271934.9725908
241.9,-2490795.24762518,2306450.94806795,-271936.065139449
241.95,-2490805.57549597,2306431.02345673,-271937.156829788
242,-2490815.89503296,2306411.10094216,-271938.247740314
242.05,-2490826.20605192,2306391.18106926,-271939.337577564
242.1,-2490836.50848532,2306371.26326418,-271940.426323169
242.15,-2490846.80290296,2306351.34711766,-271941.51429503
242.2,-2490857.08907337,2306331.43354191,-271942.601342309
242.25,-2490867.36697119,2306311.52184253,-271943.687497439
242.3,-2490877.63639465,2306291.61287286,-271944.772687681
242.35,-2490887.89730308,2306271.70628043,-271945.856812006
242.4,-2490898.14969373,2306251.8020716,-271946.940094367
242.45,-2490908.3936054,2306231.90043816,-271948.022418162
242.5,-2490918.62910146,2306212.00047435,-271949.103752153
242.55,-2490928.85626214,2306192.10297949,-271950.184066325
242.6,-2490939.07506415,2306172.20768116,-271951.263350976
242.65,-2490949.2857011,2306152.31412647,-271952.341752084
242.7,-2490959.48773099,2306132.4228762,-271953.418857134
242.75,-2490969.68120246,2306112.53351309,-271954.49504153
242.8,-2490979.86600332,2306092.64668681,-271955.570080397
242.85,-2490990.0421399,2306072.76209967,-271956.643980474
242.9,-2491000.20979502,2306052.87958971,-271957.71692829
242.95,-2491010.3686241,2306032.99982701,-271958.788589064
243,-2491020.51910962,2306013.12176086,-271959.8592164
243.05,-2491030.66076929,2305993.24603757,-271960.928526422
243.1,-2491040.79367865,2305973.37268181,-271961.996562989
243.15,-2491050.91790328,2305953.50133869,-271963.063303116
243.2,-2491061.03325264,2305933.63254885,-271964.128707487
243.25,-2491071.13963951,2305913.76596495,-271965.192771182
243.3,-2491081.23741066,2305893.90149131,-271966.25546621
243.35,-2491091.32615737,2305874.03927661,-271967.316757702
243.4,-2491101.40616679,2305854.1790892,-271968.376674965
243.45,-2491111.47718003,2305834.32110883,-271969.434929095
243.5,-2491121.53918671,2305814.46498349,-271970.491815938
243.55,-2491131.5922329,2305794.61136153,-271971.547229373
243.6,-2491141.63618668,2305774.76002493,-271972.601153668
243.65,-2491151.67118898,2305754.91082127,-271973.65374426
243.7,-2491161.69687112,2305735.06413573,-271974.704735376
243.75,-2491171.71350172,2305715.21958146,-271975.754351407
243.8,-2491181.72100747,2305695.37739282,-271976.802446974
243.85,-2491191.71942618,2305675.53737867,-271977.8489789
243.9,-2491201.70874063,2305655.69964005,-271978.894047218
243.95,-2491211.68878465,2305635.8642266,-271979.937385255
244,-2491221.65963705,2305616.03086891,-271980.979192895
244.05,-2491231.62119719,2305596.19974018,-271982.019475924
244.1,-2491241.57323064,2305576.37071166,-271983.058416964
244.15,-2491251.51613017,2305556.54387716,-271984.095859424
244.2,-2491261.44955499,2305536.71956041,-271985.131495509
244.25,-2491271.37355476,2305516.89749012,-271986.16551364
244.3,-2491281.28832047,2305497.07743659,-271987.197797748
244.35,-2491291.19342675,2305477.25971227,-271988.228234502
244.4,-2491301.08929089,2305457.44389478,-271989.256985213
244.45,-2491310.97551481,2305437.63033241,-271990.283795907
244.5,-2491320.85219843,2305417.81862329,-271991.308965421
244.55,-2491330.71914978,2305398.00960578,-271992.332323833
244.6,-2491340.57660987,2305378.20283025,-271993.35392929
244.65,-2491350.42442724,2305358.39855123,-271994.373813761
244.7,-2491360.26263979,2305338.59661484,-271995.391863154
244.75,-2491370.09125142,2305318.79701757,-271996.408219378
244.8,-2491379.91020442,2305298.99985623,-271997.422718582
244.85,-2491389.71942174,2305279.20486663,-271998.435470367
244.9,-2491399.5189279,2305259.41199466,-271999.446556649
244.95,-2491409.30874529,2305239.62149339,-272000.455797217
245,-2491419.08887311,2305219.83312561,-272001.463332419
245.05,-2491428.85924452,2305200.04719235,-272002.46904709
245.1,-2491438.61982402,2305180.26343539,-272003.472907659
245.15,-2491448.3707003,2305160.48186861,-272004.475148541
245.2,-2491458.11184744,2305140.70255812,-272005.47554458
245.25,-2491467.84321414,2305120.92581148,-272006.474200399
245.3,-2491477.56478553,2305101.15161634,-272007.47098458
245.35,-2491487.27672071,2305081.37989008,-272008.465977839
245.4,-2491496.97901555,2305061.61036419,-272009.459183383
245.45,-2491506.67153866,2305041.84318471,-272010.450583484
245.5,-2491516.35425133,2305022.0784746,-272011.44019465
245.55,-2491526.02715133,2305002.31628552,-272012.427935671
245.6,-2491535.69017243,2304982.55645374,-272013.413869683
245.65,-2491545.34339483,2304962.79891664,-272014.397983463
245.7,-2491554.98675477,2304943.0437627,-272015.38029035
245.75,-2491564.62026953,2304923.29092022,-272016.360801013
245.8,-2491574.24389352,2304903.54048103,-272017.339486126
245.85,-2491583.85762682,2304883.79242896,-272018.316340432
245.9,-2491593.46148158,2304864.04660005,-272019.291404122
245.95,-2491603.0554873,2304844.30300243,-272020.264659975
246,-2491612.63963938,2304824.56164399,-272021.23611999
246.05,-2491622.21368292,2304804.82274161,-272022.205884783
246.1,-2491631.77751056,2304785.08606506,-272023.174160642
246.15,-2491641.3313746,2304765.35173475,-272024.140631753
246.2,-2491650.87536362,2304745.61966519,-272025.105307327
246.25,-2491660.40931409,2304725.88999341,-272026.068220937
246.3,-2491669.93323736,2304706.16266361,-272027.029336585
246.35,-2491679.44706759,2304686.43785134,-272027.988614927
246.4,-2491688.95086774,2304666.71531942,-272028.946107913
246.45,-2491698.4446242,2304646.99514628,-272029.901804094
246.5,-2491707.92834436,2304627.27731224,-272030.855707755
246.55,-2491717.40201411,2304607.56181233,-272031.807838911
246.6,-2491726.86555071,2304587.84876719,-272032.758196866
246.65,-2491736.31903033,2304568.13805337,-272033.706744562
246.7,-2491745.76241402,2304548.42967287,-272034.653514071
246.75,-2491755.19576063,2304528.72350176,-272035.598540281
246.8,-2491764.6189394,2304509.01977711,-272036.541822748
246.85,-2491774.03202536,2304489.31837972,-272037.483316662
246.9,-2491783.43492795,2304469.61943875,-272038.42304377
246.95,-2491792.82779373,2304449.92267769,-272039.361056007
247,-2491802.21055622,2304430.22816017,-272040.297313495
247.05,-2491811.58322086,2304410.53590297,-272041.231849916
247.1,-2491820.94562697,2304390.84611091,-272042.164672216
247.15,-2491830.29787488,2304371.15862228,-272043.095753366
247.2,-2491839.64007806,2304351.47326404,-272044.025115349
247.25,-2491848.97212778,2304331.79016053,-272044.952764949
247.3,-2491858.29399505,2304312.1093264,-272045.878770173
247.35,-2491867.60568883,2304292.43078427,-272046.803022652
247.4,-2491876.9071462,2304272.75459771,-272047.725599628
247.45,-2491886.19844122,2304253.08060023,-272048.64650501
247.5,-2491895.47961567,2304233.40868092,-272049.56575011
247.55,-2491904.75059189,2304213.73901711,-272050.483319526
247.6,-2491914.01133317,2304194.07163324,-272051.399224915
247.65,-2491923.26182487,2304174.40655116,-272052.313499717
247.7,-2491932.50220149,2304154.74353682,-272053.226092634
247.75,-2491941.73227731,2304135.08277036,-272054.137068013
247.8,-2491950.95221773,2304115.42408102,-272055.04644451
247.85,-2491960.1618268,2304095.76771946,-272055.954214001
247.9,-2491969.36115627,2304076.11360688,-272056.86035999
247.95,-2491978.55031001,2304056.46155606,-272057.764898224
248,-2491987.72919317,2304036.81165767,-272058.667854986
248.05,-2491996.8978812,2304017.16400551,-272059.569344194
248.1,-2492006.05638755,2303997.51875465,-272060.469605477
248.15,-2492015.20469905,2303977.8756469,-272061.368333409
248.2,-2492024.34266076,2303958.23482396,-272062.26547134
248.25,-2492033.47032004,2303938.59619885,-272063.161099537
248.3,-2492042.58753738,2303918.96003393,-272064.055170841
248.35,-2492051.69441119,2303899.32620089,-272064.947740454
248.4,-2492060.79085952,2303879.69480919,-272065.838791141
248.45,-2492069.87686405,2303860.0658268,-272066.728348946
248.5,-2492078.9525161,2303840.43912991,-272067.61639229
248.55,-2492088.01776013,2303820.81478696,-272068.50296466
248.6,-2492097.0726107,2303801.19278381,-272069.388085638
248.65,-2492106.11703053,2303781.57324772,-272070.271765586
248.7,-2492115.15098923,2303761.95608709,-272071.153993461
248.75,-2492124.17459596,2303742.3411853,-272072.034822739
248.8,-2492133.18780746,2303722.72857663,-272072.914270145
248.85,-2492142.19067336,2303703.11796603,-272073.79227187
248.9,-2492151.18316005,2303683.50952683,-272074.668677693
248.95,-2492160.16530036,2303663.90320382,-272075.543786944
249,-2492169.13711442,2303644.29874083,-272076.41753619
249.05,-2492178.09860521,2303624.69649521,-272077.289839544
249.1,-2492187.04974896,2303605.09647119,-272078.16080025
249.15,-2492195.99041359,2303585.49898827,-272079.030476829
249.2,-2492204.92075097,2303565.90376065,-272079.898693281
249.25,-2492213.84077745,2303546.31077143,-272080.765642933
249.3,-2492222.75057524,2303526.71984356,-272081.631006777
249.35,-2492231.65013982,2303507.131123,-272082.494867803
249.4,-2492240.53945408,2303487.54455426,-272083.357323083
249.45,-2492249.41839439,2303467.96027064,-272084.218125251
249.5,-2492258.28708665,2303448.37820465,-272085.077813797
249.55,-2492267.14549262,2303428.79830245,-272085.935955599
249.6,-2492275.99363402,2303409.22059453,-272086.792549791
249.65,-2492284.83151663,2303389.64499631,-272087.647762638
249.7,-2492293.65901131,2303370.07176796,-272088.501356184
249.75,-2492302.47629929,2303350.50068749,-272089.353804651
249.8,-2492311.28321583,2303330.93186406,-272090.204755724
249.85,-2492320.07997607,2303311.36506119,-272091.054185616
249.9,-2492328.86640166,2303291.80059692,-272091.902254647
249.95,-2492337.64253368,2303272.23825155,-272092.748712001
250,-2492346.40847251,2303252.67809123,-272093.59407877
250.05,-2492355.16412195,2303233.12035815,-272094.438036573
250.1,-2492363.90988944,2303213.56484969,-272095.280822123
250.15,-2492372.64548106,2303194.01146262,-272096.122311477
250.2,-2492381.37069274,2303174.4604815,-272096.962106427
250.25,-2492390.08574434,2303154.91171312,-272097.800638888
250.3,-2492398.79035397,2303135.36562057,-272098.637748624
250.35,-2492407.48481353,2303115.82173001,-272099.473362205
250.4,-2492416.16895743,2303096.28029909,-272100.30763664
250.45,-2492424.84278962,2303076.74125572,-272101.140469762
250.5,-2492433.50638444,2303057.20453626,-272101.971923717
250.55,-2492442.15965137,2303037.67038155,-272102.802010291
250.6,-2492450.80271846,2303018.13849478,-272103.630533689
250.65,-2492459.43552716,2302998.6090281,-272104.457755864
250.7,-2492468.0580983,2302979.08186784,-272105.28350557
250.75,-2492476.67053851,2302959.55702188,-272106.107954852
250.8,-2492485.27275963,2302940.03473951,-272106.931033891
250.85,-2492493.86482473,2302920.51472759,-272107.752595619
250.9,-2492502.44669325,2302900.99711467,-272108.572830726
250.95,-2492511.01843612,2302881.4818494,-272109.39163669
251,-2492519.58012583,2302861.96874156,-272110.209043081
251.05,-2492528.13161547,2302842.45816762,-272111.02508565
251.1,-2492536.67292143,2302822.94996337,-272111.839536544
251.15,-2492545.20423463,2302803.44398513,-272112.65270606
251.2,-2492553.72540886,2302783.94040515,-272113.464362244
251.25,-2492562.23648561,2302764.43916835,-272114.274627742
251.3,-2492570.73748906,2302744.94035284,-272115.083601082
251.35,-2492579.2284656,2302725.44375255,-272115.891071085
251.4,-2492587.7095965,2302705.9496007,-272116.697499687
251.45,-2492596.1805527,2302686.45783926,-272117.502294024
251.5,-2492604.64163089,2302666.96835108,-272118.30596481
251.55,-2492613.09267444,2302647.48123467,-272119.108194429
251.6,-2492621.53374552,2302627.9965149,-272119.908932376
251.65,-2492629.96487135,2302608.51422933,-272120.708461028
251.7,-2492638.38597052,2302589.03442455,-272121.506552932
251.75,-2492646.79723703,2302569.55687765,-272122.303379212
251.8,-2492655.19861934,2302550.08183209,-272123.098862676
251.85,-2492663.59006681,2302530.60917662,-272123.89298489
251.9,-2492671.97155785,2302511.13905549,-272124.685874118
251.95,-2492680.34311847,2302491.67138051,-272125.477472944
252,-2492688.70493169,2302472.20593771,-272126.267820678
252.05,-2492697.05685311,2302452.74307312,-272127.05692369
252.1,-2492705.39892392,2302433.28253428,-272127.844655627
252.15,-2492713.7310629,2302413.82462625,-272128.631176415
252.2,-2492722.05330532,2302394.36916588,-272129.416423772
252.25,-2492730.36586373,2302374.91604991,-272130.200535789
252.3,-2492738.6685801,2302355.46552589,-272130.983454934
252.35,-2492746.96143951,2302336.01754074,-272131.765138015
252.4,-2492755.24439527,2302316.57218743,-272132.545575788
252.45,-2492763.51756787,2302297.12960556,-272133.325037452
252.5,-2492771.78102598,2302277.6893635,-272134.103312547
252.55,-2492780.0345866,2302258.25187599,-272134.880421918
252.6,-2492788.2784396,2302238.81682957,-272135.656443228
252.65,-2492796.51245502,2302219.3845064,-272136.431414633
252.7,-2492804.73677351,2302199.95478463,-272137.205301325
252.75,-2492812.951119,2302180.52785449,-272137.978109818
252.8,-2492821.15584685,2302161.10350387,-272138.750007102
252.85,-2492829.35087246,2302141.68170798,-272139.520758222
252.9,-2492837.53611921,2302122.26250191,-272140.290679398
252.95,-2492845.71166918,2302102.84597485,-272141.059613678
253,-2492853.87728488,2302083.43218874,-272141.827567084
253.05,-2492862.03327231,2302064.02089247,-272142.594647944
253.1,-2492870.1795819,2302044.61217033,-272143.36077239
253.15,-2492878.31612265,2302025.20600157,-272144.125952993
253.2,-2492886.44286663,2302005.80252782,-272144.890222912
253.25,-2492894.559775,2301986.40169155,-272145.653483048
253.3,-2492902.66692402,2301967.0036076,-272146.415940506
253.35,-2492910.76442962,2301947.60797166,-272147.177397984
253.4,-2492918.85209613,2301928.21491951,-272147.937964591
253.45,-2492926.9298986,2301908.82453168,-272148.697601156
253.5,-2492934.99794154,2301889.43670857,-272149.456377667
253.55,-2492943.05608128,2301870.05166514,-272150.214199737
253.6,-2492951.10441922,2301850.66920756,-272150.971131286
253.65,-2492959.14284087,2301831.28934666,-272151.727134834
253.7,-2492967.17148754,2301811.91208244,-272152.482277135
253.75,-2492975.19007439,2301792.53753277,-272153.236474064
253.8,-2492983.19885948,2301773.1656455,-272153.98986119
253.85,-2492991.19769662,2301753.79633156,-272154.74233115
253.9,-2492999.18668646,2301734.42975324,-272155.493968062
253.95,-2493007.16559758,2301715.06590747,-272156.244716385
254,-2493015.13472317,2301695.70480744,-272156.994617509
254.05,-2493023.093824,2301676.34644471,-272157.743792549
254.1,-2493031.0429423,2301656.99078908,-272158.491979701
254.15,-2493038.98211586,2301637.63803826,-272159.239447844
254.2,-2493046.9112279,2301618.28802731,-272159.986222277
254.25,-2493054.83041923,2301598.9406477,-272160.73229095
254.3,-2493062.73959999,2301579.59621646,-272161.477769287
254.35,-2493070.63872051,2301560.25460091,-272162.222714905
254.4,-2493078.52785661,2301540.91578245,-272162.96710197
254.45,-2493086.40675858,2301521.57985983,-272163.710788594
254.5,-2493094.27558002,2301502.24671481,-272164.453748895
254.55,-2493102.13428774,2301482.91645915,-272165.196112641
254.6,-2493109.98277311,2301463.58906636,-272165.937803567
254.65,-2493117.82118956,2301444.2644701,-272166.67884955
254.7,-2493125.64941699,2301424.94263155,-272167.41921312
254.75,-2493133.46756847,2301405.62339726,-272168.158793663
254.8,-2493141.27558784,2301386.30703296,-272168.897748794
254.85,-2493149.07339744,2301366.99342672,-272169.635935312
254.9,-2493156.86101333,2301347.68263328,-272170.373358672
254.95,-2493164.63849605,2301328.37446115,-272171.109959357
255,-2493172.40582484,2301309.06900725,-272171.845768611
255.05,-2493180.16291116,2301289.76642888,-272172.580782631
255.1,-2493187.90976666,2301270.46667064,-272173.315022107
255.15,-2493195.64646344,2301251.16968132,-272174.048476248
255.2,-2493203.37298056,2301231.8754014,-272174.781123396
255.25,-2493211.08932684,2301212.58385119,-272175.512951556
255.3,-2493218.79545052,2301193.29517135,-272176.243958449
255.35,-2493226.49136564,2301174.00933541,-272176.974119651
255.4,-2493234.17713632,2301154.72619243,-272177.70342616
255.45,-2493241.85264392,2301135.4459061,-272178.431890796
255.5,-2493249.51804597,2301116.16828652,-272179.159513991
255.55,-2493257.17322797,2301096.89354983,-272179.886265176
255.6,-2493264.81822341,2301077.62169555,-272180.612195654
255.65,-2493272.45295243,2301058.35270808,-272181.337226798
255.7,-2493280.07744789,2301039.08647024,-272182.061369153
255.75,-2493287.69171361,2301019.8231164,-272182.784663565
255.8,-2493295.29568555,2301000.5626661,-272183.507025211
255.85,-2493302.88937149,2300981.30514214,-272184.228445663
255.9,-2493310.47276845,2300962.05066292,-272184.948975544
255.95,-2493318.04594112,2300942.79893438,-272185.668543499
256,-2493325.60881099,2300923.55017512,-272186.387149499
256.05,-2493333.16144683,2300904.30434372,-272187.104804782
256.1,-2493340.70382414,2300885.06131627,-272187.821334017
256.15,-2493348.23599553,2300865.8209928,-272188.536745571
256.2,-2493355.757997,2300846.58359909,-272189.251220402
256.25,-2493363.27008811,2300827.34853447,-272189.964606585
256.3,-2493370.77198529,2300808.11632405,-272190.676912202
256.35,-2493378.26372274,2300788.88675422,-272191.387963149
256.4,-2493385.7452878,2300769.66012929,-272192.097968063
256.45,-2493393.21661256,2300750.43644989,-272192.806854033
256.5,-2493400.67775186,2300731.21571283,-272193.514676232
256.55,-2493408.12879452,2300711.99783267,-272194.221413666
256.6,-2493415.56966938,2300692.7829555,-272194.927009358
256.65,-2493423.00037922,2300673.5711466,-272195.631451167
256.7,-2493430.42092831,2300654.36228859,-272196.334740556
256.75,-2493437.83135086,2300635.15641399,-272197.03687291
256.8,-2493445.23181329,2300615.95326827,-272197.737876711
256.85,-2493452.6221124,2300596.75283298,-272198.437747394
256.9,-2493460.00239722,2300577.55491406,-272199.136357724
256.95,-2493467.37269526,2300558.35988938,-272199.833899825
257,-2493474.73305432,2300539.16706253,-272200.530272549
257.05,-2493482.083428,2300519.97703092,-272201.225441938
257.1,-2493489.42384323,2300500.78983097,-272201.919424007
257.15,-2493496.75430714,2300481.60558914,-272202.612179538
257.2,-2493504.07493077,2300462.42428233,-272203.30374168
257.25,-2493511.38568235,2300443.24585681,-272203.994130886
257.3,-2493518.68658118,2300424.07028927,-272204.683306926
257.35,-2493525.97759466,2300404.8977602,-272205.371320798
257.4,-2493533.25879539,2300385.72809321,-272206.058147207
257.45,-2493540.53015776,2300366.56138641,-272206.743755039
257.5,-2493547.7917672,2300347.39759294,-272207.42823923
257.55,-2493555.04359538,2300328.23661805,-272208.111542519
257.6,-2493562.28562681,2300309.07854154,-272208.793690145
257.65,-2493569.51801775,2300289.92328626,-272209.474690927
257.7,-2493576.74057695,2300270.77106767,-272210.154526971
257.75,-2493583.95342271,2300251.62175431,-272210.833222377
257.8,-2493591.15656073,2300232.47539913,-272211.510786514
257.85,-2493598.35003533,2300213.33185488,-272212.187213914
257.9,-2493605.53373181,2300194.19140575,-272212.86252547
257.95,-2493612.70785742,2300175.05383378,-272213.536778572
258,-2493619.87223626,2300155.91932593,-272214.209910662
258.05,-2493627.02702168,2300136.78770006,-272214.881989556
258.1,-2493634.17219308,2300117.65906515,-272215.553034855
258.15,-2493641.30764932,2300098.53346698,-272216.222985957
258.2,-2493648.43354598,2300079.41079383,-272216.891948448
258.25,-2493655.54979228,2300060.29124913,-272217.559930222
258.3,-2493662.65643782,2300041.17460137,-272218.226894302
258.35,-2493669.7534787,2300022.06092865,-272218.892980549
258.4,-2493676.84099161,2300002.950117,-272219.558075526
258.45,-2493683.91890254,2299983.84237491,-272220.222286835
258.5,-2493690.98723415,2299964.73756269,-272220.885621023
258.55,-2493698.04595518,2299945.63586097,-272221.548128186
258.6,-2493705.09518424,2299926.53717116,-272222.209725412
258.65,-2493712.13476915,2299907.44164216,-272222.870447142
258.7,-2493719.16483309,2299888.34906943,-272223.530312721
258.75,-2493726.18526834,2299869.25974562,-272224.1893404
258.8,-2493733.19618013,2299850.17345151,-272224.847560083
258.85,-2493740.19756887,2299831.0902023,-272225.504975051
258.9,-2493747.18935569,2299812.01006125,-272226.161563012
258.95,-2493754.17159614,2299792.93298205,-272226.817362875
259,-2493761.1442883,2299773.85904514,-272227.47240653
259.05,-2493768.10737166,2299754.78820231,-272228.126663667
259.1,-2493775.06096916,2299735.72038,-272228.780134312
259.15,-2493782.00493263,2299716.6556873,-272229.43285533
259.2,-2493788.93932665,2299697.59406718,-272230.084821111
259.25,-2493795.86417841,2299678.53551388,-272230.73602629
259.3,-2493802.78130312,2299659.47413596,-272231.386622423
259.35,-2493809.69958843,2299640.38371035,-272232.035295377
259.4,-2493816.60665057,2299621.30253717,-272232.683677707
259.45,-2493823.50405837,2299602.22442745,-272233.330487012
259.5,-2493830.39138798,2299583.14950294,-272233.976767093
259.55,-2493837.26819962,2299564.07929441,-272234.622978292
259.6,-2493844.13508012,2299545.01377093,-272235.268675322
259.65,-2493850.99200714,2299525.95286457,-272235.913452232
259.7,-2493857.83903427,2299506.89658247,-272236.557261861
259.75,-2493864.67609286,2299487.8446384,-272237.200143077
259.8,-2493871.50316287,2299468.79671684,-272237.84229779
259.85,-2493878.320156,2299449.75301366,-272238.483880135
259.9,-2493885.12701927,2299430.71362528,-272239.124682074
259.95,-2493891.92392521,2299411.6783584,-272239.764905554
260,-2493898.71072814,2299392.64732854,-272240.404394486